{"currentChainTvls": {"Berachain": 34494525.058309235, "Berachain-borrowed": 4077287.9136492526, "Arbitrum": 21143143.873859715, "Arbitrum-borrowed": 8728529.382018104, "Ethereum": 383519351.84763914, "Ethereum-borrowed": 290985659.9307465, "Botanix": 142160.81426389818, "Botanix-borrowed": 53514.808052231376, "Mantle": 67572.83061238952, "Mantle-borrowed": 12532.825310924578, "Polygon zkEVM": 7134.630963389269, "Polygon zkEVM-borrowed": 134.4725254795557, "X Layer": 922.6706865045943, "X Layer-borrowed": 179.70915740269163, "borrowed": 303857839.0414599}, "tokensInUsd": [{"tokens": {"WBTC": 6167497.90055304, "rUSD": 30118.813172416685, "DOLO": 496127.5838404578, "sWBERA": 304871.9102846297, "OHM": 19798.48344088328, "NECT": 16978.59461371026, "pumpBTC.bera": 1232.7918840818518, "sUSDe": 97162.69492593623, "sUSDa": 2.5650367756000048, "WETH": 56842076.916473374, "rsETH": 365.1709018566398, "SolvBTC": 34021.77469434782, "srUSD": 748236.6386661088, "USDC.e": 3875721.9114914592, "diBGT": 164204.48842905657, "USDe": 30054.974054003455, "pol-rUSD": 434.93348250532284, "eBTC": 388.1829359711704, "BYUSD": 82263.28203841452, "WBERA": 1162399.6579568123, "oriBGT": 437907.25753702107, "beraETH": 249520.06803233197, "USD\u20ae0": 614338.8006176347, "weETH": 38171729.25690742, "rswETH": 12142.842474967667, "SBTC": 11.494433640022791, "iBERA": 11926.731618830509, "IR": 108.97792491155258, "savUSD": 3282390.111558113, "ylstETH": 2.337739360987576, "HENLO": 55.400394587943005, "KDK": 2335.659809351997, "PT-iBGT-25DEC2025": 5.74123339162813, "uniBTC": 53609.889635105494, "SolvBTC.BBN": 114.81996974063138, "wgBERA": 1934.353536614149, "ylpumpBTC": 4.594793490004088, "ylBTCLST": 126.76393976105217, "STONE": 17894.804158573716, "LBTC": 32142.837287731254, "stBTC": 25862599.816499352, "HONEY": 260326.56396187266, "USDa": 2885.46376790037, "dPT-GLP-26SEP2024": 15113.595364562727, "PENDLE": 604924.2215670987, "JONES": 44.00771258680652, "dGLV [WETH-USDC]": 405848.1433000529, "dPT-ezETH-27JUN2024": 256.8116004228542, "dGM": 8436412.535161667, "dPT-wstETH-27JUN2024": 589.4523376669475, "dARB": 7394.775160417344, "ezETH": 39597.2992156984, "dPT-weETH-26DEC2024": 153.0748721936179, "RDNT": 940.4951631120069, "dfsGLP": 7.900252655449166, "GRAIL": 17469.133788757637, "dPT-weETH-26SEP2024": 81.19852415077315, "XAI": 1355.1372362048442, "PREMIA": 2754.8211465055615, "MAGIC": 2912.1335345562497, "wstETH": 208543.45926422294, "dplvGLP": 136.33500999652261, "USDS": 3712.4787521544463, "tBTC": 502.44306112350944, "dPT-weETH-27JUN2024": 665.2848517880947, "dGMX": 679203.6726323538, "dGLV [WBTC-USDC]": 555204.1302338346, "ARB": 278429.07508920244, "dPT-ezETH-26SEP2024": 3761.2320491259816, "dPT-weETH-25APR2024": 50.64822752788374, "USDC": 130462004.10545328, "AAVE": 11447.590709668137, "dPT-rETH-26JUN2025": 5.911822414352113, "dPT-rsETH-26SEP2024": 976.5518474376593, "WOETH": 24.97146628364447, "DAI": 32912.72198765227, "sUSDS": 30.437700610678704, "rETH": 40306.86936684483, "LINK": 614051.4205053501, "UNI": 1034695.1224859069, "GMX": 12060.269276779878, "USDT": 394047.7860085794, "MIM": 1403.7228817082105, "dPT-wstETH-26JUN2025": 30.311548883641855, "stcUSD": 14492.925073452903, "USD1": 177337057.6990865, "cbBTC": 30445.677292719625, "cUSD": 25.178368731959797, "wsrUSD": 230.37266087996744, "CRV": 19968.520860997854, "mETH": 3607377.3284613197, "WLFI": 279233403.75705606, "pBTC": 12013.452438002387, "oUSDT": 17.15248969398468, "dPT-mETH-26DEC2024": 309.52246629481795, "USDY": 411.953455008837, "dWMNT": 2.2718200368860098, "WMNT": 9558.824778529992, "dPT-cmETH-13FEB2025": 306.3024933062199, "dPT-USDe-25JUL2024": 11.165079787422387, "FBTC": 1406.6279212633817, "dPT-sMNT-3OCT2024": 19.684338619022856, "cmETH": 5246.671014134116, "dPT-USDe-26DEC2024": 61.900056475485584, "POL": 24.37370165258883, "USDC.E": 1341.9329187198425, "MATIC": 412.57096720216725, "WOKB": 369.75811608119017}}], "chainTokensInUsd": {"Berachain": {"WBTC": 757927.300752576, "rUSD": 30113.693740600298, "DOLO": 403963.33918228897, "sWBERA": 304871.9102846297, "OHM": 19798.48344088328, "NECT": 16978.59461371026, "pumpBTC.bera": 1232.7918840818518, "sUSDe": 48217.770761646585, "sUSDa": 2.5650367756000048, "WETH": 800716.4565616059, "rsETH": 8.10916864373367, "SolvBTC": 34021.77469434782, "srUSD": 6061.816418200125, "USDC.e": 3694545.7296547215, "diBGT": 164204.48842905657, "USDe": 28750.63603563799, "pol-rUSD": 434.93348250532284, "eBTC": 388.1829359711704, "BYUSD": 82263.28203841452, "WBERA": 1162399.6579568123, "oriBGT": 437907.25753702107, "beraETH": 249520.06803233197, "USD\u20ae0": 614338.8006176347, "weETH": 293498.121764912, "rswETH": 12142.842474967667, "SBTC": 11.494433640022791, "iBERA": 11926.731618830509, "IR": 108.97792491155258, "savUSD": 3282390.111558113, "ylstETH": 2.337739360987576, "HENLO": 55.400394587943005, "KDK": 2335.659809351997, "PT-iBGT-25DEC2025": 5.74123339162813, "uniBTC": 53455.32392651944, "SolvBTC.BBN": 114.81996974063138, "wgBERA": 1934.353536614149, "ylpumpBTC": 4.594793490004088, "ylBTCLST": 126.76393976105217, "STONE": 17894.804158573716, "LBTC": 32142.837287731254, "stBTC": 25741782.384404123, "HONEY": 260326.56396187266, "USDa": 2885.46376790037}, "Arbitrum": {"dPT-GLP-26SEP2024": 15113.595364562727, "PENDLE": 604924.2215670987, "JONES": 44.00771258680652, "dGLV [WETH-USDC]": 405848.1433000529, "dPT-ezETH-27JUN2024": 256.8116004228542, "dGM": 8436412.535161667, "dPT-wstETH-27JUN2024": 589.4523376669475, "dARB": 7394.775160417344, "ezETH": 39597.2992156984, "dPT-weETH-26DEC2024": 153.0748721936179, "WBTC": 4520813.493896574, "RDNT": 940.4951631120069, "dfsGLP": 7.900252655449166, "weETH": 1632921.4950018164, "GRAIL": 17469.133788757637, "rsETH": 357.0617332129061, "dPT-weETH-26SEP2024": 81.19852415077315, "XAI": 1355.1372362048442, "PREMIA": 2754.8211465055615, "MAGIC": 2912.1335345562497, "wstETH": 208543.45926422294, "dplvGLP": 136.33500999652261, "USDe": 1267.5571083336404, "USDS": 3712.4787521544463, "uniBTC": 154.56570858604996, "tBTC": 502.44306112350944, "dPT-weETH-27JUN2024": 665.2848517880947, "dGMX": 679203.6726323538, "dGLV [WBTC-USDC]": 555204.1302338346, "WETH": 5947270.53315464, "ARB": 278429.07508920244, "dPT-ezETH-26SEP2024": 3761.2320491259816, "dPT-weETH-25APR2024": 50.64822752788374, "USDC": 4385074.738956338, "AAVE": 11447.590709668137, "dPT-rETH-26JUN2025": 5.911822414352113, "dPT-rsETH-26SEP2024": 976.5518474376593, "WOETH": 24.97146628364447, "DAI": 32705.5928967258, "sUSDS": 30.437700610678704, "rETH": 40306.86936684483, "LINK": 612542.9498474238, "UNI": 1034695.1224859069, "GMX": 12060.269276779878, "USDT": 253165.31425296926, "MIM": 1403.7228817082105, "dPT-wstETH-26JUN2025": 30.311548883641855, "USDC.e": 118354.69910502924}, "Ethereum": {"rUSD": 5.119431816387696, "DOLO": 92164.2446581688, "WBTC": 887916.410166073, "LINK": 1508.4706579263186, "srUSD": 742174.8222479087, "stcUSD": 14492.925073452903, "USD1": 177337057.6990865, "sUSDe": 48944.924164289645, "USDC": 126076106.4836233, "WETH": 50085029.070854366, "cbBTC": 30445.677292719625, "cUSD": 25.178368731959797, "weETH": 36245309.64014069, "wsrUSD": 230.37266087996744, "CRV": 19968.520860997854, "mETH": 3563629.70548496, "WLFI": 279233403.75705606, "USDT": 126598.7565566901}, "Botanix": {"pBTC": 12013.452438002387, "oUSDT": 17.15248969398468, "USDC.e": 62821.48273170842, "WETH": 6.1025614950012566, "stBTC": 120817.43209522976}, "Mantle": {"USDC": 768.4251367478689, "USDT": 13725.708620862746, "dPT-mETH-26DEC2024": 309.52246629481795, "USDY": 411.953455008837, "USDe": 36.78091003182738, "dWMNT": 2.2718200368860098, "WMNT": 9558.824778529992, "dPT-cmETH-13FEB2025": 306.3024933062199, "dPT-USDe-25JUL2024": 11.165079787422387, "FBTC": 1406.6279212633817, "WBTC": 838.9654608134188, "mETH": 43747.62297635932, "WETH": 3653.229395042763, "dPT-sMNT-3OCT2024": 19.684338619022856, "cmETH": 5246.671014134116, "dPT-USDe-26DEC2024": 61.900056475485584}, "Polygon zkEVM": {"USDT": 396.5440259908066,