{"currentChainTvls": {"Berachain": 36030373.53287617, "Berachain-borrowed": 4898107.052319927, "Arbitrum": 19789315.515250742, "Arbitrum-borrowed": 8249901.865093785, "Ethereum": 510965193.62486094, "Ethereum-borrowed": 285331480.21861595, "Mantle": 83295.36581074598, "Mantle-borrowed": 13251.356971179517, "Polygon zkEVM": 7134.630963389269, "Polygon zkEVM-borrowed": 134.4725254795557, "X Layer": 922.6706865045943, "X Layer-borrowed": 179.70915740269163, "borrowed": 298493054.67468375}, "tokensInUsd": [{"tokens": {"WBTC": 7680971.965999258, "rUSD": 31961.620110224503, "DOLO": 539677.4736627131, "sWBERA": 321722.814314423, "OHM": 96841.093535799, "NECT": 16984.071206749042, "pumpBTC.bera": 1937.1623030950357, "sUSDe": 49941.77384872625, "sUSDa": 2.5650367756000048, "WETH": 59538557.60285288, "rsETH": 368.03251829932293, "SolvBTC": 32278.36698406785, "srUSD": 831569.2441020309, "USDC.e": 4453635.296761341, "diBGT": 180055.26263284587, "USDe": 32740.549106246737, "pol-rUSD": 434.93348250532284, "eBTC": 388.1829359711704, "BYUSD": 84923.12806630993, "WBERA": 1338694.1932293174, "oriBGT": 462335.32950763265, "beraETH": 248519.31700694433, "USD\u20ae0": 661140.796311664, "weETH": 17454800.200092096, "rswETH": 12142.842474967667, "SBTC": 11.494433640022791, "iBERA": 14388.051744059574, "IR": 122.99197775358441, "savUSD": 4200017.654640707, "ylstETH": 2.337739360987576, "HENLO": 55.400394587943005, "KDK": 2335.659809351997, "PT-iBGT-25DEC2025": 5.74123339162813, "uniBTC": 47804.9675562035, "SolvBTC.BBN": 114.81996974063138, "wgBERA": 1934.353536614149, "ylpumpBTC": 4.594793490004088, "ylBTCLST": 126.76393976105217, "STONE": 18655.815524274953, "LBTC": 29858.90051945301, "stBTC": 25741782.384404123, "HONEY": 446952.1879302684, "USDa": 2885.437977751923, "dPT-GLP-26SEP2024": 15113.595364562727, "PENDLE": 407512.623387978, "JONES": 43.50127527135749, "dGLV [WETH-USDC]": 425707.5848692197, "dPT-ezETH-27JUN2024": 256.8116004228542, "dGM": 9428557.9825672, "dPT-wstETH-27JUN2024": 589.4523376669475, "dARB": 7394.775160417344, "ezETH": 35903.11054932595, "dPT-weETH-26DEC2024": 153.0748721936179, "RDNT": 683.3376166340071, "dfsGLP": 7.900252655449166, "GRAIL": 14792.124322661815, "dPT-weETH-26SEP2024": 81.19852415077315, "XAI": 1231.192709980077, "PREMIA": 2754.8211465055615, "MAGIC": 2768.7595482798492, "wstETH": 210212.5292691717, "dplvGLP": 136.33500999652261, "USDS": 3715.386217403536, "DPX": 7.337541804984554, "tBTC": 462.3187626348149, "dPT-weETH-27JUN2024": 665.2848517880947, "dGMX": 634844.9263816806, "dGLV [WBTC-USDC]": 474948.8966624525, "ARB": 211373.40202805935, "dPT-ezETH-26SEP2024": 3761.2320491259816, "dPT-weETH-25APR2024": 50.64822752788374, "USDC": 130191303.43032531, "AAVE": 12325.393256460482, "dPT-rETH-26JUN2025": 5.911822414352113, "dPT-rsETH-26SEP2024": 976.5518474376593, "WOETH": 24.97146628364447, "DAI": 33475.34118364972, "sUSDS": 20.16098736074597, "rETH": 40615.87463363264, "LINK": 701042.6096057893, "UNI": 1002516.1828587878, "GMX": 10399.2721695055, "USDT": 500926.8617588635, "MIM": 1405.7096994461626, "dPT-wstETH-26JUN2025": 30.311548883641855, "stcUSD": 19910.53279045335, "USD1": 191556189.8223596, "cbBTC": 30779.902573915944, "cUSD": 25.178368731959797, "wsrUSD": 230.37266087996744, "CRV": 19968.520860997854, "mETH": 3522199.27556871, "WLFI": 401239904.9435528, "dPT-mETH-26DEC2024": 309.52246629481795, "USDY": 411.85044455836885, "dWMNT": 2.2718200368860098, "WMNT": 9991.92570983809, "dPT-cmETH-13FEB2025": 306.3024933062199, "dPT-USDe-25JUL2024": 11.165079787422387, "FBTC": 1646.1963952750352, "dPT-sMNT-3OCT2024": 19.684338619022856, "cmETH": 6689.909410327725, "dPT-USDe-26DEC2024": 61.900056475485584, "POL": 24.37370165258883, "USDC.E": 1341.9329187198425, "MATIC": 412.57096720216725, "WOKB": 369.75811608119017}}], "chainTokensInUsd": {"Berachain": {"WBTC": 984728.2405842373, "rUSD": 31956.500678408116, "DOLO": 409809.5318994296, "sWBERA": 321722.814314423, "OHM": 96841.093535799, "NECT": 16984.071206749042, "pumpBTC.bera": 1937.1623030950357, "sUSDe": 49374.12158850579, "sUSDa": 2.5650367756000048, "WETH": 820042.3085029516, "rsETH": 7.73323371733219, "SolvBTC": 32278.36698406785, "srUSD": 6032.680525010295, "USDC.e": 4331541.269355944, "diBGT": 180055.26263284587, "USDe": 30429.52495709627, "pol-rUSD": 434.93348250532284, "eBTC": 388.1829359711704, "BYUSD": 84923.12806630993, "WBERA": 1338694.1932293174, "oriBGT": 462335.32950763265, "beraETH": 248519.31700694433, "USD\u20ae0": 661140.796311664, "weETH": 299248.3322080351, "rswETH": 12142.842474967667, "SBTC": 11.494433640022791, "iBERA": 14388.051744059574, "IR": 122.99197775358441, "savUSD": 4200017.654640707, "ylstETH": 2.337739360987576, "HENLO": 55.400394587943005, "KDK": 2335.659809351997, "PT-iBGT-25DEC2025": 5.74123339162813, "uniBTC": 47655.69206536822, "SolvBTC.BBN": 114.81996974063138, "wgBERA": 1934.353536614149, "ylpumpBTC": 4.594793490004088, "ylBTCLST": 126.76393976105217, "STONE": 18655.815524274953, "LBTC": 29858.90051945301, "stBTC": 25741782.384404123, "HONEY": 446952.1879302684, "USDa": 2885.437977751923}, "Arbitrum": {"dPT-GLP-26SEP2024": 15113.595364562727, "PENDLE": 407512.623387978, "JONES": 43.50127527135749, "dGLV [WETH-USDC]": 425707.5848692197, "dPT-ezETH-27JUN2024": 256.8116004228542, "dGM": 9428557.9825672, "dPT-wstETH-27JUN2024": 589.4523376669475, "dARB": 7394.775160417344, "ezETH": 35903.11054932595, "dPT-weETH-26DEC2024": 153.0748721936179, "WBTC": 4285568.661127721, "RDNT": 683.3376166340071, "dfsGLP": 7.900252655449166, "weETH": 30133.539338095496, "GRAIL": 14792.124322661815, "rsETH": 360.2992845819907, "dPT-weETH-26SEP2024": 81.19852415077315, "XAI": 1231.192709980077, "PREMIA": 2754.8211465055615, "MAGIC": 2768.7595482798492, "wstETH": 210212.5292691717, "dplvGLP": 136.33500999652261, "USDe": 2143.78781107073, "USDS": 3715.386217403536, "uniBTC": 149.27549083528163, "DPX": 7.337541804984554, "tBTC": 462.3187626348149, "dPT-weETH-27JUN2024": 665.2848517880947, "dGMX": 634844.9263816806, "dGLV [WBTC-USDC]": 474948.8966624525, "WETH": 5592337.715231311, "ARB": 211373.40202805935, "dPT-ezETH-26SEP2024": 3761.2320491259816, "dPT-weETH-25APR2024": 50.64822752788374, "USDC": 4090322.8342054156, "AAVE": 12325.393256460482, "dPT-rETH-26JUN2025": 5.911822414352113, "dPT-rsETH-26SEP2024": 976.5518474376593, "WOETH": 24.97146628364447, "DAI": 33268.212092723246, "sUSDS": 20.16098736074597, "rETH": 40615.87463363264, "LINK": 691782.5500760949, "UNI": 1002516.1828587878, "GMX": 10399.2721695055, "USDT": 239005.99488429684, "MIM": 1405.7096994461626, "dPT-wstETH-26JUN2025": 30.311548883641855, "USDC.e": 122094.02740539711}, "Ethereum": {"rUSD": 5.119431816387696, "DOLO": 129867.94176328341, "WBTC": 2409834.368549482, "LINK": 9260.059529694352, "srUSD": 825536.5635770205, "stcUSD": 19910.53279045335, "USD1": 191556189.8223596, "sUSDe": 567.652260220454, "USDC": 126100158.05872536, "WETH": 53117030.10292597, "cbBTC": 30779.902573915944, "cUSD": 25.178368731959797, "weETH": 17125418.328545965, "wsrUSD": 230.37266087996744, "CRV": 19968.520860997854, "mETH": 3464311.659917466, "WLFI": 401239904.9435528, "USDT": 247674.71508329493}, "Mantle": {"USDC": 768.0796576362347, "USDT": 13688.145213214402, "dPT-mETH-26DEC2024": 309.52246629481795, "USDY": 411.85044455836885, "USDe": 167.23633807973755, "dWMNT": 2.2718200368860098, "WMNT": 9991.92570983809, "dPT-cmETH-13FEB2025": 306.3024933062199, "dPT-USDe-25JUL2024": 11.165079787422387, "FBTC": 1646.1963952750352, "WBTC": 838.9654608134188, "mETH": 57887.61565124418, "WETH": 3745.9522464184492, "dPT-sMNT-3OCT2024": 19.684338619022856, "cmETH": 6689.909410327725, "dPT-USDe-26DEC2024": 61.900056475485584}, "Polygon zkEVM": {"USDT": 396.5440259908066, "POL": 24.37370165258883, "USDC.E": 1341.9329187198425, "WETH": 4884.822507373056, "MATIC": 412.57096720216725, "DAI": 207.12909092647467, "WBTC": 1.7302770038885988}, "X Layer": {"USDT": 161.46255206648038, "WETH": 516.7014388535599, "USDC": 54.457736906055366,