{"currentChainTvls": {"Berachain": 35582958.59678105, "Berachain-borrowed": 4911855.602300411, "Arbitrum": 20202013.202131614, "Arbitrum-borrowed": 9505131.73140727, "Ethereum": 468915347.95537835, "Ethereum-borrowed": 297768124.6380815, "Botanix": 160234.26468472922, "Botanix-borrowed": 57108.09460164142, "Mantle": 68958.76254111607, "Mantle-borrowed": 12867.719975641536, "Polygon zkEVM": 7134.630963389269, "Polygon zkEVM-borrowed": 134.4725254795557, "X Layer": 922.6706865045943, "X Layer-borrowed": 179.70915740269163, "borrowed": 312255401.96804935}, "tokensInUsd": [{"tokens": {"WBTC": 6411024.608949718, "rUSD": 31837.4770406152, "DOLO": 526514.3174147496, "sWBERA": 319926.96447510406, "OHM": 18098.874653545976, "NECT": 16977.161478521048, "pumpBTC.bera": 1232.7918840818518, "sUSDe": 97082.55292943245, "sUSDa": 2.5650367756000048, "WETH": 56638026.035789184, "rsETH": 366.01062601788595, "SolvBTC": 33634.45070609421, "srUSD": 767910.4444023288, "USDC.e": 4392063.772437801, "diBGT": 166992.70268502532, "USDe": 30033.03130993058, "pol-rUSD": 434.93348250532284, "eBTC": 388.1829359711704, "BYUSD": 80241.0337641065, "WBERA": 1288675.4023542935, "oriBGT": 455984.3897752238, "beraETH": 247991.2712075249, "USD\u20ae0": 613942.8951829768, "weETH": 31008387.832821563, "rswETH": 12142.842474967667, "SBTC": 11.494433640022791, "iBERA": 12789.205353483962, "IR": 112.29056132803387, "savUSD": 4151313.6482202257, "ylstETH": 2.337739360987576, "HENLO": 55.400394587943005, "KDK": 2335.659809351997, "PT-iBGT-25DEC2025": 5.74123339162813, "uniBTC": 52036.88161832911, "SolvBTC.BBN": 114.81996974063138, "wgBERA": 1934.353536614149, "ylpumpBTC": 4.594793490004088, "ylBTCLST": 126.76393976105217, "STONE": 18216.173082853136, "LBTC": 32142.837287731254, "stBTC": 25884326.732733898, "HONEY": 378608.93808491423, "USDa": 2885.4560749526945, "dPT-GLP-26SEP2024": 15113.595364562727, "PENDLE": 486636.4413174652, "JONES": 44.00771258680652, "dGLV [WETH-USDC]": 437173.2439070192, "dPT-ezETH-27JUN2024": 256.8116004228542, "dGM": 8461001.789818253, "dPT-wstETH-27JUN2024": 589.4523376669475, "dARB": 7394.775160417344, "ezETH": 40139.65751987984, "dPT-weETH-26DEC2024": 153.0748721936179, "RDNT": 655.8677604814927, "dfsGLP": 7.900252655449166, "GRAIL": 19191.81914164878, "dPT-weETH-26SEP2024": 81.19852415077315, "XAI": 1320.0131505334718, "PREMIA": 2754.8211465055615, "MAGIC": 3231.033790553978, "wstETH": 4354433.24661039, "dplvGLP": 136.33500999652261, "USDS": 3702.396775316734, "tBTC": 1373.7386925387293, "dPT-weETH-27JUN2024": 665.2848517880947, "dGMX": 719436.8477674226, "dGLV [WBTC-USDC]": 509396.49026766646, "ARB": 234750.8240702086, "dPT-ezETH-26SEP2024": 3761.2320491259816, "dPT-weETH-25APR2024": 50.64822752788374, "USDC": 123908105.23901542, "AAVE": 12317.904611109498, "dPT-rETH-26JUN2025": 5.911822414352113, "dPT-rsETH-26SEP2024": 976.5518474376593, "WOETH": 24.97146628364447, "DAI": 33053.44107204191, "sUSDS": 30.429191586671323, "rETH": 40559.37196174919, "LINK": 677543.1474706618, "UNI": 1034233.9847781846, "GMX": 11993.380846462464, "USDT": 404585.9165325372, "MIM": 1404.0657076963637, "dPT-wstETH-26JUN2025": 30.311548883641855, "stcUSD": 18503.458046033007, "USD1": 180110926.90689117, "cbBTC": 30328.566720294017, "cUSD": 25.178368731959797, "wsrUSD": 230.37266087996744, "CRV": 19968.520860997854, "mETH": 3607808.2840324445, "WLFI": 378247054.22497505, "pBTC": 11986.164977707387, "oUSDT": 17.268456841796652, "dPT-mETH-26DEC2024": 309.52246629481795, "USDY": 411.953455008837, "dWMNT": 2.2718200368860098, "WMNT": 9915.85650804328, "dPT-cmETH-13FEB2025": 306.3024933062199, "dPT-USDe-25JUL2024": 11.165079787422387, "FBTC": 1406.6279212633817, "dPT-sMNT-3OCT2024": 19.684338619022856, "cmETH": 6276.135126309989, "dPT-USDe-26DEC2024": 61.900056475485584, "POL": 24.37370165258883, "USDC.E": 1341.9329187198425, "MATIC": 412.57096720216725, "WOKB": 369.75811608119017}}], "chainTokensInUsd": {"Berachain": {"WBTC": 997396.4357089819, "rUSD": 31832.35760879881, "DOLO": 417857.9866069329, "sWBERA": 319926.96447510406, "OHM": 18098.874653545976, "NECT": 16977.161478521048, "pumpBTC.bera": 1232.7918840818518, "sUSDe": 48202.055377735946, "sUSDa": 2.5650367756000048, "WETH": 808773.0604610828, "rsETH": 7.73323371733219, "SolvBTC": 33634.45070609421, "srUSD": 6058.706952254945, "USDC.e": 4206842.773171626, "diBGT": 166992.70268502532, "USDe": 28732.046893381572, "pol-rUSD": 434.93348250532284, "eBTC": 388.1829359711704, "BYUSD": 80241.0337641065, "WBERA": 1288675.4023542935, "oriBGT": 455984.3897752238, "beraETH": 247991.2712075249, "USD\u20ae0": 613942.8951829768, "weETH": 298123.861297216, "rswETH": 12142.842474967667, "SBTC": 11.494433640022791, "iBERA": 12789.205353483962, "IR": 112.29056132803387, "savUSD": 4151313.6482202257, "ylstETH": 2.337739360987576, "HENLO": 55.400394587943005, "KDK": 2335.659809351997, "PT-iBGT-25DEC2025": 5.74123339162813, "uniBTC": 51878.62075346951, "SolvBTC.BBN": 114.81996974063138, "wgBERA": 1934.353536614149, "ylpumpBTC": 4.594793490004088, "ylBTCLST": 126.76393976105217, "STONE": 18216.173082853136, "LBTC": 32142.837287731254, "stBTC": 25741782.384404123, "HONEY": 378608.93808491423, "USDa": 2885.4560749526945}, "Arbitrum": {"dPT-GLP-26SEP2024": 15113.595364562727, "PENDLE": 486636.4413174652, "JONES": 44.00771258680652, "dGLV [WETH-USDC]": 437173.2439070192, "dPT-ezETH-27JUN2024": 256.8116004228542, "dGM": 8461001.789818253, "dPT-wstETH-27JUN2024": 589.4523376669475, "dARB": 7394.775160417344, "ezETH": 40139.65751987984, "dPT-weETH-26DEC2024": 153.0748721936179, "WBTC": 4513676.669725714, "RDNT": 655.8677604814927, "dfsGLP": 7.900252655449166, "weETH": 2333687.6481475285, "GRAIL": 19191.81914164878, "rsETH": 358.27739230055374, "dPT-weETH-26SEP2024": 81.19852415077315, "XAI": 1320.0131505334718, "PREMIA": 2754.8211465055615, "MAGIC": 3231.033790553978, "wstETH": 210137.4878431014, "dplvGLP": 136.33500999652261, "USDe": 1265.922199092857, "USDS": 3702.396775316734, "uniBTC": 158.26086485960292, "tBTC": 1373.7386925387293, "dPT-weETH-27JUN2024": 665.2848517880947, "dGMX": 719436.8477674226, "dGLV [WBTC-USDC]": 509396.49026766646, "WETH": 5564314.639813033, "ARB": 234750.8240702086, "dPT-ezETH-26SEP2024": 3761.2320491259816, "dPT-weETH-25APR2024": 50.64822752788374, "USDC": 3983245.8171111704, "AAVE": 12317.904611109498, "dPT-rETH-26JUN2025": 5.911822414352113, "dPT-rsETH-26SEP2024": 976.5518474376593, "WOETH": 24.97146628364447, "DAI": 32846.31198111544, "sUSDS": 30.429191586671323, "rETH": 40559.37196174919, "LINK": 677370.2492893323, "UNI": 1034233.9847781846, "GMX": 11993.380846462464, "USDT": 217054.9399956081, "MIM": 1404.0657076963637, "dPT-wstETH-26JUN2025": 30.311548883641855, "USDC.e": 122432.52430562084}, "Ethereum": {"rUSD": 5.119431816387696, "DOLO": 108656.33080781675, "WBTC": 899110.8077772044, "LINK": 172.89818132952303, "srUSD": 761851.7374500738, "wstETH": 4144295.758767288, "stcUSD": 18503.458046033007, "USD1": 180110926.90689117, "sUSDe": 48880.497551696506, "USDC": 119924036.6788612, "WETH": 50255966.39580009, "cbBTC": 30328.566720294017, "cUSD": 25.178368731959797, "weETH": 28376576.32337682, "wsrUSD": 230.37266087996744, "CRV": 19968.520860997854, "mETH": 3563629.70548496, "WLFI": 378247054.22497505, "USDT": 173253.111446405}, "Botanix": {"pBTC": 11986.164977707387, "oUSDT": 17.268456841796652, "USDC.e": 62788.47496055326, "WETH": 6.1025614950012566, "stBTC": 142544.34832977317}, "Mantle": {"USDC": 768.2853061370416, "USDT": 13719.858512466775, "dPT-mETH-26DEC2024": 309.52246629481795, "USDY": 411.953455008837, "USDe": 35.062217456149604, "dWMNT": 2.2718200368860098, "WMNT": 9915.85650804328, "dPT-cmETH-13FEB2025": 306.3024933062199, "dPT-USDe-25JUL2024": 11.165079787422387, "FBTC": 1406.6279212633817, "WBTC": 838.9654608134188, "mETH": 44178.57854748403, "WETH": 3564.3132072548665, "dPT-sMNT-3OCT2024": 19.684338619022856, "cmETH": 6276.135126309989, "dPT-USDe-26DEC2024": 61.900056475485584},