{"currentChainTvls": {"Arbitrum": 20070943.796738155, "Arbitrum-borrowed": 8086114.737037193, "Ethereum": 496313999.23201853, "Ethereum-borrowed": 293489537.13397115, "Mantle": 80776.91709686647, "Mantle-borrowed": 13199.602621967526, "Polygon zkEVM": 7134.630963389269, "Polygon zkEVM-borrowed": 134.4725254795557, "X Layer": 922.6706865045943, "X Layer-borrowed": 179.70915740269163, "borrowed": 301589165.6553132}, "tokensInUsd": [{"tokens": {"dPT-GLP-26SEP2024": 15113.595364562727, "PENDLE": 429199.0343963412, "JONES": 43.50127527135749, "dGLV [WETH-USDC]": 564456.9760294807, "dPT-ezETH-27JUN2024": 256.8116004228542, "dGM": 9125380.136487128, "dPT-wstETH-27JUN2024": 589.4523376669475, "dARB": 7394.775160417344, "ezETH": 36798.997813330156, "dPT-weETH-26DEC2024": 153.0748721936179, "WBTC": 6965680.591660214, "RDNT": 778.1120169063607, "dfsGLP": 7.900252655449166, "weETH": 14647661.953863112, "GRAIL": 15652.872640912648, "rsETH": 322.80669579792203, "dPT-weETH-26SEP2024": 81.19852415077315, "XAI": 1224.6072304561317, "PREMIA": 2754.8211465055615, "MAGIC": 2629.859240873497, "wstETH": 6544630.108415923, "dplvGLP": 136.33500999652261, "USDe": 2327.3229477184923, "USDS": 3714.8002840614945, "uniBTC": 149.27549083528163, "DPX": 6.551456991563027, "tBTC": 462.3187626348149, "dPT-weETH-27JUN2024": 665.2848517880947, "dGMX": 637378.0552612669, "dGLV [WBTC-USDC]": 467766.18287260155, "WETH": 57987308.12498098, "ARB": 212151.10290538863, "dPT-ezETH-26SEP2024": 3761.2320491259816, "dPT-weETH-25APR2024": 50.64822752788374, "USDC": 125955157.25263287, "AAVE": 11557.52218256994, "dPT-rETH-26JUN2025": 5.911822414352113, "dPT-rsETH-26SEP2024": 976.5518474376593, "WOETH": 24.97146628364447, "DAI": 33662.692889773236, "sUSDS": 20.16098736074597, "rETH": 40368.676065211395, "LINK": 724795.2640825356, "UNI": 980397.468421933, "GMX": 29839.626029597428, "USDT": 579357.9286151824, "MIM": 1406.03562615348, "dPT-wstETH-26JUN2025": 30.311548883641855, "USDC.e": 121611.03312948963, "rUSD": 276.6100266526082, "DOLO": 129867.94176328341, "srUSD": 876789.3782535624, "stcUSD": 19910.53279045335, "USD1": 194525169.43184888, "sUSDe": 567.652260220454, "cbBTC": 30779.902573915944, "cUSD": 25.178368731959797, "wsrUSD": 230.37266087996744, "CRV": 21399.712633912775, "mETH": 3519862.767459194, "WLFI": 392760782.94840485, "dPT-mETH-26DEC2024": 309.52246629481795, "USDY": 411.85044455836885, "dWMNT": 2.2718200368860098, "WMNT": 10064.050744002392, "dPT-cmETH-13FEB2025": 306.3024933062199, "dPT-USDe-25JUL2024": 11.165079787422387, "FBTC": 1646.1963952750352, "dPT-sMNT-3OCT2024": 19.684338619022856, "cmETH": 6399.064757095076, "dPT-USDe-26DEC2024": 61.900056475485584, "POL": 24.37370165258883, "USDC.E": 1341.9329187198425, "MATIC": 412.57096720216725, "WOKB": 369.75811608119017}}], "chainTokensInUsd": {"Arbitrum": {"dPT-GLP-26SEP2024": 15113.595364562727, "PENDLE": 429199.0343963412, "JONES": 43.50127527135749, "dGLV [WETH-USDC]": 564456.9760294807, "dPT-ezETH-27JUN2024": 256.8116004228542, "dGM": 9125380.136487128, "dPT-wstETH-27JUN2024": 589.4523376669475, "dARB": 7394.775160417344, "ezETH": 36798.997813330156, "dPT-weETH-26DEC2024": 153.0748721936179, "WBTC": 4373178.193121951, "RDNT": 778.1120169063607, "dfsGLP": 7.900252655449166, "weETH": 28259.840266748117, "GRAIL": 15652.872640912648, "rsETH": 322.80669579792203, "dPT-weETH-26SEP2024": 81.19852415077315, "XAI": 1224.6072304561317, "PREMIA": 2754.8211465055615, "MAGIC": 2629.859240873497, "wstETH": 217385.94881655992, "dplvGLP": 136.33500999652261, "USDe": 2142.7890858340897, "USDS": 3714.8002840614945, "uniBTC": 149.27549083528163, "DPX": 6.551456991563027, "tBTC": 462.3187626348149, "dPT-weETH-27JUN2024": 665.2848517880947, "dGMX": 637378.0552612669, "dGLV [WBTC-USDC]": 467766.18287260155, "WETH": 5680595.265059728, "ARB": 212151.10290538863, "dPT-ezETH-26SEP2024": 3761.2320491259816, "dPT-weETH-25APR2024": 50.64822752788374, "USDC": 4085508.1363576995, "AAVE": 11557.52218256994, "dPT-rETH-26JUN2025": 5.911822414352113, "dPT-rsETH-26SEP2024": 976.5518474376593, "WOETH": 24.97146628364447, "DAI": 33455.563798846764, "sUSDS": 20.16098736074597, "rETH": 40368.676065211395, "LINK": 715556.4628876065, "UNI": 980397.468421933, "GMX": 29839.626029597428, "USDT": 305657.74499573925, "MIM": 1406.03562615348, "dPT-wstETH-26JUN2025": 30.311548883641855, "USDC.e": 121611.03312948963}, "Ethereum": {"rUSD": 276.6100266526082, "DOLO": 129867.94176328341, "WBTC": 2591661.7028004453, "LINK": 9238.801194929114, "srUSD": 876789.3782535624, "wstETH": 6327244.159599363, "stcUSD": 19910.53279045335, "USD1": 194525169.43184888, "sUSDe": 567.652260220454, "USDC": 121868826.87198599, "WETH": 52297588.01780793, "cbBTC": 30779.902573915944, "cUSD": 25.178368731959797, "weETH": 14619402.113596365, "wsrUSD": 230.37266087996744, "CRV": 21399.712633912775, "mETH": 3464311.659917466, "WLFI": 392760782.94840485, "USDT": 259463.3775018061}, "Mantle": {"USDC": 767.7865522778284, "USDT": 13678.799539579897, "dPT-mETH-26DEC2024": 309.52246629481795, "USDY": 411.85044455836885, "USDe": 184.5338618844023, "dWMNT": 2.2718200368860098, "WMNT": 10064.050744002392, "dPT-cmETH-13FEB2025": 306.3024933062199, "dPT-USDe-25JUL2024": 11.165079787422387, "FBTC": 1646.1963952750352, "WBTC": 838.9654608134188, "mETH": 55551.10754172847, "WETH": 3723.318167099258, "dPT-sMNT-3OCT2024": 19.684338619022856, "cmETH": 6399.064757095076, "dPT-USDe-26DEC2024": 61.900056475485584}, "Polygon zkEVM": {"USDT": 396.5440259908066, "POL": 24.37370165258883, "USDC.E": 1341.9329187198425, "WETH": 4884.822507373056, "MATIC": 412.57096720216725, "DAI": 207.12909092647467, "WBTC": 1.7302770038885988}, "X Layer": {"USDT": 161.46255206648038, "WETH": 516.7014388535599, "USDC": 54.457736906055366, "WOKB": 369.75811608119017}}, "supplyLiquidity": 818062942.9028165, "totalTvl": 516473777.2475034, "totalBorrowed": 301589165.6553132, "last_updated": "2026-04-12T03:43:54Z"}