{"currentChainTvls": {"Berachain": 34522616.92550955, "Berachain-borrowed": 4100332.581676961, "Arbitrum": 21382152.523769192, "Arbitrum-borrowed": 8629260.424272295, "Ethereum": 400764363.9717013, "Ethereum-borrowed": 291139487.2536916, "Botanix": 142178.03356026905, "Botanix-borrowed": 53523.75181760662, "Mantle": 68631.43740369851, "Mantle-borrowed": 12582.181304242766, "Polygon zkEVM": 7134.630963389269, "Polygon zkEVM-borrowed": 134.4725254795557, "X Layer": 922.6706865045943, "X Layer-borrowed": 179.70915740269163, "borrowed": 303935500.37444556}, "tokensInUsd": [{"tokens": {"WBTC": 6448354.1749613965, "rUSD": 29226.00595698791, "DOLO": 496059.4189593573, "sWBERA": 293442.28024976695, "OHM": 19798.48344088328, "NECT": 16978.737145706877, "pumpBTC.bera": 1232.7918840818518, "sUSDe": 97172.79656881836, "sUSDa": 2.5650367756000048, "WETH": 58407803.68385192, "rsETH": 365.1709018566398, "SolvBTC": 34216.37473895993, "srUSD": 748236.6386661088, "USDC.e": 3875084.8720664494, "diBGT": 165661.37949617452, "USDe": 30061.266131192977, "pol-rUSD": 434.93348250532284, "eBTC": 388.1829359711704, "BYUSD": 82724.47006512355, "WBERA": 1175949.1718274944, "oriBGT": 438811.81392254477, "beraETH": 249520.06803233197, "USD\u20ae0": 614374.7179671614, "weETH": 37640625.36187877, "rswETH": 12142.842474967667, "SBTC": 11.494433640022791, "iBERA": 12081.31429474152, "IR": 108.97792491155258, "savUSD": 3282390.111558113, "ylstETH": 2.337739360987576, "HENLO": 55.400394587943005, "KDK": 2335.659809351997, "PT-iBGT-25DEC2025": 5.74123339162813, "uniBTC": 53617.93276982054, "SolvBTC.BBN": 114.81996974063138, "wgBERA": 1934.353536614149, "ylpumpBTC": 4.594793490004088, "ylBTCLST": 126.76393976105217, "STONE": 17894.804158573716, "LBTC": 32142.837287731254, "stBTC": 25862599.816499352, "HONEY": 261909.52715284075, "USDa": 2885.46376790037, "dPT-GLP-26SEP2024": 15113.595364562727, "PENDLE": 593699.636006756, "JONES": 44.00771258680652, "dGLV [WETH-USDC]": 405848.1433000529, "dPT-ezETH-27JUN2024": 256.8116004228542, "dGM": 8484638.917489735, "dPT-wstETH-27JUN2024": 589.4523376669475, "dARB": 7394.775160417344, "ezETH": 39970.092925020326, "dPT-weETH-26DEC2024": 153.0748721936179, "RDNT": 954.0316943590209, "dfsGLP": 7.900252655449166, "GRAIL": 17444.69460499133, "dPT-weETH-26SEP2024": 81.19852415077315, "XAI": 1445.947543870464, "PREMIA": 2754.8211465055615, "MAGIC": 2912.1335345562497, "wstETH": 208543.45926422294, "dplvGLP": 136.33500999652261, "USDS": 3712.4787521544463, "tBTC": 502.44306112350944, "dPT-weETH-27JUN2024": 665.2848517880947, "dGMX": 679203.6726323538, "dGLV [WBTC-USDC]": 559822.4893611295, "ARB": 209877.9686174796, "dPT-ezETH-26SEP2024": 3761.2320491259816, "dPT-weETH-25APR2024": 50.64822752788374, "USDC": 130131250.73146814, "AAVE": 11526.303319531768, "dPT-rETH-26JUN2025": 5.911822414352113, "dPT-rsETH-26SEP2024": 976.5518474376593, "WOETH": 24.97146628364447, "DAI": 32904.088540647346, "sUSDS": 30.437700610678704, "rETH": 40306.86936684483, "LINK": 628113.9796695733, "UNI": 1034695.1224859069, "GMX": 12415.605496760712, "USDT": 394504.6654500791, "MIM": 1404.0427700363946, "dPT-wstETH-26JUN2025": 30.311548883641855, "stcUSD": 14492.925073452903, "USD1": 182627561.54319265, "cbBTC": 30445.677292719625, "cUSD": 25.178368731959797, "wsrUSD": 230.37266087996744, "CRV": 19968.520860997854, "mETH": 3608409.6225384744, "WLFI": 290554134.1615114, "pBTC": 12039.615499748495, "oUSDT": 17.15248969398468, "dPT-mETH-26DEC2024": 309.52246629481795, "USDY": 411.953455008837, "dWMNT": 2.2718200368860098, "WMNT": 9586.07144434399, "dPT-cmETH-13FEB2025": 306.3024933062199, "dPT-USDe-25JUL2024": 11.165079787422387, "FBTC": 1406.6279212633817, "dPT-sMNT-3OCT2024": 19.684338619022856, "cmETH": 5246.671014134116, "dPT-USDe-26DEC2024": 61.900056475485584, "POL": 24.37370165258883, "USDC.E": 1341.9329187198425, "MATIC": 412.57096720216725, "WOKB": 369.75811608119017}}], "chainTokensInUsd": {"Berachain": {"WBTC": 762852.4281613298, "rUSD": 29220.88652517152, "DOLO": 403895.1743011885, "sWBERA": 293442.28024976695, "OHM": 19798.48344088328, "NECT": 16978.737145706877, "pumpBTC.bera": 1232.7918840818518, "sUSDe": 48227.87240452872, "sUSDa": 2.5650367756000048, "WETH": 838545.2225029514, "rsETH": 8.10916864373367, "SolvBTC": 34216.37473895993, "srUSD": 6061.816418200125, "USDC.e": 3694209.322856335, "diBGT": 165661.37949617452, "USDe": 28756.777154454627, "pol-rUSD": 434.93348250532284, "eBTC": 388.1829359711704, "BYUSD": 82724.47006512355, "WBERA": 1175949.1718274944, "oriBGT": 438811.81392254477, "beraETH": 249520.06803233197, "USD\u20ae0": 614374.7179671614, "weETH": 296251.1746678585, "rswETH": 12142.842474967667, "SBTC": 11.494433640022791, "iBERA": 12081.31429474152, "IR": 108.97792491155258, "savUSD": 3282390.111558113, "ylstETH": 2.337739360987576, "HENLO": 55.400394587943005, "KDK": 2335.659809351997, "PT-iBGT-25DEC2025": 5.74123339162813, "uniBTC": 53455.32392651944, "SolvBTC.BBN": 114.81996974063138, "wgBERA": 1934.353536614149, "ylpumpBTC": 4.594793490004088, "ylBTCLST": 126.76393976105217, "STONE": 17894.804158573716, "LBTC": 32142.837287731254, "stBTC": 25741782.384404123, "HONEY": 261909.52715284075, "USDa": 2885.46376790037}, "Arbitrum": {"dPT-GLP-26SEP2024": 15113.595364562727, "PENDLE": 593699.636006756, "JONES": 44.00771258680652, "dGLV [WETH-USDC]": 405848.1433000529, "dPT-ezETH-27JUN2024": 256.8116004228542, "dGM": 8484638.917489735, "dPT-wstETH-27JUN2024": 589.4523376669475, "dARB": 7394.775160417344, "ezETH": 39970.092925020326, "dPT-weETH-26DEC2024": 153.0748721936179, "WBTC": 4805359.488213938, "RDNT": 954.0316943590209, "dfsGLP": 7.900252655449166, "weETH": 1355097.9435609318, "GRAIL": 17444.69460499133, "rsETH": 357.0617332129061, "dPT-weETH-26SEP2024": 81.19852415077315, "XAI": 1445.947543870464, "PREMIA": 2754.8211465055615, "MAGIC": 2912.1335345562497, "wstETH": 208543.45926422294, "dplvGLP": 136.33500999652261, "USDe": 1267.7080667065236, "USDS": 3712.4787521544463, "uniBTC": 162.608843301096, "tBTC": 502.44306112350944, "dPT-weETH-27JUN2024": 665.2848517880947, "dGMX": 679203.6726323538, "dGLV [WBTC-USDC]": 559822.4893611295, "WETH": 6130376.532208929, "ARB": 209877.9686174796, "dPT-ezETH-26SEP2024": 3761.2320491259816, "dPT-weETH-25APR2024": 50.64822752788374, "USDC": 4346818.935504891, "AAVE": 11526.303319531768, "dPT-rETH-26JUN2025": 5.911822414352113, "dPT-rsETH-26SEP2024": 976.5518474376593, "WOETH": 24.97146628364447, "DAI": 32696.959449720875, "sUSDS": 30.437700610678704, "rETH": 40306.86936684483, "LINK": 626605.509011647, "UNI": 1034695.1224859069, "GMX": 12415.605496760712, "USDT": 253614.76124769467, "MIM": 1404.0427700363946, "dPT-wstETH-26JUN2025": 30.311548883641855, "USDC.e": 118054.06647840618}, "Ethereum": {"rUSD": 5.119431816387696, "DOLO": 92164.2446581688, "WBTC": 879301.5628483114, "LINK": 1508.4706579263186, "srUSD": 742174.8222479087, "stcUSD": 14492.925073452903, "USD1": 182627561.54319265, "sUSDe": 48944.924164289645, "USDC": 125783608.9130896, "WETH": 51429780.08364239, "cbBTC": 30445.677292719625, "cUSD": 25.178368731959797, "weETH": 35989276.243649974, "wsrUSD": 230.37266087996744, "CRV": 19968.520860997854, "mETH": 3563629.70548496, "WLFI": 290554134.1615114, "USDT": 126598.7565566901}, "Botanix": {"pBTC": 12039.615499748495, "oUSDT": 17.15248969398468, "USDC.e": 62821.48273170842, "WETH": 6.1025614950012566, "stBTC": 120817.43209522976}, "Mantle": {"USDC": 768.4251367478689, "USDT": 13733.141067637003, "dPT-mETH-26DEC2024": 309.52246629481795, "USDY": 411.953455008837, "USDe": 36.78091003182738, "dWMNT": 2.2718200368860098, "WMNT": 9586.07144434399, "dPT-cmETH-13FEB2025": 306.3024933062199, "dPT-USDe-25JUL2024": 11.165079787422387, "FBTC": 1406.6279212633817, "WBTC": 838.9654608134188, "mETH": 44779.91705351394, "WETH": 3694.2189899270384, "dPT-sMNT-3OCT2024": 19.684338619022856, "cmETH": 5246.671014134116, "dPT-USDe-26DEC2024": 61.900056475485584}, "Polygon zkEVM": {"USDT": 396.5440259908066, "POL": 24.37370165258883,