{"currentChainTvls": {"Berachain": 36320842.99746576, "Berachain-borrowed": 5066106.217724204, "Arbitrum": 19982177.92640936, "Arbitrum-borrowed": 8096894.121460844, "Ethereum": 514929895.58995336, "Ethereum-borrowed": 287899678.31595796, "Mantle": 82940.46096747162, "Mantle-borrowed": 13134.408533529415, "Polygon zkEVM": 7134.630963389269, "Polygon zkEVM-borrowed": 134.4725254795557, "X Layer": 922.6706865045943, "X Layer-borrowed": 179.70915740269163, "borrowed": 301076127.2453594}, "tokensInUsd": [{"tokens": {"WBTC": 7382769.94844645, "rUSD": 31768.113167123327, "DOLO": 565713.9455237259, "sWBERA": 331162.69208934857, "OHM": 96499.64325279019, "NECT": 16984.49687767296, "pumpBTC.bera": 1937.1623030950357, "sUSDe": 49944.9458604591, "sUSDa": 2.5650367756000048, "WETH": 59877789.249517284, "rsETH": 368.03251829932293, "SolvBTC": 32480.671098120965, "srUSD": 830435.124630796, "USDC.e": 4345179.332624342, "diBGT": 205310.41074113062, "USDe": 30983.37069698596, "pol-rUSD": 434.93348250532284, "eBTC": 388.1829359711704, "BYUSD": 84323.70959172338, "WBERA": 1522614.5170213636, "oriBGT": 505104.3901900433, "beraETH": 249113.26529720286, "USD\u20ae0": 921040.7064704751, "weETH": 21109329.027566783, "rswETH": 12142.842474967667, "SBTC": 11.494433640022791, "iBERA": 14418.152439780431, "IR": 132.97857784570368, "savUSD": 4200017.654640707, "ylstETH": 2.337739360987576, "HENLO": 55.400394587943005, "KDK": 2335.659809351997, "PT-iBGT-25DEC2025": 5.74123339162813, "uniBTC": 52360.20193575974, "SolvBTC.BBN": 114.81996974063138, "wgBERA": 1934.353536614149, "ylpumpBTC": 4.594793490004088, "ylBTCLST": 126.76393976105217, "STONE": 18655.815524274953, "LBTC": 31334.80529781731, "stBTC": 25741782.384404123, "HONEY": 453265.5771954075, "USDa": 2885.4426029770343, "dPT-GLP-26SEP2024": 15113.595364562727, "PENDLE": 502813.78638925304, "JONES": 43.50127527135749, "dGLV [WETH-USDC]": 425707.5848692197, "dPT-ezETH-27JUN2024": 256.8116004228542, "dGM": 9326776.702222403, "dPT-wstETH-27JUN2024": 589.4523376669475, "dARB": 7394.775160417344, "ezETH": 35903.11054932595, "dPT-weETH-26DEC2024": 153.0748721936179, "RDNT": 710.6371105013369, "dfsGLP": 7.900252655449166, "GRAIL": 15956.81756692147, "dPT-weETH-26SEP2024": 81.19852415077315, "XAI": 1341.3447437955494, "PREMIA": 2754.8211465055615, "MAGIC": 2813.0812240675627, "wstETH": 210109.19858183223, "dplvGLP": 136.33500999652261, "USDS": 3715.555637105127, "DPX": 7.337541804984554, "tBTC": 489.8537165997376, "dPT-weETH-27JUN2024": 665.2848517880947, "dGMX": 614869.2562811819, "dGLV [WBTC-USDC]": 474948.8966624525, "ARB": 242116.68688917492, "dPT-ezETH-26SEP2024": 3761.2320491259816, "dPT-weETH-25APR2024": 50.64822752788374, "USDC": 136662008.83887082, "AAVE": 14189.331729667369, "dPT-rETH-26JUN2025": 5.911822414352113, "dPT-rsETH-26SEP2024": 976.5518474376593, "WOETH": 24.97146628364447, "DAI": 33187.550655621744, "sUSDS": 20.16098736074597, "rETH": 41237.810226146146, "LINK": 726332.988980183, "UNI": 1070453.0269260518, "GMX": 12365.386952176765, "USDT": 449372.6801458166, "MIM": 1406.0266995220213, "dPT-wstETH-26JUN2025": 30.311548883641855, "stcUSD": 19910.53279045335, "USD1": 182053073.47908244, "cbBTC": 30779.902573915944, "cUSD": 25.178368731959797, "wsrUSD": 230.37266087996744, "CRV": 19968.520860997854, "mETH": 3522199.27556871, "WLFI": 407108464.3024762, "dPT-mETH-26DEC2024": 309.52246629481795, "USDY": 411.85044455836885, "dWMNT": 2.2718200368860098, "WMNT": 9812.136387351746, "dPT-cmETH-13FEB2025": 306.3024933062199, "dPT-USDe-25JUL2024": 11.165079787422387, "FBTC": 1434.493367647839, "dPT-sMNT-3OCT2024": 19.684338619022856, "cmETH": 6706.507864811452, "dPT-USDe-26DEC2024": 61.900056475485584, "POL": 24.37370165258883, "USDC.E": 1341.9329187198425, "MATIC": 412.57096720216725, "WOKB": 369.75811608119017}}], "chainTokensInUsd": {"Berachain": {"WBTC": 994051.6367835908, "rUSD": 31762.99373530694, "DOLO": 438604.0363088194, "sWBERA": 331162.69208934857, "OHM": 96499.64325279019, "NECT": 16984.49687767296, "pumpBTC.bera": 1937.1623030950357, "sUSDe": 49377.29360023864, "sUSDa": 2.5650367756000048, "WETH": 815587.8976519639, "rsETH": 7.73323371733219, "SolvBTC": 32480.671098120965, "srUSD": 6032.680525010295, "USDC.e": 4224481.520519014, "diBGT": 205310.41074113062, "USDe": 28693.999502768347, "pol-rUSD": 434.93348250532284, "eBTC": 388.1829359711704, "BYUSD": 84323.70959172338, "WBERA": 1522614.5170213636, "oriBGT": 505104.3901900433, "beraETH": 249113.26529720286, "USD\u20ae0": 921040.7064704751, "weETH": 299514.3314885598, "rswETH": 12142.842474967667, "SBTC": 11.494433640022791, "iBERA": 14418.152439780431, "IR": 132.97857784570368, "savUSD": 4200017.654640707, "ylstETH": 2.337739360987576, "HENLO": 55.400394587943005, "KDK": 2335.659809351997, "PT-iBGT-25DEC2025": 5.74123339162813, "uniBTC": 52210.92644492446, "SolvBTC.BBN": 114.81996974063138, "wgBERA": 1934.353536614149, "ylpumpBTC": 4.594793490004088, "ylBTCLST": 126.76393976105217, "STONE": 18655.815524274953, "LBTC": 31334.80529781731, "stBTC": 25741782.384404123, "HONEY": 453265.5771954075, "USDa": 2885.4426029770343}, "Arbitrum": {"dPT-GLP-26SEP2024": 15113.595364562727, "PENDLE": 502813.78638925304, "JONES": 43.50127527135749, "dGLV [WETH-USDC]": 425707.5848692197, "dPT-ezETH-27JUN2024": 256.8116004228542, "dGM": 9326776.702222403, "dPT-wstETH-27JUN2024": 589.4523376669475, "dARB": 7394.775160417344, "ezETH": 35903.11054932595, "dPT-weETH-26DEC2024": 153.0748721936179, "WBTC": 4163630.6851629955, "RDNT": 710.6371105013369, "dfsGLP": 7.900252655449166, "weETH": 30133.539338095496, "GRAIL": 15956.81756692147, "rsETH": 360.2992845819907, "dPT-weETH-26SEP2024": 81.19852415077315, "XAI": 1341.3447437955494, "PREMIA": 2754.8211465055615, "MAGIC": 2813.0812240675627, "wstETH": 210109.19858183223, "dplvGLP": 136.33500999652261, "USDe": 2122.1348561378773, "USDS": 3715.555637105127, "uniBTC": 149.27549083528163, "DPX": 7.337541804984554, "tBTC": 489.8537165997376, "dPT-weETH-27JUN2024": 665.2848517880947, "dGMX": 614869.2562811819, "dGLV [WBTC-USDC]": 474948.8966624525, "WETH": 5682459.135275108, "ARB": 242116.68688917492, "dPT-ezETH-26SEP2024": 3761.2320491259816, "dPT-weETH-25APR2024": 50.64822752788374, "USDC": 4051294.2117447527, "AAVE": 14189.331729667369, "dPT-rETH-26JUN2025": 5.911822414352113, "dPT-rsETH-26SEP2024": 976.5518474376593, "WOETH": 24.97146628364447, "DAI": 32980.42156469527, "sUSDS": 20.16098736074597, "rETH": 41237.810226146146, "LINK": 725950.9851991617, "UNI": 1070453.0269260518, "GMX": 12365.386952176765, "USDT": 239295.57698464306, "MIM": 1406.0266995220213, "dPT-wstETH-26JUN2025": 30.311548883641855, "USDC.e": 120697.81210532764}, "Ethereum": {"rUSD": 5.119431816387696, "DOLO": 127109.90921490653, "WBTC": 2224246.9307620465, "LINK": 382.00378102133425, "srUSD": 824402.4441057857, "stcUSD": 19910.53279045335, "USD1": 182053073.47908244, "sUSDe": 567.652260220454, "USDC": 132609891.90107524, "WETH": 53370692.32429518, "cbBTC": 30779.902573915944, "cUSD": 25.178368731959797, "weETH": 20779681.15674013, "wsrUSD": 230.37266087996744, "CRV": 19968.520860997854, "mETH": 3464311.659917466, "WLFI": 407108464.3024762, "USDT": 195830.5155138765}, "Mantle": {"USDC": 768.268313928074, "USDT": 13688.581069239724, "dPT-mETH-26DEC2024": 309.52246629481795, "USDY": 411.85044455836885, "USDe": 167.23633807973755, "dWMNT": 2.2718200368860098, "WMNT": 9812.136387351746, "dPT-cmETH-13FEB2025": 306.3024933062199, "dPT-USDe-25JUL2024": 11.165079787422387, "FBTC": 1434.493367647839, "WBTC": 838.9654608134188, "mETH": 57887.61565124418, "WETH": 3648.3683488066577, "dPT-sMNT-3OCT2024": 19.684338619022856, "cmETH": 6706.507864811452, "dPT-USDe-26DEC2024": 61.900056475485584}, "Polygon zkEVM": {"USDT": 396.5440259908066, "POL": 24.37370165258883, "USDC.E": 1341.9329187198425, "WETH": 4884.822507373056, "MATIC": 412.57096720216725, "DAI": 207.12909092647467, "WBTC": 1.7302770038885988}, "X Layer": {"USDT": 161.46255206648038, "WETH": 516.7014388535599,