{"currentChainTvls": {"Berachain": 35520462.2069709, "Berachain-borrowed": 4896122.395123483, "Arbitrum": 20039001.805809025, "Arbitrum-borrowed": 9442846.115033649, "Ethereum": 463333966.396247, "Ethereum-borrowed": 298876880.7874652, "Botanix": 141578.3624493396, "Botanix-borrowed": 53473.065571071544, "Mantle": 67646.55854004135, "Mantle-borrowed": 12538.39114491568, "Polygon zkEVM": 7134.630963389269, "Polygon zkEVM-borrowed": 134.4725254795557, "X Layer": 922.6706865045943, "X Layer-borrowed": 179.70915740269163, "borrowed": 313282174.9360212}, "tokensInUsd": [{"tokens": {"WBTC": 6344515.9884953825, "rUSD": 31842.237096165543, "DOLO": 523210.9366865829, "sWBERA": 319926.96447510406, "OHM": 18098.874653545976, "NECT": 16977.402414409746, "pumpBTC.bera": 1232.7918840818518, "sUSDe": 97085.90922438483, "sUSDa": 2.5650367756000048, "WETH": 56579741.10171124, "rsETH": 366.01062601788595, "SolvBTC": 33806.31391172941, "srUSD": 766599.4556635388, "USDC.e": 4394071.907110513, "diBGT": 164046.11376500913, "USDe": 30036.3205346226, "pol-rUSD": 434.93348250532284, "eBTC": 388.1829359711704, "BYUSD": 80314.39709031353, "WBERA": 1220780.4839243048, "oriBGT": 441688.2491005686, "beraETH": 255616.1805526688, "USD\u20ae0": 614087.3130694114, "weETH": 33174387.51271858, "rswETH": 12142.842474967667, "SBTC": 11.494433640022791, "iBERA": 12493.45110094119, "IR": 112.29056132803387, "savUSD": 4151313.6482202257, "ylstETH": 2.337739360987576, "HENLO": 55.400394587943005, "KDK": 2335.659809351997, "PT-iBGT-25DEC2025": 5.74123339162813, "uniBTC": 54162.03163663201, "SolvBTC.BBN": 114.81996974063138, "wgBERA": 1934.353536614149, "ylpumpBTC": 4.594793490004088, "ylBTCLST": 126.76393976105217, "STONE": 18216.173082853136, "LBTC": 32142.837287731254, "stBTC": 25861943.29475381, "HONEY": 378676.7616364094, "USDa": 2885.46376790037, "dPT-GLP-26SEP2024": 15113.595364562727, "PENDLE": 500556.4260233377, "JONES": 44.00771258680652, "dGLV [WETH-USDC]": 440023.649114659, "dPT-ezETH-27JUN2024": 256.8116004228542, "dGM": 8397233.78802906, "dPT-wstETH-27JUN2024": 589.4523376669475, "dARB": 7394.775160417344, "ezETH": 40280.84482326169, "dPT-weETH-26DEC2024": 153.0748721936179, "RDNT": 637.6958680000718, "dfsGLP": 7.900252655449166, "GRAIL": 18992.41224374009, "dPT-weETH-26SEP2024": 81.19852415077315, "XAI": 1394.668650028903, "PREMIA": 2754.8211465055615, "MAGIC": 3021.9693917345007, "wstETH": 4354268.893469008, "dplvGLP": 136.33500999652261, "USDS": 3702.1606707126803, "tBTC": 516.1418855260528, "dPT-weETH-27JUN2024": 665.2848517880947, "dGMX": 719436.8477674226, "dGLV [WBTC-USDC]": 516056.3072643081, "ARB": 230851.91492771253, "dPT-ezETH-26SEP2024": 3761.2320491259816, "dPT-weETH-25APR2024": 50.64822752788374, "USDC": 125202991.83656955, "AAVE": 12991.716076862172, "dPT-rETH-26JUN2025": 5.911822414352113, "dPT-rsETH-26SEP2024": 976.5518474376593, "WOETH": 24.97146628364447, "DAI": 33076.33862682393, "sUSDS": 30.429191586671323, "rETH": 40639.11425587484, "LINK": 671702.5792441723, "UNI": 1065179.4207673352, "GMX": 12667.367376144935, "USDT": 381741.6816257744, "MIM": 1404.218043141096, "dPT-wstETH-26JUN2025": 30.311548883641855, "stcUSD": 18503.458046033007, "USD1": 183063218.21016586, "cbBTC": 30328.566720294017, "cUSD": 25.178368731959797, "wsrUSD": 230.37266087996744, "CRV": 19968.520860997854, "mETH": 3607389.922564521, "WLFI": 367302130.91384983, "pBTC": 12042.503401831616, "oUSDT": 17.268456841796652, "dPT-mETH-26DEC2024": 309.52246629481795, "USDY": 411.953455008837, "dWMNT": 2.2718200368860098, "WMNT": 9689.217396003169, "dPT-cmETH-13FEB2025": 306.3024933062199, "dPT-USDe-25JUL2024": 11.165079787422387, "FBTC": 1406.6279212633817, "dPT-sMNT-3OCT2024": 19.684338619022856, "cmETH": 5281.9596246580695, "dPT-USDe-26DEC2024": 61.900056475485584, "POL": 24.37370165258883, "USDC.E": 1341.9329187198425, "MATIC": 412.57096720216725, "WOKB": 369.75811608119017}}], "chainTokensInUsd": {"Berachain": {"WBTC": 981105.3705108447, "rUSD": 31837.117664349156, "DOLO": 416294.7520174352, "sWBERA": 319926.96447510406, "OHM": 18098.874653545976, "NECT": 16977.402414409746, "pumpBTC.bera": 1232.7918840818518, "sUSDe": 48205.41167268832, "sUSDa": 2.5650367756000048, "WETH": 819157.2827331364, "rsETH": 7.73323371733219, "SolvBTC": 33806.31391172941, "srUSD": 6059.552331468267, "USDC.e": 4210217.205300687, "diBGT": 164046.11376500913, "USDe": 28734.529091346925, "pol-rUSD": 434.93348250532284, "eBTC": 388.1829359711704, "BYUSD": 80314.39709031353, "WBERA": 1220780.4839243048, "oriBGT": 441688.2491005686, "beraETH": 255616.1805526688, "USD\u20ae0": 614087.3130694114, "weETH": 299204.0920841255, "rswETH": 12142.842474967667, "SBTC": 11.494433640022791, "iBERA": 12493.45110094119, "IR": 112.29056132803387, "savUSD": 4151313.6482202257, "ylstETH": 2.337739360987576, "HENLO": 55.400394587943005, "KDK": 2335.659809351997, "PT-iBGT-25DEC2025": 5.74123339162813, "uniBTC": 54003.77077177241, "SolvBTC.BBN": 114.81996974063138, "wgBERA": 1934.353536614149, "ylpumpBTC": 4.594793490004088, "ylBTCLST": 126.76393976105217, "STONE": 18216.173082853136, "LBTC": 32142.837287731254, "stBTC": 25741782.384404123, "HONEY": 378676.7616364094, "USDa": 2885.46376790037}, "Arbitrum": {"dPT-GLP-26SEP2024": 15113.595364562727, "PENDLE": 500556.4260233377, "JONES": 44.00771258680652, "dGLV [WETH-USDC]": 440023.649114659, "dPT-ezETH-27JUN2024": 256.8116004228542, "dGM": 8397233.78802906, "dPT-wstETH-27JUN2024": 589.4523376669475, "dARB": 7394.775160417344, "ezETH": 40280.84482326169, "dPT-weETH-26DEC2024": 153.0748721936179, "WBTC": 4458462.114141053, "RDNT": 637.6958680000718, "dfsGLP": 7.900252655449166, "weETH": 2303647.608008204, "GRAIL": 18992.41224374009, "rsETH": 358.27739230055374, "dPT-weETH-26SEP2024": 81.19852415077315, "XAI": 1394.668650028903, "PREMIA": 2754.8211465055615, "MAGIC": 3021.9693917345007, "wstETH": 209973.13470171994, "dplvGLP": 136.33500999652261, "USDe": 1266.7292258195225, "USDS": 3702.1606707126803, "uniBTC": 158.26086485960292, "tBTC": 516.1418855260528, "dPT-weETH-27JUN2024": 665.2848517880947, "dGMX": 719436.8477674226, "dGLV [WBTC-USDC]": 516056.3072643081, "WETH": 5779836.462799792, "ARB": 230851.91492771253, "dPT-ezETH-26SEP2024": 3761.2320491259816, "dPT-weETH-25APR2024": 50.64822752788374, "USDC": 3634157.4054849944, "AAVE": 12991.716076862172, "dPT-rETH-26JUN2025": 5.911822414352113, "dPT-rsETH-26SEP2024": 976.5518474376593, "WOETH": 24.97146628364447, "DAI": 32869.209535897455, "sUSDS": 30.429191586671323, "rETH": 40639.11425587484, "LINK": 671529.6810628428, "UNI": 1065179.4207673352, "GMX": 12667.367376144935, "USDT": 230895.0029008446, "MIM": 1404.218043141096, "dPT-wstETH-26JUN2025": 30.311548883641855, "USDC.e": 121030.05855927072}, "Ethereum": {"rUSD": 5.119431816387696, "DOLO": 106916.18466914771, "WBTC": 904107.8081056683, "LINK": 172.89818132952303, "srUSD": 760539.9033320704, "wstETH": 4144295.758767288, "stcUSD": 18503.458046033007, "USD1": 183063218.21016586, "sUSDe": 48880.497551696506, "USDC": 121568011.57981338, "WETH": 49971783.16651016, "cbBTC": 30328.566720294017, "cUSD": 25.178368731959797, "weETH": 30571535.81262625, "wsrUSD": 230.37266087996744, "CRV": 19968.520860997854, "mETH": 3563629.70548496, "WLFI": 367302130.91384983, "USDT": 136563.52856589708}, "Botanix": {"pBTC": 12042.503401831616, "oUSDT": 17.268456841796652, "USDC.e": 62824.643250556124, "WETH": 6.1025614950012566, "stBTC": 120160.9103496866}, "Mantle": {"USDC": 768.3935342672437, "USDT": 13725.143580975417, "dPT-mETH-26DEC2024": 309.52246629481795, "USDY": 411.953455008837, "USDe": 35.062217456149604, "dWMNT": 2.2718200368860098, "WMNT": 9689.217396003169, "dPT-cmETH-13FEB2025": 306.3024933062199, "dPT-USDe-25JUL2024": 11.165079787422387, "FBTC": 1406.6279212633817, "WBTC": 838.9654608134188, "mETH": 43760.21707956085, "WETH": 3556.5631604306677, "dPT-sMNT-3OCT2024": 19.684338619022856, "cmETH": 5281.9596246580695, "dPT-USDe-26DEC2024": 61.900056475485584},