{"currentChainTvls": {"Berachain": 35619777.60343604, "Berachain-borrowed": 4919913.882990416, "Arbitrum": 20334990.130610757, "Arbitrum-borrowed": 8985244.641844688, "Ethereum": 465097343.1345786, "Ethereum-borrowed": 300506547.57161975, "Botanix": 180365.60129296052, "Botanix-borrowed": 58510.563310513615, "Mantle": 68639.32832152583, "Mantle-borrowed": 12775.247770776805, "Polygon zkEVM": 7134.630963389269, "Polygon zkEVM-borrowed": 134.4725254795557, "X Layer": 922.6706865045943, "X Layer-borrowed": 179.70915740269163, "borrowed": 314483306.08921903}, "tokensInUsd": [{"tokens": {"WBTC": 6569015.976321834, "rUSD": 31827.973495138103, "DOLO": 553066.9716325782, "sWBERA": 320602.96558295365, "OHM": 18098.874653545976, "NECT": 16976.786056798326, "pumpBTC.bera": 1232.7918840818518, "sUSDe": 97049.51242964773, "sUSDa": 2.5650367756000048, "WETH": 56595647.92191216, "rsETH": 365.50811123004945, "SolvBTC": 33772.4083700133, "srUSD": 770955.0975615351, "USDC.e": 4389247.741605675, "diBGT": 170669.6300953502, "USDe": 30024.59056619879, "pol-rUSD": 434.93348250532284, "eBTC": 388.1829359711704, "BYUSD": 82094.7684520603, "WBERA": 1316425.3583798758, "oriBGT": 462170.506418175, "beraETH": 247991.2712075249, "USD\u20ae0": 613899.5263952813, "weETH": 33689255.67408177, "rswETH": 12142.842474967667, "SBTC": 11.494433640022791, "iBERA": 13119.359657646231, "IR": 103.99870562444893, "savUSD": 4151313.6482202257, "ylstETH": 2.337739360987576, "HENLO": 55.400394587943005, "KDK": 2335.659809351997, "PT-iBGT-25DEC2025": 5.74123339162813, "uniBTC": 52031.66271442898, "SolvBTC.BBN": 114.81996974063138, "wgBERA": 1934.353536614149, "ylpumpBTC": 4.594793490004088, "ylBTCLST": 126.76393976105217, "STONE": 18216.173082853136, "LBTC": 32142.837287731254, "stBTC": 25905731.646729015, "HONEY": 373937.46859637054, "USDa": 2885.4560749526945, "dPT-GLP-26SEP2024": 15113.595364562727, "PENDLE": 506871.565281179, "JONES": 43.50127527135749, "dGLV [WETH-USDC]": 433031.14365554816, "dPT-ezETH-27JUN2024": 256.8116004228542, "dGM": 8363346.093982495, "dPT-wstETH-27JUN2024": 589.4523376669475, "dARB": 7394.775160417344, "ezETH": 35737.86042674768, "dPT-weETH-26DEC2024": 153.0748721936179, "RDNT": 658.5197147318893, "dfsGLP": 7.900252655449166, "GRAIL": 17818.80519237191, "dPT-weETH-26SEP2024": 81.19852415077315, "XAI": 1320.0131505334718, "PREMIA": 2754.8211465055615, "MAGIC": 3175.2921303533326, "wstETH": 4354451.750989124, "dplvGLP": 136.33500999652261, "USDS": 3701.6683003444755, "tBTC": 882.9774855502533, "dPT-weETH-27JUN2024": 665.2848517880947, "dGMX": 709690.8115560254, "dGLV [WBTC-USDC]": 506106.01108549366, "ARB": 236946.1876705121, "dPT-ezETH-26SEP2024": 3761.2320491259816, "dPT-weETH-25APR2024": 50.64822752788374, "USDC": 124276484.29511967, "AAVE": 11769.660564471396, "dPT-rETH-26JUN2025": 5.911822414352113, "dPT-rsETH-26SEP2024": 976.5518474376593, "WOETH": 24.97146628364447, "DAI": 33053.379280790046, "sUSDS": 20.16098736074597, "rETH": 40725.216885994974, "LINK": 671569.8372206399, "UNI": 1035647.9981158397, "GMX": 11556.137758787885, "USDT": 459692.29554619885, "MIM": 1405.2431480528078, "dPT-wstETH-26JUN2025": 30.311548883641855, "stcUSD": 18503.458046033007, "USD1": 177779115.1981496, "cbBTC": 32668.57916834641, "cUSD": 25.178368731959797, "wsrUSD": 230.37266087996744, "CRV": 19968.520860997854, "mETH": 3607808.2840324445, "WLFI": 375976393.87638855, "pBTC": 12146.42215193086, "oUSDT": 17.268456841796652, "dPT-mETH-26DEC2024": 309.52246629481795, "USDY": 411.953455008837, "dWMNT": 2.2718200368860098, "WMNT": 9506.081457820703, "dPT-cmETH-13FEB2025": 306.3024933062199, "dPT-USDe-25JUL2024": 11.165079787422387, "FBTC": 1405.2801585787383, "dPT-sMNT-3OCT2024": 19.684338619022856, "cmETH": 6276.135126309989, "dPT-USDe-26DEC2024": 61.900056475485584, "POL": 24.37370165258883, "USDC.E": 1341.9329187198425, "MATIC": 412.57096720216725, "WOKB": 369.75811608119017}}], "chainTokensInUsd": {"Berachain": {"WBTC": 994982.4231282275, "rUSD": 31822.854063321716, "DOLO": 432633.71640360553, "sWBERA": 320602.96558295365, "OHM": 18098.874653545976, "NECT": 16976.786056798326, "pumpBTC.bera": 1232.7918840818518, "sUSDe": 48169.01487795122, "sUSDa": 2.5650367756000048, "WETH": 807234.3996593886, "rsETH": 7.73323371733219, "SolvBTC": 33772.4083700133, "srUSD": 6042.024007090418, "USDC.e": 4204245.710765986, "diBGT": 170669.6300953502, "USDe": 28723.606149649782, "pol-rUSD": 434.93348250532284, "eBTC": 388.1829359711704, "BYUSD": 82094.7684520603, "WBERA": 1316425.3583798758, "oriBGT": 462170.506418175, "beraETH": 247991.2712075249, "USD\u20ae0": 613899.5263952813, "weETH": 298955.48007871106, "rswETH": 12142.842474967667, "SBTC": 11.494433640022791, "iBERA": 13119.359657646231, "IR": 103.99870562444893, "savUSD": 4151313.6482202257, "ylstETH": 2.337739360987576, "HENLO": 55.400394587943005, "KDK": 2335.659809351997, "PT-iBGT-25DEC2025": 5.74123339162813, "uniBTC": 51878.62075346951, "SolvBTC.BBN": 114.81996974063138, "wgBERA": 1934.353536614149, "ylpumpBTC": 4.594793490004088, "ylBTCLST": 126.76393976105217, "STONE": 18216.173082853136, "LBTC": 32142.837287731254, "stBTC": 25741782.384404123, "HONEY": 373937.46859637054, "USDa": 2885.4560749526945}, "Arbitrum": {"dPT-GLP-26SEP2024": 15113.595364562727, "PENDLE": 506871.565281179, "JONES": 43.50127527135749, "dGLV [WETH-USDC]": 433031.14365554816, "dPT-ezETH-27JUN2024": 256.8116004228542, "dGM": 8363346.093982495, "dPT-wstETH-27JUN2024": 589.4523376669475, "dARB": 7394.775160417344, "ezETH": 35737.86042674768, "dPT-weETH-26DEC2024": 153.0748721936179, "WBTC": 4371139.346623146, "RDNT": 658.5197147318893, "dfsGLP": 7.900252655449166, "weETH": 2205535.465399445, "GRAIL": 17818.80519237191, "rsETH": 357.77487751271724, "dPT-weETH-26SEP2024": 81.19852415077315, "XAI": 1320.0131505334718, "PREMIA": 2754.8211465055615, "MAGIC": 3175.2921303533326, "wstETH": 210155.9922218362, "dplvGLP": 136.33500999652261, "USDe": 1265.922199092857, "USDS": 3701.6683003444755, "uniBTC": 153.04196095946716, "tBTC": 882.9774855502533, "dPT-weETH-27JUN2024": 665.2848517880947, "dGMX": 709690.8115560254, "dGLV [WBTC-USDC]": 506106.01108549366, "WETH": 5533400.87906247, "ARB": 236946.1876705121, "dPT-ezETH-26SEP2024": 3761.2320491259816, "dPT-weETH-25APR2024": 50.64822752788374, "USDC": 3989003.4575430704, "AAVE": 11769.660564471396, "dPT-rETH-26JUN2025": 5.911822414352113, "dPT-rsETH-26SEP2024": 976.5518474376593, "WOETH": 24.97146628364447, "DAI": 32846.250189863575, "sUSDS": 20.16098736074597, "rETH": 40725.216885994974, "LINK": 671396.9390393104, "UNI": 1035647.9981158397, "GMX": 11556.137758787885, "USDT": 230277.03715765607, "MIM": 1405.2431480528078, "dPT-wstETH-26JUN2025": 30.311548883641855, "USDC.e": 122244.92173137434}, "Ethereum": {"rUSD": 5.119431816387696, "DOLO": 120433.25522897267, "WBTC": 1202053.510832643, "LINK": 172.89818132952303, "srUSD": 764913.0735544447, "wstETH": 4144295.758767288, "stcUSD": 18503.458046033007, "USD1": 177779115.1981496, "sUSDe": 48880.497551696506, "USDC": 120286658.09453355, "WETH": 50246040.70347533, "cbBTC": 32668.57916834641, "cUSD": 25.178368731959797, "weETH": 31184764.72860362, "wsrUSD": 230.37266087996744, "CRV": 19968.520860997854, "mETH": 3563629.70548496, "WLFI": 375976393.87638855, "USDT": 215138.17690956648}, "Botanix": {"pBTC": 12146.42215193086, "oUSDT": 17.268456841796652, "USDC.e": 62757.10910831477, "WETH": 6.1025614950012566, "stBTC": 163949.2623248917}, "Mantle": {"USDC": 768.2853061370416, "USDT": 13719.074900919008, "dPT-mETH-26DEC2024": 309.52246629481795, "USDY": 411.953455008837, "USDe": 35.062217456149604, "dWMNT": 2.2718200368860098, "WMNT": 9506.081457820703, "dPT-cmETH-13FEB2025": 306.3024933062199, "dPT-USDe-25JUL2024": 11.165079787422387, "FBTC": 1405.2801585787383, "WBTC": 838.9654608134188, "mETH": 44178.57854748403, "WETH": 3564.3132072548665, "dPT-sMNT-3OCT2024": 19.684338619022856, "cmETH": 6276.135126309989, "dPT-USDe-26DEC2024": 61.900056475485584},