{"currentChainTvls": {"Berachain": 35797241.03541811, "Berachain-borrowed": 4921657.257889976, "Arbitrum": 16448043.184201036, "Arbitrum-borrowed": 7982517.359240812, "Ethereum": 471926266.26983356, "Ethereum-borrowed": 304197228.091542, "Mantle": 70007.31548174679, "Mantle-borrowed": 12994.048490212908, "Polygon zkEVM": 7134.630963389269, "Polygon zkEVM-borrowed": 134.4725254795557, "X Layer": 922.6706865045943, "X Layer-borrowed": 179.70915740269163, "borrowed": 317114710.93884593}, "tokensInUsd": [{"tokens": {"WBTC": 5008284.207849632, "rUSD": 31817.689850271825, "DOLO": 560522.2834321129, "sWBERA": 320703.63079397083, "OHM": 16561.721938950523, "NECT": 16976.36369876728, "pumpBTC.bera": 1232.7918840818518, "sUSDe": 48758.76434920648, "sUSDa": 2.5650367756000048, "WETH": 56258934.4265685, "rsETH": 364.4101264064965, "SolvBTC": 33132.45787630294, "srUSD": 772194.1738962183, "USDC.e": 4310481.319925774, "diBGT": 176176.010360432, "USDe": 30148.218659422706, "pol-rUSD": 434.93348250532284, "eBTC": 388.1829359711704, "BYUSD": 82301.24648241262, "WBERA": 1397192.5869181016, "oriBGT": 481086.8209542424, "beraETH": 249755.7314413657, "USD\u20ae0": 612085.319075271, "weETH": 35210305.12607481, "rswETH": 12142.842474967667, "SBTC": 11.494433640022791, "iBERA": 13517.707299412366, "IR": 141.8529064488065, "savUSD": 4151313.6482202257, "ylstETH": 2.337739360987576, "HENLO": 55.400394587943005, "KDK": 2335.659809351997, "PT-iBGT-25DEC2025": 5.74123339162813, "uniBTC": 52031.66271442898, "SolvBTC.BBN": 114.81996974063138, "wgBERA": 1934.353536614149, "ylpumpBTC": 4.594793490004088, "ylBTCLST": 126.76393976105217, "STONE": 18216.173082853136, "LBTC": 32142.837287731254, "stBTC": 25741782.384404123, "HONEY": 421294.07081714756, "USDa": 2885.4532697290906, "dPT-GLP-26SEP2024": 15113.595364562727, "PENDLE": 520366.76203232206, "JONES": 43.50127527135749, "dGLV [WETH-USDC]": 433156.46272819606, "dPT-ezETH-27JUN2024": 256.8116004228542, "dGM": 8797604.52506791, "dPT-wstETH-27JUN2024": 589.4523376669475, "dARB": 7394.775160417344, "ezETH": 36392.5430008435, "dPT-weETH-26DEC2024": 153.0748721936179, "RDNT": 668.9898918038934, "dfsGLP": 7.900252655449166, "GRAIL": 18298.52092135187, "dPT-weETH-26SEP2024": 81.19852415077315, "XAI": 1340.6679425334235, "PREMIA": 2754.8211465055615, "MAGIC": 3175.2921303533326, "wstETH": 5555648.236471676, "dplvGLP": 136.33500999652261, "USDS": 3702.439835295704, "tBTC": 687.0781800109787, "dPT-weETH-27JUN2024": 665.2848517880947, "dGMX": 668051.3466356094, "dGLV [WBTC-USDC]": 496092.89350414777, "ARB": 239083.54789901606, "dPT-ezETH-26SEP2024": 3761.2320491259816, "dPT-weETH-25APR2024": 50.64822752788374, "USDC": 120679572.8329281, "AAVE": 11769.660564471396, "dPT-rETH-26JUN2025": 5.911822414352113, "dPT-rsETH-26SEP2024": 976.5518474376593, "WOETH": 24.97146628364447, "DAI": 33061.1616960215, "sUSDS": 20.16098736074597, "rETH": 41830.531030138656, "LINK": 684103.8205300691, "UNI": 1074041.0992607593, "GMX": 11592.085634782603, "USDT": 612789.8578725648, "MIM": 1406.648664351412, "dPT-wstETH-26JUN2025": 30.311548883641855, "stcUSD": 18503.458046033007, "USD1": 167796576.97706914, "cbBTC": 32867.229402234225, "cUSD": 25.178368731959797, "wsrUSD": 230.37266087996744, "CRV": 19968.520860997854, "mETH": 3520735.0142442365, "WLFI": 393928310.28367484, "dPT-mETH-26DEC2024": 309.52246629481795, "USDY": 411.9393359172096, "dWMNT": 2.2718200368860098, "WMNT": 9416.880230951576, "dPT-cmETH-13FEB2025": 306.3024933062199, "dPT-USDe-25JUL2024": 11.165079787422387, "FBTC": 1480.305893255713, "dPT-sMNT-3OCT2024": 19.684338619022856, "cmETH": 6536.0789792860505, "dPT-USDe-26DEC2024": 61.900056475485584, "POL": 24.37370165258883, "USDC.E": 1341.9329187198425, "MATIC": 412.57096720216725, "WOKB": 369.75811608119017}}], "chainTokensInUsd": {"Berachain": {"WBTC": 982219.810272939, "rUSD": 31812.570418455438, "DOLO": 442804.4982962829, "sWBERA": 320703.63079397083, "OHM": 16561.721938950523, "NECT": 16976.36369876728, "pumpBTC.bera": 1232.7918840818518, "sUSDe": 48191.5261157668, "sUSDa": 2.5650367756000048, "WETH": 850361.2196007684, "rsETH": 7.73323371733219, "SolvBTC": 33132.45787630294, "srUSD": 6042.024007090418, "USDC.e": 4191304.0454093968, "diBGT": 176176.010360432, "USDe": 28714.924516381285, "pol-rUSD": 434.93348250532284, "eBTC": 388.1829359711704, "BYUSD": 82301.24648241262, "WBERA": 1397192.5869181016, "oriBGT": 481086.8209542424, "beraETH": 249755.7314413657, "USD\u20ae0": 612085.319075271, "weETH": 299502.82219209144, "rswETH": 12142.842474967667, "SBTC": 11.494433640022791, "iBERA": 13517.707299412366, "IR": 141.8529064488065, "savUSD": 4151313.6482202257, "ylstETH": 2.337739360987576, "HENLO": 55.400394587943005, "KDK": 2335.659809351997, "PT-iBGT-25DEC2025": 5.74123339162813, "uniBTC": 51878.62075346951, "SolvBTC.BBN": 114.81996974063138, "wgBERA": 1934.353536614149, "ylpumpBTC": 4.594793490004088, "ylBTCLST": 126.76393976105217, "STONE": 18216.173082853136, "LBTC": 32142.837287731254, "stBTC": 25741782.384404123, "HONEY": 421294.07081714756, "USDa": 2885.4532697290906}, "Arbitrum": {"dPT-GLP-26SEP2024": 15113.595364562727, "PENDLE": 520366.76203232206, "JONES": 43.50127527135749, "dGLV [WETH-USDC]": 433156.46272819606, "dPT-ezETH-27JUN2024": 256.8116004228542, "dGM": 8797604.52506791, "dPT-wstETH-27JUN2024": 589.4523376669475, "dARB": 7394.775160417344, "ezETH": 36392.5430008435, "dPT-weETH-26DEC2024": 153.0748721936179, "WBTC": 2773161.2658907524, "RDNT": 668.9898918038934, "dfsGLP": 7.900252655449166, "weETH": 156885.75096225252, "GRAIL": 18298.52092135187, "rsETH": 356.6768926891643, "dPT-weETH-26SEP2024": 81.19852415077315, "XAI": 1340.6679425334235, "PREMIA": 2754.8211465055615, "MAGIC": 3175.2921303533326, "wstETH": 217340.6548911455, "dplvGLP": 136.33500999652261, "USDe": 1265.922199092857, "USDS": 3702.439835295704, "uniBTC": 153.04196095946716, "tBTC": 687.0781800109787, "dPT-weETH-27JUN2024": 665.2848517880947, "dGMX": 668051.3466356094, "dGLV [WBTC-USDC]": 496092.89350414777, "WETH": 4020024.2063887143, "ARB": 239083.54789901606, "dPT-ezETH-26SEP2024": 3761.2320491259816, "dPT-weETH-25APR2024": 50.64822752788374, "USDC": 3804910.5983295348, "AAVE": 11769.660564471396, "dPT-rETH-26JUN2025": 5.911822414352113, "dPT-rsETH-26SEP2024": 976.5518474376593, "WOETH": 24.97146628364447, "DAI": 32854.03260509503, "sUSDS": 20.16098736074597, "rETH": 41830.531030138656, "LINK": 683930.9223487396, "UNI": 1074041.0992607593, "GMX": 11592.085634782603, "USDT": 229172.5631879282, "MIM": 1406.648664351412, "dPT-wstETH-26JUN2025": 30.311548883641855, "USDC.e": 119177.27451637713}, "Ethereum": {"rUSD": 5.119431816387696, "DOLO": 117717.78513583001, "WBTC": 1252062.4359481237, "LINK": 172.89818132952303, "srUSD": 766152.1498891279, "wstETH": 5338307.581580531, "stcUSD": 18503.458046033007, "USD1": 167796576.97706914, "sUSDe": 567.2382334396826, "USDC": 116873839.56730974, "WETH": 51379451.630720116, "cbBTC": 32867.229402234225, "cUSD": 25.178368731959797, "weETH": 34753916.55292047, "wsrUSD": 230.37266087996744, "CRV": 19968.520860997854, "mETH": 3475469.929616269, "WLFI": 393928310.28367484, "USDT": 369349.4523258861}, "Mantle": {"USDC": 768.2095519341935, "USDT": 13709.835780693365, "dPT-mETH-26DEC2024": 309.52246629481795, "USDY": 411.9393359172096, "USDe": 167.3719439485649, "dWMNT": 2.2718200368860098, "WMNT": 9416.880230951576, "dPT-cmETH-13FEB2025": 306.3024933062199, "dPT-USDe-25JUL2024": 11.165079787422387, "FBTC": 1480.305893255713, "WBTC": 838.9654608134188, "mETH": 45265.08462796735, "WETH": 3695.845912672414, "dPT-sMNT-3OCT2024": 19.684338619022856, "cmETH": 6536.0789792860505, "dPT-USDe-26DEC2024": 61.900056475485584}, "Polygon zkEVM": {"USDT": 396.5440259908066, "POL": 24.37370165258883, "USDC.E": 1341.9329187198425, "WETH": 4884.822507373056, "MATIC": 412.57096720216725, "DAI": 207.12909092647467, "WBTC": 1.7302770038885988}, "X Layer": {"USDT": 161.46255206648038, "WETH": 516.7014388535599, "USDC": 54.457736906055366,