{"currentChainTvls": {"Berachain": 36113216.64825023, "Berachain-borrowed": 4936048.053174817, "Arbitrum": 19616332.65501051, "Arbitrum-borrowed": 8086051.899822067, "Ethereum": 505336460.13575345, "Ethereum-borrowed": 295394675.42592114, "Mantle": 82098.79498253729, "Mantle-borrowed": 13225.012669507118, "Polygon zkEVM": 7134.630963389269, "Polygon zkEVM-borrowed": 134.4725254795557, "X Layer": 922.6706865045943, "X Layer-borrowed": 179.70915740269163, "borrowed": 308430314.57327044}, "tokensInUsd": [{"tokens": {"WBTC": 7636627.577313613, "rUSD": 31956.861941145835, "DOLO": 534801.6358741999, "sWBERA": 323745.21727567463, "OHM": 95445.38127382688, "NECT": 16983.825991447324, "pumpBTC.bera": 1937.1623030950357, "sUSDe": 49951.49576364821, "sUSDa": 2.5650367756000048, "WETH": 60960948.18896325, "rsETH": 330.53992951525424, "SolvBTC": 32224.452361666416, "srUSD": 832762.1026831494, "USDC.e": 4450282.597434332, "diBGT": 188677.1573846004, "USDe": 32729.46981970029, "pol-rUSD": 434.93348250532284, "eBTC": 388.1829359711704, "BYUSD": 93842.73728399399, "WBERA": 1391866.7209316047, "oriBGT": 459815.770046853, "beraETH": 233593.26007041166, "USD\u20ae0": 681559.8633583548, "weETH": 17288719.10984859, "rswETH": 12142.842474967667, "SBTC": 11.494433640022791, "iBERA": 13409.166745752294, "IR": 110.38219662671544, "savUSD": 4200017.654640707, "ylstETH": 2.337739360987576, "HENLO": 112.62532919316604, "KDK": 2335.659809351997, "PT-iBGT-25DEC2025": 5.74123339162813, "uniBTC": 47804.9675562035, "SolvBTC.BBN": 114.81996974063138, "wgBERA": 1934.353536614149, "ylpumpBTC": 4.594793490004088, "ylBTCLST": 126.76393976105217, "STONE": 17027.77187263913, "LBTC": 29858.90051945301, "stBTC": 25741782.384404123, "HONEY": 447737.333696853, "USDa": 2885.4355649692857, "dPT-GLP-26SEP2024": 15113.595364562727, "PENDLE": 434247.1956347534, "JONES": 43.50127527135749, "dGLV [WETH-USDC]": 413088.8786325777, "dPT-ezETH-27JUN2024": 256.8116004228542, "dGM": 8999708.555842333, "dPT-wstETH-27JUN2024": 589.4523376669475, "dARB": 7394.775160417344, "ezETH": 33740.50904492553, "dPT-weETH-26DEC2024": 153.0748721936179, "RDNT": 752.0371088191725, "dfsGLP": 7.900252655449166, "GRAIL": 15149.628964419166, "dPT-weETH-26SEP2024": 81.19852415077315, "XAI": 1213.6458071859704, "PREMIA": 2754.8211465055615, "MAGIC": 2629.859240873497, "wstETH": 5018515.575786316, "dplvGLP": 136.33500999652261, "USDS": 3714.899254085651, "DPX": 6.551456991563027, "tBTC": 462.3187626348149, "dPT-weETH-27JUN2024": 665.2848517880947, "dGMX": 646480.9907509793, "dGLV [WBTC-USDC]": 327204.8631539901, "ARB": 212763.71006840863, "dPT-ezETH-26SEP2024": 3761.2320491259816, "dPT-weETH-25APR2024": 50.64822752788374, "USDC": 127951459.07133077, "AAVE": 12325.393256460482, "dPT-rETH-26JUN2025": 5.911822414352113, "dPT-rsETH-26SEP2024": 976.5518474376593, "WOETH": 24.97146628364447, "DAI": 33669.98323504633, "sUSDS": 20.16098736074597, "rETH": 39099.407885075634, "LINK": 717437.8999459666, "UNI": 1023898.084130662, "GMX": 10499.964032125396, "USDT": 504150.83615570224, "MIM": 1405.702357630813, "dPT-wstETH-26JUN2025": 30.311548883641855, "stcUSD": 19910.53279045335, "USD1": 192209880.84284532, "cbBTC": 30779.902573915944, "cUSD": 25.178368731959797, "wsrUSD": 230.37266087996744, "CRV": 19968.520860997854, "mETH": 3520952.019584926, "WLFI": 401470344.84058386, "dPT-mETH-26DEC2024": 309.52246629481795, "USDY": 411.85044455836885, "dWMNT": 2.2718200368860098, "WMNT": 10036.320491494456, "dPT-cmETH-13FEB2025": 306.3024933062199, "dPT-USDe-25JUL2024": 11.165079787422387, "FBTC": 1646.1963952750352, "dPT-sMNT-3OCT2024": 19.684338619022856, "cmETH": 6689.909410327725, "dPT-USDe-26DEC2024": 61.900056475485584, "POL": 24.37370165258883, "USDC.E": 1341.9329187198425, "MATIC": 412.57096720216725, "WOKB": 369.75811608119017}}], "chainTokensInUsd": {"Berachain": {"WBTC": 991708.9895935447, "rUSD": 31951.742509329448, "DOLO": 404933.6941109165, "sWBERA": 323745.21727567463, "OHM": 95445.38127382688, "NECT": 16983.825991447324, "pumpBTC.bera": 1937.1623030950357, "sUSDe": 49383.84350342775, "sUSDa": 2.5650367756000048, "WETH": 862987.882326379, "rsETH": 7.73323371733219, "SolvBTC": 32224.452361666416, "srUSD": 6032.680525010295, "USDC.e": 4327954.079057603, "diBGT": 188677.1573846004, "USDe": 30418.5181516702, "pol-rUSD": 434.93348250532284, "eBTC": 388.1829359711704, "BYUSD": 93842.73728399399, "WBERA": 1391866.7209316047, "oriBGT": 459815.770046853, "beraETH": 233593.26007041166, "USD\u20ae0": 681559.8633583548, "weETH": 306092.353710669, "rswETH": 12142.842474967667, "SBTC": 11.494433640022791, "iBERA": 13409.166745752294, "IR": 110.38219662671544, "savUSD": 4200017.654640707, "ylstETH": 2.337739360987576, "HENLO": 112.62532919316604, "KDK": 2335.659809351997, "PT-iBGT-25DEC2025": 5.74123339162813, "uniBTC": 47655.69206536822, "SolvBTC.BBN": 114.81996974063138, "wgBERA": 1934.353536614149, "ylpumpBTC": 4.594793490004088, "ylBTCLST": 126.76393976105217, "STONE": 17027.77187263913, "LBTC": 29858.90051945301, "stBTC": 25741782.384404123, "HONEY": 447737.333696853, "USDa": 2885.4355649692857}, "Arbitrum": {"dPT-GLP-26SEP2024": 15113.595364562727, "PENDLE": 434247.1956347534, "JONES": 43.50127527135749, "dGLV [WETH-USDC]": 413088.8786325777, "dPT-ezETH-27JUN2024": 256.8116004228542, "dGM": 8999708.555842333, "dPT-wstETH-27JUN2024": 589.4523376669475, "dARB": 7394.775160417344, "ezETH": 33740.50904492553, "dPT-weETH-26DEC2024": 153.0748721936179, "WBTC": 4311433.2334427945, "RDNT": 752.0371088191725, "dfsGLP": 7.900252655449166, "weETH": 30050.536032255273, "GRAIL": 15149.628964419166, "rsETH": 322.80669579792203, "dPT-weETH-26SEP2024": 81.19852415077315, "XAI": 1213.6458071859704, "PREMIA": 2754.8211465055615, "MAGIC": 2629.859240873497, "wstETH": 215136.78995233023, "dplvGLP": 136.33500999652261, "USDe": 2143.7153299503557, "USDS": 3714.899254085651, "uniBTC": 149.27549083528163, "DPX": 6.551456991563027, "tBTC": 462.3187626348149, "dPT-weETH-27JUN2024": 665.2848517880947, "dGMX": 646480.9907509793, "dGLV [WBTC-USDC]": 327204.8631539901, "WETH": 5832433.554614823, "ARB": 212763.71006840863, "dPT-ezETH-26SEP2024": 3761.2320491259816, "dPT-weETH-25APR2024": 50.64822752788374, "USDC": 3994011.869451243, "AAVE": 12325.393256460482, "dPT-rETH-26JUN2025": 5.911822414352113, "dPT-rsETH-26SEP2024": 976.5518474376593, "WOETH": 24.97146628364447, "DAI": 33462.85414411986, "sUSDS": 20.16098736074597, "rETH": 39099.407885075634, "LINK": 708199.0987510374, "UNI": 1023898.084130662, "GMX": 10499.964032125396, "USDT": 242253.5688210632, "MIM": 1405.702357630813, "dPT-wstETH-26JUN2025": 30.311548883641855, "USDC.e": 122328.51837672845}, "Ethereum": {"rUSD": 5.119431816387696, "DOLO": 129867.94176328341, "WBTC": 2332644.6585394563, "LINK": 9238.801194929114, "srUSD": 826729.4221581391, "wstETH": 4803378.785833986, "stcUSD": 19910.53279045335, "USD1": 192209880.84284532, "sUSDe": 567.652260220454, "USDC": 123956624.95759034, "WETH": 54256392.22215666, "cbBTC": 30779.902573915944, "cUSD": 25.178368731959797, "weETH": 16952576.220105663, "wsrUSD": 230.37266087996744, "CRV": 19968.520860997854, "mETH": 3464311.659917466, "WLFI": 401470344.84058386, "USDT": 247657.9300385009}, "Mantle": {"USDC": 767.7865522778284, "USDT": 13681.330718080886, "dPT-mETH-26DEC2024": 309.52246629481795, "USDY": 411.85044455836885, "USDe": 167.23633807973755, "dWMNT": 2.2718200368860098, "WMNT": 10036.320491494456, "dPT-cmETH-13FEB2025": 306.3024933062199, "dPT-USDe-25JUL2024": 11.165079787422387, "FBTC": 1646.1963952750352, "WBTC": 838.9654608134188, "mETH": 56640.35966746004, "WETH": 3733.0059191570836, "dPT-sMNT-3OCT2024": 19.684338619022856, "cmETH": 6689.909410327725, "dPT-USDe-26DEC2024": 61.900056475485584}, "Polygon zkEVM": {"USDT": 396.5440259908066, "POL": 24.37370165258883, "USDC.E": 1341.9329187198425, "WETH": 4884.822507373056, "MATIC": 412.57096720216725, "DAI": 207.12909092647467, "WBTC": 1.7302770038885988}, "X Layer": {"USDT": 161.46255206648038,