{"currentChainTvls": {"Berachain": 36215678.86629288, "Berachain-borrowed": 4951592.461798326, "Ethereum": 524194437.2343975, "Ethereum-borrowed": 289080210.41588277, "Mantle": 83143.73483443387, "Mantle-borrowed": 13137.629062335624, "Polygon zkEVM": 7134.630963389269, "Polygon zkEVM-borrowed": 134.4725254795557, "X Layer": 922.6706865045943, "X Layer-borrowed": 179.70915740269163, "borrowed": 294045254.6884263}, "tokensInUsd": [{"tokens": {"WBTC": 3320805.1438585958, "rUSD": 31770.25839726947, "DOLO": 589072.4087834153, "sWBERA": 349484.7202216387, "OHM": 96520.68827150862, "NECT": 16984.661593843073, "pumpBTC.bera": 1937.1623030950357, "sUSDe": 49936.94400411829, "sUSDa": 2.5650367756000048, "WETH": 56808948.06791795, "rsETH": 7.73323371733219, "SolvBTC": 33579.12488024928, "srUSD": 794849.5217471918, "USDC.e": 4224922.741226983, "diBGT": 216587.35154028866, "USDe": 28845.699921776428, "pol-rUSD": 434.93348250532284, "eBTC": 388.1829359711704, "BYUSD": 84442.46127424133, "WBERA": 1460076.326239714, "oriBGT": 489128.8866068632, "beraETH": 257953.65227069883, "USD\u20ae0": 640834.9667793105, "weETH": 22705156.32516194, "rswETH": 12142.842474967667, "SBTC": 11.494433640022791, "iBERA": 14263.529041800964, "IR": 132.97857784570368, "savUSD": 4200017.654640707, "ylstETH": 2.337739360987576, "HENLO": 55.400394587943005, "KDK": 2335.659809351997, "PT-iBGT-25DEC2025": 5.74123339162813, "uniBTC": 52210.92644492446, "SolvBTC.BBN": 114.81996974063138, "wgBERA": 1934.353536614149, "ylpumpBTC": 4.594793490004088, "ylBTCLST": 126.76393976105217, "STONE": 18655.815524274953, "LBTC": 31334.80529781731, "stBTC": 25741782.384404123, "HONEY": 453520.67875279544, "USDa": 2885.4442030670066, "LINK": 391.46171902990847, "stcUSD": 19910.53279045335, "USD1": 184100805.31000456, "USDC": 128620296.51571958, "cbBTC": 32814.369421967705, "cUSD": 25.178368731959797, "wsrUSD": 230.37266087996744, "CRV": 19968.520860997854, "mETH": 3522199.27556871, "WLFI": 415263947.59446865, "USDT": 210135.84760623306, "dPT-mETH-26DEC2024": 309.52246629481795, "USDY": 411.85044455836885, "dWMNT": 2.2718200368860098, "WMNT": 9812.136387351746, "dPT-cmETH-13FEB2025": 306.3024933062199, "dPT-USDe-25JUL2024": 11.165079787422387, "FBTC": 1434.493367647839, "dPT-sMNT-3OCT2024": 19.684338619022856, "cmETH": 6913.002260579907, "dPT-USDe-26DEC2024": 61.900056475485584, "POL": 24.37370165258883, "USDC.E": 1341.9329187198425, "MATIC": 412.57096720216725, "DAI": 207.12909092647467, "WOKB": 369.75811608119017}}], "chainTokensInUsd": {"Berachain": {"WBTC": 1024635.8481949081, "rUSD": 31765.138965453083, "DOLO": 453269.68676794297, "sWBERA": 349484.7202216387, "OHM": 96520.68827150862, "NECT": 16984.661593843073, "pumpBTC.bera": 1937.1623030950357, "sUSDe": 49369.29174389783, "sUSDa": 2.5650367756000048, "WETH": 856443.6774927223, "rsETH": 7.73323371733219, "SolvBTC": 33579.12488024928, "srUSD": 6032.680525010295, "USDC.e": 4224922.741226983, "diBGT": 216587.35154028866, "USDe": 28678.46358369669, "pol-rUSD": 434.93348250532284, "eBTC": 388.1829359711704, "BYUSD": 84442.46127424133, "WBERA": 1460076.326239714, "oriBGT": 489128.8866068632, "beraETH": 257953.65227069883, "USD\u20ae0": 640834.9667793105, "weETH": 312252.1577079171, "rswETH": 12142.842474967667, "SBTC": 11.494433640022791, "iBERA": 14263.529041800964, "IR": 132.97857784570368, "savUSD": 4200017.654640707, "ylstETH": 2.337739360987576, "HENLO": 55.400394587943005, "KDK": 2335.659809351997, "PT-iBGT-25DEC2025": 5.74123339162813, "uniBTC": 52210.92644492446, "SolvBTC.BBN": 114.81996974063138, "wgBERA": 1934.353536614149, "ylpumpBTC": 4.594793490004088, "ylBTCLST": 126.76393976105217, "STONE": 18655.815524274953, "LBTC": 31334.80529781731, "stBTC": 25741782.384404123, "HONEY": 453520.67875279544, "USDa": 2885.4442030670066}, "Ethereum": {"rUSD": 5.119431816387696, "DOLO": 135802.72201547242, "WBTC": 2295328.59992587, "LINK": 391.46171902990847, "srUSD": 788816.8412221815, "stcUSD": 19910.53279045335, "USD1": 184100805.31000456, "sUSDe": 567.652260220454, "USDC": 128619473.78966874, "WETH": 55943454.498130195, "cbBTC": 32814.369421967705, "cUSD": 25.178368731959797, "weETH": 22392904.167454023, "wsrUSD": 230.37266087996744, "CRV": 19968.520860997854, "mETH": 3464311.659917466, "WLFI": 415263947.59446865, "USDT": 195889.25995893602}, "Mantle": {"USDC": 768.268313928074, "USDT": 13688.581069239724, "dPT-mETH-26DEC2024": 309.52246629481795, "USDY": 411.85044455836885, "USDe": 167.23633807973755, "dWMNT": 2.2718200368860098, "WMNT": 9812.136387351746, "dPT-cmETH-13FEB2025": 306.3024933062199, "dPT-USDe-25JUL2024": 11.165079787422387, "FBTC": 1434.493367647839, "WBTC": 838.9654608134188, "mETH": 57887.61565124418, "WETH": 3648.3683488066577, "dPT-sMNT-3OCT2024": 19.684338619022856, "cmETH": 6913.002260579907, "dPT-USDe-26DEC2024": 61.900056475485584}, "Polygon zkEVM": {"USDT": 396.5440259908066, "POL": 24.37370165258883, "USDC.E": 1341.9329187198425, "WETH": 4884.822507373056, "MATIC": 412.57096720216725, "DAI": 207.12909092647467, "WBTC": 1.7302770038885988}, "X Layer": {"USDT": 161.46255206648038, "WETH": 516.7014388535599, "USDC": 54.457736906055366, "WOKB": 369.75811608119017}}, "supplyLiquidity": 854546571.8256011, "totalTvl": 560501317.1371747, "totalBorrowed": 294045254.6884263, "last_updated": "2026-04-18T03:10:04Z"}