{"currentChainTvls": {"Berachain": 36198138.970417224, "Berachain-borrowed": 5020754.969396862, "Ethereum": 498175440.9287152, "Ethereum-borrowed": 294027492.2348783, "Mantle": 80221.9675004964, "Mantle-borrowed": 13101.23759868562, "Polygon zkEVM": 7134.630963389269, "Polygon zkEVM-borrowed": 134.4725254795557, "X Layer": 922.6706865045943, "X Layer-borrowed": 179.70915740269163, "borrowed": 299061662.62355673}, "tokensInUsd": [{"tokens": {"WBTC": 3650499.5039426517, "rUSD": 32419.855116143604, "DOLO": 542025.1441186314, "sWBERA": 335797.41183713597, "OHM": 95550.11104680476, "NECT": 16983.30351604587, "pumpBTC.bera": 1937.1623030950357, "sUSDe": 49955.781332999315, "sUSDa": 2.5650367756000048, "WETH": 52122455.724371634, "rsETH": 7.73323371733219, "SolvBTC": 31615.828365562444, "srUSD": 882822.0587785727, "USDC.e": 4302098.273865196, "diBGT": 193498.60337876694, "USDe": 30835.01246262357, "pol-rUSD": 434.93348250532284, "eBTC": 388.1829359711704, "BYUSD": 84416.27390548549, "WBERA": 1432229.473806415, "oriBGT": 471477.3568689233, "beraETH": 233966.048735845, "USD\u20ae0": 829775.88529954, "weETH": 14909445.418456042, "rswETH": 12142.842474967667, "SBTC": 11.494433640022791, "iBERA": 13634.474376473483, "IR": 98.27181381880946, "savUSD": 4200059.659437781, "ylstETH": 2.337739360987576, "HENLO": 112.62532919316604, "KDK": 2335.659809351997, "PT-iBGT-25DEC2025": 5.74123339162813, "uniBTC": 47655.69206536822, "SolvBTC.BBN": 114.81996974063138, "wgBERA": 1934.353536614149, "ylpumpBTC": 4.594793490004088, "ylBTCLST": 126.76393976105217, "STONE": 15086.672426046065, "LBTC": 30592.98628290208, "stBTC": 25741782.384404123, "HONEY": 468324.66302480915, "USDa": 2885.43005541363, "LINK": 9165.238222992471, "wstETH": 6327244.159599363, "stcUSD": 19910.53279045335, "USD1": 198303356.8906407, "USDC": 121309141.83694108, "cbBTC": 30779.902573915944, "cUSD": 25.178368731959797, "wsrUSD": 230.37266087996744, "CRV": 21399.712633912775, "mETH": 3519121.0333033, "WLFI": 392891328.6553993, "USDT": 282679.99115579674, "dPT-mETH-26DEC2024": 309.52246629481795, "USDY": 411.85044455836885, "dWMNT": 2.2718200368860098, "WMNT": 10065.451559700577, "dPT-cmETH-13FEB2025": 306.3024933062199, "dPT-USDe-25JUL2024": 11.165079787422387, "FBTC": 1646.1963952750352, "dPT-sMNT-3OCT2024": 19.684338619022856, "cmETH": 6399.064757095076, "dPT-USDe-26DEC2024": 61.900056475485584, "POL": 24.37370165258883, "USDC.E": 1341.9329187198425, "MATIC": 412.57096720216725, "DAI": 207.12909092647467, "WOKB": 369.75811608119017}}], "chainTokensInUsd": {"Berachain": {"WBTC": 1031039.9330850418, "rUSD": 32143.245089490996, "DOLO": 412157.202355348, "sWBERA": 335797.41183713597, "OHM": 95550.11104680476, "NECT": 16983.30351604587, "pumpBTC.bera": 1937.1623030950357, "sUSDe": 49388.12907277886, "sUSDa": 2.5650367756000048, "WETH": 800348.35146197, "rsETH": 7.73323371733219, "SolvBTC": 31615.828365562444, "srUSD": 6032.680525010295, "USDC.e": 4302098.273865196, "diBGT": 193498.60337876694, "USDe": 30650.478600739167, "pol-rUSD": 434.93348250532284, "eBTC": 388.1829359711704, "BYUSD": 84416.27390548549, "WBERA": 1432229.473806415, "oriBGT": 471477.3568689233, "beraETH": 233966.048735845, "USD\u20ae0": 829775.88529954, "weETH": 290043.30485967797, "rswETH": 12142.842474967667, "SBTC": 11.494433640022791, "iBERA": 13634.474376473483, "IR": 98.27181381880946, "savUSD": 4200059.659437781, "ylstETH": 2.337739360987576, "HENLO": 112.62532919316604, "KDK": 2335.659809351997, "PT-iBGT-25DEC2025": 5.74123339162813, "uniBTC": 47655.69206536822, "SolvBTC.BBN": 114.81996974063138, "wgBERA": 1934.353536614149, "ylpumpBTC": 4.594793490004088, "ylBTCLST": 126.76393976105217, "STONE": 15086.672426046065, "LBTC": 30592.98628290208, "stBTC": 25741782.384404123, "HONEY": 468324.66302480915, "USDa": 2885.43005541363}, "Ethereum": {"rUSD": 276.6100266526082, "DOLO": 129867.94176328341, "WBTC": 2618618.8751197923, "LINK": 9165.238222992471, "srUSD": 876789.3782535624, "wstETH": 6327244.159599363, "stcUSD": 19910.53279045335, "USD1": 198303356.8906407, "sUSDe": 567.652260220454, "USDC": 121308319.59265189, "WETH": 51312896.027809344, "cbBTC": 30779.902573915944, "cUSD": 25.178368731959797, "weETH": 14619402.113596365, "wsrUSD": 230.37266087996744, "CRV": 21399.712633912775, "mETH": 3464311.659917466, "WLFI": 392891328.6553993, "USDT": 268442.6693046108}, "Mantle": {"USDC": 767.7865522778284, "USDT": 13679.31527312863, "dPT-mETH-26DEC2024": 309.52246629481795, "USDY": 411.85044455836885, "USDe": 184.5338618844023, "dWMNT": 2.2718200368860098, "WMNT": 10065.451559700577, "dPT-cmETH-13FEB2025": 306.3024933062199, "dPT-USDe-25JUL2024": 11.165079787422387, "FBTC": 1646.1963952750352, "WBTC": 838.9654608134188, "mETH": 54809.37338583389, "WETH": 3809.8211540949396, "dPT-sMNT-3OCT2024": 19.684338619022856, "cmETH": 6399.064757095076, "dPT-USDe-26DEC2024": 61.900056475485584}, "Polygon zkEVM": {"USDT": 396.5440259908066, "POL": 24.37370165258883, "USDC.E": 1341.9329187198425, "WETH": 4884.822507373056, "MATIC": 412.57096720216725, "DAI": 207.12909092647467, "WBTC": 1.7302770038885988}, "X Layer": {"USDT": 161.46255206648038, "WETH": 516.7014388535599, "USDC": 54.457736906055366, "WOKB": 369.75811608119017}}, "supplyLiquidity": 833523521.7918396, "totalTvl": 534461859.1682828, "totalBorrowed": 299061662.62355673, "last_updated": "2026-04-11T13:28:57Z"}