{"currentChainTvls": {"Berachain": 35763548.626451045, "Berachain-borrowed": 4926916.757175479, "Arbitrum": 16410046.059848335, "Arbitrum-borrowed": 8026072.083530519, "Ethereum": 475024328.8538641, "Ethereum-borrowed": 305538926.6328647, "Mantle": 70040.15686333957, "Mantle-borrowed": 12994.38375012888, "Polygon zkEVM": 7134.630963389269, "Polygon zkEVM-borrowed": 134.4725254795557, "X Layer": 922.6706865045943, "X Layer-borrowed": 179.70915740269163, "borrowed": 318505224.03900373}, "tokensInUsd": [{"tokens": {"WBTC": 5080080.135402261, "rUSD": 31820.625040346677, "DOLO": 558665.6014084172, "sWBERA": 320703.63079397083, "OHM": 16561.721938950523, "NECT": 16976.391987044582, "pumpBTC.bera": 1232.7918840818518, "sUSDe": 48758.76434920648, "sUSDa": 2.5650367756000048, "WETH": 56852168.92852033, "rsETH": 364.4101264064965, "SolvBTC": 33902.140137841234, "srUSD": 772194.1738962183, "USDC.e": 4307875.8276171, "diBGT": 175210.1181243057, "USDe": 30149.344080912168, "pol-rUSD": 434.93348250532284, "eBTC": 388.1829359711704, "BYUSD": 82308.7821964731, "WBERA": 1398447.457907725, "oriBGT": 477858.8597119998, "beraETH": 249755.7314413657, "USD\u20ae0": 613193.9988909259, "weETH": 34939658.551363155, "rswETH": 12142.842474967667, "SBTC": 11.494433640022791, "iBERA": 13519.734554572986, "IR": 141.8529064488065, "savUSD": 4151313.6482202257, "ylstETH": 2.337739360987576, "HENLO": 55.400394587943005, "KDK": 2335.659809351997, "PT-iBGT-25DEC2025": 5.74123339162813, "uniBTC": 52031.66271442898, "SolvBTC.BBN": 114.81996974063138, "wgBERA": 1934.353536614149, "ylpumpBTC": 4.594793490004088, "ylBTCLST": 126.76393976105217, "STONE": 18216.173082853136, "LBTC": 32142.837287731254, "stBTC": 25741782.384404123, "HONEY": 372203.37909112475, "USDa": 2885.4535629935435, "dPT-GLP-26SEP2024": 15113.595364562727, "PENDLE": 509913.3088440532, "JONES": 43.50127527135749, "dGLV [WETH-USDC]": 433156.46272819606, "dPT-ezETH-27JUN2024": 256.8116004228542, "dGM": 8811622.742583985, "dPT-wstETH-27JUN2024": 589.4523376669475, "dARB": 7394.775160417344, "ezETH": 36392.5430008435, "dPT-weETH-26DEC2024": 153.0748721936179, "RDNT": 668.9898918038934, "dfsGLP": 7.900252655449166, "GRAIL": 18547.42073226418, "dPT-weETH-26SEP2024": 81.19852415077315, "XAI": 1340.6679425334235, "PREMIA": 2754.8211465055615, "MAGIC": 3175.2921303533326, "wstETH": 7020900.496762547, "dplvGLP": 136.33500999652261, "USDS": 3702.439835295704, "tBTC": 709.4863623882864, "dPT-weETH-27JUN2024": 665.2848517880947, "dGMX": 668051.3466356094, "dGLV [WBTC-USDC]": 496092.89350414777, "ARB": 230177.21416655116, "dPT-ezETH-26SEP2024": 3761.2320491259816, "dPT-weETH-25APR2024": 50.64822752788374, "USDC": 121278933.57620455, "AAVE": 11769.660564471396, "dPT-rETH-26JUN2025": 5.911822414352113, "dPT-rsETH-26SEP2024": 976.5518474376593, "WOETH": 24.97146628364447, "DAI": 33054.33554503706, "sUSDS": 20.16098736074597, "rETH": 41830.531030138656, "LINK": 685207.9086374515, "UNI": 1074041.0992607593, "GMX": 11592.085634782603, "USDT": 587818.1837943787, "MIM": 1406.648664351412, "dPT-wstETH-26JUN2025": 30.311548883641855, "stcUSD": 18503.458046033007, "USD1": 169836835.8932484, "cbBTC": 32867.229402234225, "cUSD": 25.178368731959797, "wsrUSD": 230.37266087996744, "CRV": 19968.520860997854, "mETH": 3520735.0142442365, "WLFI": 393929484.8325849, "dPT-mETH-26DEC2024": 309.52246629481795, "USDY": 411.9393359172096, "dWMNT": 2.2718200368860098, "WMNT": 9450.056872460322, "dPT-cmETH-13FEB2025": 306.3024933062199, "dPT-USDe-25JUL2024": 11.165079787422387, "FBTC": 1480.305893255713, "dPT-sMNT-3OCT2024": 19.684338619022856, "cmETH": 6536.0789792860505, "dPT-USDe-26DEC2024": 61.900056475485584, "POL": 24.37370165258883, "USDC.E": 1341.9329187198425, "MATIC": 412.57096720216725, "WOKB": 369.75811608119017}}], "chainTokensInUsd": {"Berachain": {"WBTC": 988450.873610813, "rUSD": 31815.50560853029, "DOLO": 440947.81627258717, "sWBERA": 320703.63079397083, "OHM": 16561.721938950523, "NECT": 16976.391987044582, "pumpBTC.bera": 1232.7918840818518, "sUSDe": 48191.5261157668, "sUSDa": 2.5650367756000048, "WETH": 860629.0855421983, "rsETH": 7.73323371733219, "SolvBTC": 33902.140137841234, "srUSD": 6042.024007090418, "USDC.e": 4188691.985421812, "diBGT": 175210.1181243057, "USDe": 28716.049937870746, "pol-rUSD": 434.93348250532284, "eBTC": 388.1829359711704, "BYUSD": 82308.7821964731, "WBERA": 1398447.457907725, "oriBGT": 477858.8597119998, "beraETH": 249755.7314413657, "USD\u20ae0": 613193.9988909259, "weETH": 309177.3852177606, "rswETH": 12142.842474967667, "SBTC": 11.494433640022791, "iBERA": 13519.734554572986, "IR": 141.8529064488065, "savUSD": 4151313.6482202257, "ylstETH": 2.337739360987576, "HENLO": 55.400394587943005, "KDK": 2335.659809351997, "PT-iBGT-25DEC2025": 5.74123339162813, "uniBTC": 51878.62075346951, "SolvBTC.BBN": 114.81996974063138, "wgBERA": 1934.353536614149, "ylpumpBTC": 4.594793490004088, "ylBTCLST": 126.76393976105217, "STONE": 18216.173082853136, "LBTC": 32142.837287731254, "stBTC": 25741782.384404123, "HONEY": 372203.37909112475, "USDa": 2885.4535629935435}, "Arbitrum": {"dPT-GLP-26SEP2024": 15113.595364562727, "PENDLE": 509913.3088440532, "JONES": 43.50127527135749, "dGLV [WETH-USDC]": 433156.46272819606, "dPT-ezETH-27JUN2024": 256.8116004228542, "dGM": 8811622.742583985, "dPT-wstETH-27JUN2024": 589.4523376669475, "dARB": 7394.775160417344, "ezETH": 36392.5430008435, "dPT-weETH-26DEC2024": 153.0748721936179, "WBTC": 2800101.4458018267, "RDNT": 668.9898918038934, "dfsGLP": 7.900252655449166, "weETH": 156885.75096225252, "GRAIL": 18547.42073226418, "rsETH": 356.6768926891643, "dPT-weETH-26SEP2024": 81.19852415077315, "XAI": 1340.6679425334235, "PREMIA": 2754.8211465055615, "MAGIC": 3175.2921303533326, "wstETH": 217340.6548911455, "dplvGLP": 136.33500999652261, "USDe": 1265.922199092857, "USDS": 3702.439835295704, "uniBTC": 153.04196095946716, "tBTC": 709.4863623882864, "dPT-weETH-27JUN2024": 665.2848517880947, "dGMX": 668051.3466356094, "dGLV [WBTC-USDC]": 496092.89350414777, "WETH": 3985735.2412073743, "ARB": 230177.21416655116, "dPT-ezETH-26SEP2024": 3761.2320491259816, "dPT-weETH-25APR2024": 50.64822752788374, "USDC": 3821767.834816324, "AAVE": 11769.660564471396, "dPT-rETH-26JUN2025": 5.911822414352113, "dPT-rsETH-26SEP2024": 976.5518474376593, "WOETH": 24.97146628364447, "DAI": 32847.20645411059, "sUSDS": 20.16098736074597, "rETH": 41830.531030138656, "LINK": 685035.010456122, "UNI": 1074041.0992607593, "GMX": 11592.085634782603, "USDT": 229188.14368447315, "MIM": 1406.648664351412, "dPT-wstETH-26JUN2025": 30.311548883641855, "USDC.e": 119183.84219528848}, "Ethereum": {"rUSD": 5.119431816387696, "DOLO": 117717.78513583001, "WBTC": 1290687.1202518046, "LINK": 172.89818132952303, "srUSD": 766152.1498891279, "wstETH": 6803559.841871401, "stcUSD": 18503.458046033007, "USD1": 169836835.8932484, "sUSDe": 567.2382334396826, "USDC": 117456343.07409939, "WETH": 51996707.23191186, "cbBTC": 32867.229402234225, "cUSD": 25.178368731959797, "weETH": 34473595.41518314, "wsrUSD": 230.37266087996744, "CRV": 19968.520860997854, "mETH": 3475469.929616269, "WLFI": 393929484.8325849, "USDT": 344362.19775115495}, "Mantle": {"USDC": 768.2095519341935, "USDT": 13709.835780693365, "dPT-mETH-26DEC2024": 309.52246629481795, "USDY": 411.9393359172096, "USDe": 167.3719439485649, "dWMNT": 2.2718200368860098, "WMNT": 9450.056872460322, "dPT-cmETH-13FEB2025": 306.3024933062199, "dPT-USDe-25JUL2024": 11.165079787422387, "FBTC": 1480.305893255713, "WBTC": 838.9654608134188, "mETH": 45265.08462796735, "WETH": 3695.845912672414, "dPT-sMNT-3OCT2024": 19.684338619022856, "cmETH": 6536.0789792860505, "dPT-USDe-26DEC2024": 61.900056475485584}, "Polygon zkEVM": {"USDT": 396.5440259908066, "POL": 24.37370165258883, "USDC.E": 1341.9329187198425, "WETH": 4884.822507373056, "MATIC": 412.57096720216725, "DAI": 207.12909092647467, "WBTC": 1.7302770038885988}, "X Layer": {"USDT": 161.46255206648038, "WETH": 516.7014388535599, "USDC": 54.457736906055366,