{"currentChainTvls": {"Berachain": 35680729.59208703, "Berachain-borrowed": 4919921.428661607, "Arbitrum": 16887940.07570141, "Arbitrum-borrowed": 8543352.891235583, "Ethereum": 478872621.08574784, "Ethereum-borrowed": 302955961.7134485, "Botanix": 182356.48110763414, "Botanix-borrowed": 61976.51531954518, "Mantle": 68561.87477044409, "Mantle-borrowed": 12937.208117655442, "Polygon zkEVM": 7134.630963389269, "Polygon zkEVM-borrowed": 134.4725254795557, "X Layer": 922.6706865045943, "X Layer-borrowed": 179.70915740269163, "borrowed": 316494463.9384658}, "tokensInUsd": [{"tokens": {"WBTC": 4840002.649939684, "rUSD": 31824.064037381697, "DOLO": 558456.0700911307, "sWBERA": 330998.96178508, "OHM": 16561.721938950523, "NECT": 16976.542245823526, "pumpBTC.bera": 1232.7918840818518, "sUSDe": 97049.51242964773, "sUSDa": 2.5650367756000048, "WETH": 54701193.92183088, "rsETH": 379.4747979392909, "SolvBTC": 33796.36994659635, "srUSD": 770955.0975615351, "USDC.e": 4387405.130023578, "diBGT": 169309.67609455896, "USDe": 30146.179384444644, "pol-rUSD": 434.93348250532284, "eBTC": 388.1829359711704, "BYUSD": 83352.80880489522, "WBERA": 1357986.7428576523, "oriBGT": 457114.5571547503, "beraETH": 247991.2712075249, "USD\u20ae0": 613334.8366228526, "weETH": 35301467.29142838, "rswETH": 12142.842474967667, "SBTC": 11.494433640022791, "iBERA": 12978.993058809821, "IR": 141.8529064488065, "savUSD": 4151313.6482202257, "ylstETH": 2.337739360987576, "HENLO": 55.400394587943005, "KDK": 2335.659809351997, "PT-iBGT-25DEC2025": 5.74123339162813, "uniBTC": 52031.66271442898, "SolvBTC.BBN": 114.81996974063138, "wgBERA": 1934.353536614149, "ylpumpBTC": 4.594793490004088, "ylBTCLST": 126.76393976105217, "STONE": 18216.173082853136, "LBTC": 32142.837287731254, "stBTC": 25916506.61713127, "HONEY": 379483.669158127, "USDa": 2885.4535629935435, "dPT-GLP-26SEP2024": 15113.595364562727, "PENDLE": 492350.1978482327, "JONES": 43.50127527135749, "dGLV [WETH-USDC]": 433031.14365554816, "dPT-ezETH-27JUN2024": 256.8116004228542, "dGM": 8416000.19387905, "dPT-wstETH-27JUN2024": 589.4523376669475, "dARB": 7394.775160417344, "ezETH": 46248.35745815684, "dPT-weETH-26DEC2024": 153.0748721936179, "RDNT": 664.1181732069108, "dfsGLP": 7.900252655449166, "GRAIL": 17976.039167818537, "dPT-weETH-26SEP2024": 81.19852415077315, "XAI": 1280.7536429899612, "PREMIA": 2754.8211465055615, "MAGIC": 3175.2921303533326, "wstETH": 5451770.326026826, "dplvGLP": 136.33500999652261, "USDS": 3702.439835295704, "tBTC": 717.1166208414243, "dPT-weETH-27JUN2024": 665.2848517880947, "dGMX": 716675.9006459586, "dGLV [WBTC-USDC]": 506471.9467379879, "ARB": 227699.51576318877, "dPT-ezETH-26SEP2024": 3761.2320491259816, "dPT-weETH-25APR2024": 50.64822752788374, "USDC": 124931761.10423793, "AAVE": 11769.660564471396, "dPT-rETH-26JUN2025": 5.911822414352113, "dPT-rsETH-26SEP2024": 976.5518474376593, "WOETH": 24.97146628364447, "DAI": 33059.36499840343, "sUSDS": 20.16098736074597, "rETH": 41825.74722058572, "LINK": 670929.4122892643, "UNI": 1044922.5523347575, "GMX": 11987.7741851582, "USDT": 464036.6512206508, "MIM": 1407.0055173676037, "dPT-wstETH-26JUN2025": 30.311548883641855, "stcUSD": 18503.458046033007, "USD1": 176672521.29086903, "cbBTC": 32866.2891735024, "cUSD": 25.178368731959797, "wsrUSD": 230.37266087996744, "CRV": 19968.520860997854, "mETH": 3607762.54659792, "WLFI": 389624295.86329573, "pBTC": 5888.194125238347, "oUSDT": 17.268456841796652, "dPT-mETH-26DEC2024": 309.52246629481795, "USDY": 411.9393359172096, "dWMNT": 2.2718200368860098, "WMNT": 9361.470075815612, "dPT-cmETH-13FEB2025": 306.3024933062199, "dPT-USDe-25JUL2024": 11.165079787422387, "FBTC": 1405.2801585787383, "dPT-sMNT-3OCT2024": 19.684338619022856, "cmETH": 6287.77407751873, "dPT-USDe-26DEC2024": 61.900056475485584, "POL": 24.37370165258883, "USDC.E": 1341.9329187198425, "MATIC": 412.57096720216725, "WOKB": 369.75811608119017}}], "chainTokensInUsd": {"Berachain": {"WBTC": 983415.1732143916, "rUSD": 31818.94460556531, "DOLO": 438022.814862158, "sWBERA": 330998.96178508, "OHM": 16561.721938950523, "NECT": 16976.542245823526, "pumpBTC.bera": 1232.7918840818518, "sUSDe": 48169.01487795122, "sUSDa": 2.5650367756000048, "WETH": 823479.9686843768, "rsETH": 7.73323371733219, "SolvBTC": 33796.36994659635, "srUSD": 6042.024007090418, "USDC.e": 4201484.778943909, "diBGT": 169309.67609455896, "USDe": 28712.944667068674, "pol-rUSD": 434.93348250532284, "eBTC": 388.1829359711704, "BYUSD": 83352.80880489522, "WBERA": 1357986.7428576523, "oriBGT": 457114.5571547503, "beraETH": 247991.2712075249, "USD\u20ae0": 613334.8366228526, "weETH": 302458.0208947103, "rswETH": 12142.842474967667, "SBTC": 11.494433640022791, "iBERA": 12978.993058809821, "IR": 141.8529064488065, "savUSD": 4151313.6482202257, "ylstETH": 2.337739360987576, "HENLO": 55.400394587943005, "KDK": 2335.659809351997, "PT-iBGT-25DEC2025": 5.74123339162813, "uniBTC": 51878.62075346951, "SolvBTC.BBN": 114.81996974063138, "wgBERA": 1934.353536614149, "ylpumpBTC": 4.594793490004088, "ylBTCLST": 126.76393976105217, "STONE": 18216.173082853136, "LBTC": 32142.837287731254, "stBTC": 25741782.384404123, "HONEY": 379483.669158127, "USDa": 2885.4535629935435}, "Arbitrum": {"dPT-GLP-26SEP2024": 15113.595364562727, "PENDLE": 492350.1978482327, "JONES": 43.50127527135749, "dGLV [WETH-USDC]": 433031.14365554816, "dPT-ezETH-27JUN2024": 256.8116004228542, "dGM": 8416000.19387905, "dPT-wstETH-27JUN2024": 589.4523376669475, "dARB": 7394.775160417344, "ezETH": 46248.35745815684, "dPT-weETH-26DEC2024": 153.0748721936179, "WBTC": 2705294.673020071, "RDNT": 664.1181732069108, "dfsGLP": 7.900252655449166, "weETH": 1320952.4903642714, "GRAIL": 17976.039167818537, "rsETH": 371.7415642219587, "dPT-weETH-26SEP2024": 81.19852415077315, "XAI": 1280.7536429899612, "PREMIA": 2754.8211465055615, "MAGIC": 3175.2921303533326, "wstETH": 210953.97724651542, "dplvGLP": 136.33500999652261, "USDe": 1265.922199092857, "USDS": 3702.439835295704, "uniBTC": 153.04196095946716, "tBTC": 717.1166208414243, "dPT-weETH-27JUN2024": 665.2848517880947, "dGMX": 716675.9006459586, "dGLV [WBTC-USDC]": 506471.9467379879, "WETH": 3840647.3782093325, "ARB": 227699.51576318877, "dPT-ezETH-26SEP2024": 3761.2320491259816, "dPT-weETH-25APR2024": 50.64822752788374, "USDC": 4286617.6429381, "AAVE": 11769.660564471396, "dPT-rETH-26JUN2025": 5.911822414352113, "dPT-rsETH-26SEP2024": 976.5518474376593, "WOETH": 24.97146628364447, "DAI": 32852.235907476956, "sUSDS": 20.16098736074597, "rETH": 41825.74722058572, "LINK": 670756.5141079348, "UNI": 1044922.5523347575, "GMX": 11987.7741851582, "USDT": 229231.90317017082, "MIM": 1407.0055173676037, "dPT-wstETH-26JUN2025": 30.311548883641855, "USDC.e": 122223.1525232123}, "Ethereum": {"rUSD": 5.119431816387696, "DOLO": 120433.25522897267, "WBTC": 1150452.1079674044, "LINK": 172.89818132952303, "srUSD": 764913.0735544447, "wstETH": 5240816.348780311, "stcUSD": 18503.458046033007, "USD1": 176672521.29086903, "sUSDe": 48880.497551696506, "USDC": 120644320.71825677, "WETH": 50027963.10251677, "cbBTC": 32866.2891735024, "cUSD": 25.178368731959797, "weETH": 33678056.7801694, "wsrUSD": 230.37266087996744, "CRV": 19968.520860997854, "mETH": 3563629.70548496, "WLFI": 389624295.86329573, "USDT": 220528.2187975389}, "Botanix": {"pBTC": 5888.194125238347, "oUSDT": 17.268456841796652, "USDC.e": 63697.19855645693, "WETH": 6.1025614950012566, "stBTC": 174724.23272714723}, "Mantle": {"USDC": 768.2853061370416, "USDT": 13718.522674883796, "dPT-mETH-26DEC2024": 309.52246629481795, "USDY": 411.9393359172096, "USDe": 167.3125182831131, "dWMNT": 2.2718200368860098, "WMNT": 9361.470075815612, "dPT-cmETH-13FEB2025": 306.3024933062199, "dPT-USDe-25JUL2024": 11.165079787422387, "FBTC": 1405.2801585787383, "WBTC": 838.9654608134188, "mETH": 44132.84111295963, "WETH": 3695.845912672414, "dPT-sMNT-3OCT2024": 19.684338619022856, "cmETH": 6287.77407751873, "dPT-USDe-26DEC2024": 61.900056475485584}, "Polygon zkEVM": {"USDT": 396.5440259908066,