{"currentChainTvls": {"Berachain": 34638977.0073648, "Berachain-borrowed": 4120842.4564488144, "Arbitrum": 22287015.10249204, "Arbitrum-borrowed": 8514227.186962217, "Ethereum": 463650873.94644403, "Ethereum-borrowed": 282721512.0410625, "Botanix": 146243.2229435902, "Botanix-borrowed": 53615.67145526396, "Mantle": 69061.68510182756, "Mantle-borrowed": 12671.297729179783, "Polygon zkEVM": 7134.630963389269, "Polygon zkEVM-borrowed": 134.4725254795557, "X Layer": 922.6706865045943, "X Layer-borrowed": 179.70915740269163, "borrowed": 295423182.83534086}, "tokensInUsd": [{"tokens": {"WBTC": 6937567.527897036, "rUSD": 29274.02142875772, "DOLO": 526338.3046390387, "sWBERA": 310775.88794423436, "OHM": 19927.384548586146, "NECT": 16979.22100306554, "pumpBTC.bera": 1232.7918840818518, "sUSDe": 97182.53738600278, "sUSDa": 2.5650367756000048, "WETH": 58741457.98344726, "rsETH": 374.1540195924623, "SolvBTC": 35450.01764525851, "srUSD": 748236.6386661088, "USDC.e": 3872263.0939380336, "diBGT": 175206.33950017169, "USDe": 30069.463173180884, "pol-rUSD": 434.93348250532284, "eBTC": 388.1829359711704, "BYUSD": 83296.02357778484, "WBERA": 1200441.066815787, "oriBGT": 459204.5219154954, "beraETH": 249520.06803233197, "USD\u20ae0": 615275.3493193006, "weETH": 30206578.281777073, "rswETH": 12142.842474967667, "SBTC": 11.494433640022791, "iBERA": 12507.813786319006, "IR": 107.21034758910943, "savUSD": 3282390.111558113, "ylstETH": 2.337739360987576, "HENLO": 55.400394587943005, "KDK": 2335.659809351997, "PT-iBGT-25DEC2025": 5.74123339162813, "uniBTC": 53618.693759745154, "SolvBTC.BBN": 114.81996974063138, "wgBERA": 1934.353536614149, "ylpumpBTC": 4.594793490004088, "ylBTCLST": 126.76393976105217, "STONE": 17894.804158573716, "LBTC": 32142.837287731254, "stBTC": 25866654.248690084, "HONEY": 291936.67519024824, "USDa": 2885.4823346095372, "dPT-GLP-26SEP2024": 15113.595364562727, "PENDLE": 687099.4141870799, "JONES": 44.00771258680652, "dGLV [WETH-USDC]": 435446.3995106013, "dPT-ezETH-27JUN2024": 256.8116004228542, "dGM": 8549101.990737285, "dPT-wstETH-27JUN2024": 589.4523376669475, "dARB": 6501.771211626431, "ezETH": 38408.831462509326, "dPT-weETH-26DEC2024": 153.0748721936179, "RDNT": 1551.5806584438656, "dfsGLP": 7.900252655449166, "GRAIL": 18142.656684831814, "dPT-weETH-26SEP2024": 81.19852415077315, "XAI": 1445.9874244809214, "PREMIA": 2754.8211465055615, "MAGIC": 2990.261441992613, "wstETH": 213993.01317164593, "dplvGLP": 136.33500999652261, "USDS": 3705.038528222248, "tBTC": 502.44306112350944, "dPT-weETH-27JUN2024": 665.2848517880947, "dGMX": 697914.132994374, "dGLV [WBTC-USDC]": 607766.1217347527, "ARB": 232800.81267189354, "dPT-ezETH-26SEP2024": 3761.2320491259816, "dPT-weETH-25APR2024": 50.64822752788374, "USDC": 133606884.51146875, "AAVE": 11459.3739171051, "dPT-rETH-26JUN2025": 5.911822414352113, "dPT-rsETH-26SEP2024": 976.5518474376593, "WOETH": 24.97146628364447, "DAI": 32753.041151714166, "sUSDS": 30.437700610678704, "rETH": 41382.71560765881, "LINK": 673742.3743261682, "UNI": 1101755.3461068205, "GMX": 161607.66347108688, "USDT": 375686.4300715798, "MIM": 1405.7181837527069, "dPT-wstETH-26JUN2025": 30.311548883641855, "stcUSD": 14492.925073452903, "USD1": 192337871.79617962, "cbBTC": 30587.68284261275, "cUSD": 25.178368731959797, "wsrUSD": 230.37266087996744, "CRV": 19968.520860997854, "mETH": 3608179.4856845695, "WLFI": 338716773.5577814, "pBTC": 12039.615499748495, "oUSDT": 17.15248969398468, "dPT-mETH-26DEC2024": 309.52246629481795, "USDY": 411.953455008837, "dWMNT": 2.2718200368860098, "WMNT": 10095.029331121994, "dPT-cmETH-13FEB2025": 306.3024933062199, "dPT-USDe-25JUL2024": 11.165079787422387, "FBTC": 1406.6279212633817, "dPT-sMNT-3OCT2024": 19.684338619022856, "cmETH": 5373.299658062176, "dPT-USDe-26DEC2024": 61.900056475485584, "POL": 24.37370165258883, "USDC.E": 1341.9329187198425, "MATIC": 412.57096720216725, "WOKB": 369.75811608119017}}], "chainTokensInUsd": {"Berachain": {"WBTC": 785415.6012769915, "rUSD": 29268.90199694133, "DOLO": 434174.05998087, "sWBERA": 310775.88794423436, "OHM": 19927.384548586146, "NECT": 16979.22100306554, "pumpBTC.bera": 1232.7918840818518, "sUSDe": 48237.61322171314, "sUSDa": 2.5650367756000048, "WETH": 820966.2287034182, "rsETH": 8.10916864373367, "SolvBTC": 35450.01764525851, "srUSD": 6061.816418200125, "USDC.e": 3689686.1005647467, "diBGT": 175206.33950017169, "USDe": 28764.38690599681, "pol-rUSD": 434.93348250532284, "eBTC": 388.1829359711704, "BYUSD": 83296.02357778484, "WBERA": 1200441.066815787, "oriBGT": 459204.5219154954, "beraETH": 249520.06803233197, "USD\u20ae0": 615275.3493193006, "weETH": 297265.64061601734, "rswETH": 12142.842474967667, "SBTC": 11.494433640022791, "iBERA": 12507.813786319006, "IR": 107.21034758910943, "savUSD": 3282390.111558113, "ylstETH": 2.337739360987576, "HENLO": 55.400394587943005, "KDK": 2335.659809351997, "PT-iBGT-25DEC2025": 5.74123339162813, "uniBTC": 53455.32392651944, "SolvBTC.BBN": 114.81996974063138, "wgBERA": 1934.353536614149, "ylpumpBTC": 4.594793490004088, "ylBTCLST": 126.76393976105217, "STONE": 17894.804158573716, "LBTC": 32142.837287731254, "stBTC": 25741782.384404123, "HONEY": 291936.67519024824, "USDa": 2885.4823346095372}, "Arbitrum": {"dPT-GLP-26SEP2024": 15113.595364562727, "PENDLE": 687099.4141870799, "JONES": 44.00771258680652, "dGLV [WETH-USDC]": 435446.3995106013, "dPT-ezETH-27JUN2024": 256.8116004228542, "dGM": 8549101.990737285, "dPT-wstETH-27JUN2024": 589.4523376669475, "dARB": 6501.771211626431, "ezETH": 38408.831462509326, "dPT-weETH-26DEC2024": 153.0748721936179, "WBTC": 5232238.818055043, "RDNT": 1551.5806584438656, "dfsGLP": 7.900252655449166, "weETH": 1388500.2669300332, "GRAIL": 18142.656684831814, "rsETH": 366.04485094872865, "dPT-weETH-26SEP2024": 81.19852415077315, "XAI": 1445.9874244809214, "PREMIA": 2754.8211465055615, "MAGIC": 2990.261441992613, "wstETH": 213993.01317164593, "dplvGLP": 136.33500999652261, "USDe": 1268.2953571522485, "USDS": 3705.038528222248, "uniBTC": 163.36983322571064, "tBTC": 502.44306112350944, "dPT-weETH-27JUN2024": 665.2848517880947, "dGMX": 697914.132994374, "dGLV [WBTC-USDC]": 607766.1217347527, "WETH": 5948280.456286598, "ARB": 232800.81267189354, "dPT-ezETH-26SEP2024": 3761.2320491259816, "dPT-weETH-25APR2024": 50.64822752788374, "USDC": 4311539.22457058, "AAVE": 11459.3739171051, "dPT-rETH-26JUN2025": 5.911822414352113, "dPT-rsETH-26SEP2024": 976.5518474376593, "WOETH": 24.97146628364447, "DAI": 32545.91206078769, "sUSDS": 30.437700610678704, "rETH": 41382.71560765881, "LINK": 673668.5139490067, "UNI": 1101755.3461068205, "GMX": 161607.66347108688, "USDT": 253354.73464744654, "MIM": 1405.7181837527069, "dPT-wstETH-26JUN2025": 30.311548883641855, "USDC.e": 119652.83381133038}, "Ethereum": {"rUSD": 5.119431816387696, "DOLO": 92164.2446581688, "WBTC": 919072.4128271835, "LINK": 73.8603771615498, "srUSD": 742174.8222479087, "stcUSD": 14492.925073452903, "USD1": 192337871.79617962, "sUSDe": 48944.924164289645, "USDC": 129294522.34892671, "WETH": 51963000.25317422, "cbBTC": 30587.68284261275, "cUSD": 25.178368731959797, "weETH": 28520812.37423102, "wsrUSD": 230.37266087996744, "CRV": 19968.520860997854, "mETH": 3563629.70548496, "WLFI": 338716773.5577814, "USDT": 108035.8882153519}, "Botanix": {"pBTC": 12039.615499748495, "oUSDT": 17.15248969398468, "USDC.e": 62924.1595619566, "WETH": 6.1025614950012566, "stBTC": 124871.8642859601}, "Mantle": {"USDC": 768.4802345522354, "USDT": 13737.80063072408, "dPT-mETH-26DEC2024": 309.52246629481795, "USDY": 411.953455008837, "USDe": 36.78091003182738, "dWMNT": 2.2718200368860098, "WMNT": 10095.029331121994, "dPT-cmETH-13FEB2025": 306.3024933062199, "dPT-USDe-25JUL2024": 11.165079787422387, "FBTC": 1406.6279212633817, "WBTC": 838.9654608134188, "mETH": 44549.78019960916, "WETH": 3803.4187753004103, "dPT-sMNT-3OCT2024": 19.684338619022856, "cmETH": 5373.299658062176, "dPT-USDe-26DEC2024": 61.900056475485584}, "Polygon zkEVM": {"USDT": 396.5440259908066, "POL": 24.37370165258883,