{"currentChainTvls": {"Berachain": 35603644.85971975, "Berachain-borrowed": 4914524.626492257, "Arbitrum": 20122525.9515366, "Arbitrum-borrowed": 9416532.594304215, "Ethereum": 462494948.2100382, "Ethereum-borrowed": 297780696.6810758, "Botanix": 159610.81642698997, "Botanix-borrowed": 57149.07763619434, "Mantle": 68639.32832152583, "Mantle-borrowed": 12775.247770776805, "Polygon zkEVM": 7134.630963389269, "Polygon zkEVM-borrowed": 134.4725254795557, "X Layer": 922.6706865045943, "X Layer-borrowed": 179.70915740269163, "borrowed": 312181992.40896213}, "tokensInUsd": [{"tokens": {"WBTC": 6533833.306726588, "rUSD": 31831.998605545712, "DOLO": 545951.5851528542, "sWBERA": 320602.96558295365, "OHM": 18098.874653545976, "NECT": 16976.916641907494, "pumpBTC.bera": 1232.7918840818518, "sUSDe": 97049.51242964773, "sUSDa": 2.5650367756000048, "WETH": 56361068.79820265, "rsETH": 365.50811123004945, "SolvBTC": 33628.13935348438, "srUSD": 769407.9001493191, "USDC.e": 4391662.833089823, "diBGT": 171924.44195639505, "USDe": 30027.88133640096, "pol-rUSD": 434.93348250532284, "eBTC": 388.1829359711704, "BYUSD": 80179.77742341853, "WBERA": 1308163.182885338, "oriBGT": 462170.506418175, "beraETH": 247991.2712075249, "USD\u20ae0": 613928.7383129867, "weETH": 31363460.605051972, "rswETH": 12142.842474967667, "SBTC": 11.494433640022791, "iBERA": 13108.693435227415, "IR": 85.84122715004085, "savUSD": 4151313.6482202257, "ylstETH": 2.337739360987576, "HENLO": 55.400394587943005, "KDK": 2335.659809351997, "PT-iBGT-25DEC2025": 5.74123339162813, "uniBTC": 52031.66271442898, "SolvBTC.BBN": 114.81996974063138, "wgBERA": 1934.353536614149, "ylpumpBTC": 4.594793490004088, "ylBTCLST": 126.76393976105217, "STONE": 18216.173082853136, "LBTC": 32142.837287731254, "stBTC": 25883751.93732822, "HONEY": 373898.18192900997, "USDa": 2885.4560749526945, "dPT-GLP-26SEP2024": 15113.595364562727, "PENDLE": 499297.2792325947, "JONES": 44.00771258680652, "dGLV [WETH-USDC]": 432912.46550161636, "dPT-ezETH-27JUN2024": 256.8116004228542, "dGM": 8357886.659514086, "dPT-wstETH-27JUN2024": 589.4523376669475, "dARB": 7394.775160417344, "ezETH": 40162.07298044233, "dPT-weETH-26DEC2024": 153.0748721936179, "RDNT": 658.5197147318893, "dfsGLP": 7.900252655449166, "GRAIL": 17763.86744830582, "dPT-weETH-26SEP2024": 81.19852415077315, "XAI": 1320.0131505334718, "PREMIA": 2754.8211465055615, "MAGIC": 3175.2921303533326, "wstETH": 4354633.218081309, "dplvGLP": 136.33500999652261, "USDS": 3701.6683003444755, "tBTC": 1093.6757087765313, "dPT-weETH-27JUN2024": 665.2848517880947, "dGMX": 719891.288974158, "dGLV [WBTC-USDC]": 506201.98413495487, "ARB": 243402.35411916237, "dPT-ezETH-26SEP2024": 3761.2320491259816, "dPT-weETH-25APR2024": 50.64822752788374, "USDC": 123725828.1320171, "AAVE": 12317.904611109498, "dPT-rETH-26JUN2025": 5.911822414352113, "dPT-rsETH-26SEP2024": 976.5518474376593, "WOETH": 24.97146628364447, "DAI": 33081.24941324011, "sUSDS": 20.16098736074597, "rETH": 40725.216885994974, "LINK": 674096.8870843985, "UNI": 1036643.6301857133, "GMX": 11870.791171370183, "USDT": 459723.5690635686, "MIM": 1405.2431480528078, "dPT-wstETH-26JUN2025": 30.311548883641855, "stcUSD": 18503.458046033007, "USD1": 175792302.54906034, "cbBTC": 32668.57916834641, "cUSD": 25.178368731959797, "wsrUSD": 230.37266087996744, "CRV": 19968.520860997854, "mETH": 3607808.2840324445, "WLFI": 375981037.88525724, "pBTC": 11986.164977707387, "oUSDT": 17.268456841796652, "dPT-mETH-26DEC2024": 309.52246629481795, "USDY": 411.953455008837, "dWMNT": 2.2718200368860098, "WMNT": 9506.081457820703, "dPT-cmETH-13FEB2025": 306.3024933062199, "dPT-USDe-25JUL2024": 11.165079787422387, "FBTC": 1405.2801585787383, "dPT-sMNT-3OCT2024": 19.684338619022856, "cmETH": 6276.135126309989, "dPT-USDe-26DEC2024": 61.900056475485584, "POL": 24.37370165258883, "USDC.E": 1341.9329187198425, "MATIC": 412.57096720216725, "WOKB": 369.75811608119017}}], "chainTokensInUsd": {"Berachain": {"WBTC": 990399.7330828211, "rUSD": 31826.879173729325, "DOLO": 425518.3299238815, "sWBERA": 320602.96558295365, "OHM": 18098.874653545976, "NECT": 16976.916641907494, "pumpBTC.bera": 1232.7918840818518, "sUSDe": 48169.01487795122, "sUSDa": 2.5650367756000048, "WETH": 803987.2116805715, "rsETH": 7.73323371733219, "SolvBTC": 33628.13935348438, "srUSD": 6057.195157482164, "USDC.e": 4206473.001696189, "diBGT": 171924.44195639505, "USDe": 28726.89691985195, "pol-rUSD": 434.93348250532284, "eBTC": 388.1829359711704, "BYUSD": 80179.77742341853, "WBERA": 1308163.182885338, "oriBGT": 462170.506418175, "beraETH": 247991.2712075249, "USD\u20ae0": 613928.7383129867, "weETH": 299234.3579511046, "rswETH": 12142.842474967667, "SBTC": 11.494433640022791, "iBERA": 13108.693435227415, "IR": 85.84122715004085, "savUSD": 4151313.6482202257, "ylstETH": 2.337739360987576, "HENLO": 55.400394587943005, "KDK": 2335.659809351997, "PT-iBGT-25DEC2025": 5.74123339162813, "uniBTC": 51878.62075346951, "SolvBTC.BBN": 114.81996974063138, "wgBERA": 1934.353536614149, "ylpumpBTC": 4.594793490004088, "ylBTCLST": 126.76393976105217, "STONE": 18216.173082853136, "LBTC": 32142.837287731254, "stBTC": 25741782.384404123, "HONEY": 373898.18192900997, "USDa": 2885.4560749526945}, "Arbitrum": {"dPT-GLP-26SEP2024": 15113.595364562727, "PENDLE": 499297.2792325947, "JONES": 44.00771258680652, "dGLV [WETH-USDC]": 432912.46550161636, "dPT-ezETH-27JUN2024": 256.8116004228542, "dGM": 8357886.659514086, "dPT-wstETH-27JUN2024": 589.4523376669475, "dARB": 7394.775160417344, "ezETH": 40162.07298044233, "dPT-weETH-26DEC2024": 153.0748721936179, "WBTC": 4335422.827649204, "RDNT": 658.5197147318893, "dfsGLP": 7.900252655449166, "weETH": 2470487.6579252426, "GRAIL": 17763.86744830582, "rsETH": 357.77487751271724, "dPT-weETH-26SEP2024": 81.19852415077315, "XAI": 1320.0131505334718, "PREMIA": 2754.8211465055615, "MAGIC": 3175.2921303533326, "wstETH": 210337.45931402151, "dplvGLP": 136.33500999652261, "USDe": 1265.922199092857, "USDS": 3701.6683003444755, "uniBTC": 153.04196095946716, "tBTC": 1093.6757087765313, "dPT-weETH-27JUN2024": 665.2848517880947, "dGMX": 719891.288974158, "dGLV [WBTC-USDC]": 506201.98413495487, "WETH": 5546570.580361389, "ARB": 243402.35411916237, "dPT-ezETH-26SEP2024": 3761.2320491259816, "dPT-weETH-25APR2024": 50.64822752788374, "USDC": 3952458.3241348276, "AAVE": 12317.904611109498, "dPT-rETH-26JUN2025": 5.911822414352113, "dPT-rsETH-26SEP2024": 976.5518474376593, "WOETH": 24.97146628364447, "DAI": 32874.12032231364, "sUSDS": 20.16098736074597, "rETH": 40725.216885994974, "LINK": 673923.988903069, "UNI": 1036643.6301857133, "GMX": 11870.791171370183, "USDT": 230300.85024830513, "MIM": 1405.2431480528078, "dPT-wstETH-26JUN2025": 30.311548883641855, "USDC.e": 122409.02625058926}, "Ethereum": {"rUSD": 5.119431816387696, "DOLO": 120433.25522897267, "WBTC": 1207170.0502567447, "LINK": 172.89818132952303, "srUSD": 763350.7049918369, "wstETH": 4144295.758767288, "stcUSD": 18503.458046033007, "USD1": 175792302.54906034, "sUSDe": 48880.497551696506, "USDC": 119772547.06483923, "WETH": 50001539.066445716, "cbBTC": 32668.57916834641, "cUSD": 25.178368731959797, "weETH": 28593738.589175623, "wsrUSD": 230.37266087996744, "CRV": 19968.520860997854, "mETH": 3563629.70548496, "WLFI": 375981037.88525724, "USDT": 215145.6373362872}, "Botanix": {"pBTC": 11986.164977707387, "oUSDT": 17.268456841796652, "USDC.e": 62780.80514304391, "WETH": 6.1025614950012566, "stBTC": 141969.55292409624}, "Mantle": {"USDC": 768.2853061370416, "USDT": 13719.074900919008, "dPT-mETH-26DEC2024": 309.52246629481795, "USDY": 411.953455008837, "USDe": 35.062217456149604, "dWMNT": 2.2718200368860098, "WMNT": 9506.081457820703, "dPT-cmETH-13FEB2025": 306.3024933062199, "dPT-USDe-25JUL2024": 11.165079787422387, "FBTC": 1405.2801585787383, "WBTC": 838.9654608134188, "mETH": 44178.57854748403, "WETH": 3564.3132072548665, "dPT-sMNT-3OCT2024": 19.684338619022856, "cmETH": 6276.135126309989, "dPT-USDe-26DEC2024": 61.900056475485584},