{"currentChainTvls": {"Berachain": 35916855.66285612, "Berachain-borrowed": 5189696.480429206, "Arbitrum": 16100782.744937755, "Arbitrum-borrowed": 7773302.726437169, "Ethereum": 457878270.13296443, "Ethereum-borrowed": 310621482.8649916, "Mantle": 68846.11440382787, "Mantle-borrowed": 13140.897566496531, "Polygon zkEVM": 7134.630963389269, "Polygon zkEVM-borrowed": 134.4725254795557, "X Layer": 922.6706865045943, "X Layer-borrowed": 179.70915740269163, "borrowed": 323597937.1511074}, "tokensInUsd": [{"tokens": {"WBTC": 6067065.250742222, "rUSD": 31783.068519103417, "DOLO": 540862.9127446741, "sWBERA": 323332.7109547199, "OHM": 94987.34708166515, "NECT": 16976.04108076199, "pumpBTC.bera": 1232.7918840818518, "sUSDe": 48767.39598229296, "sUSDa": 2.5650367756000048, "WETH": 56066116.35384905, "rsETH": 364.90696173481547, "SolvBTC": 33152.13266193603, "srUSD": 779147.267098267, "USDC.e": 4312687.644005552, "diBGT": 203874.51234221534, "USDe": 230350.1038891699, "pol-rUSD": 434.93348250532284, "eBTC": 388.1829359711704, "BYUSD": 81308.84233925436, "WBERA": 1363668.300158027, "oriBGT": 452565.5346577023, "beraETH": 249755.7314413657, "USD\u20ae0": 663120.4478911482, "weETH": 34658705.12511448, "rswETH": 12142.842474967667, "SBTC": 11.494433640022791, "iBERA": 13222.820356580676, "IR": 141.8529064488065, "savUSD": 4151313.6482202257, "ylstETH": 2.337739360987576, "HENLO": 55.400394587943005, "KDK": 2335.659809351997, "PT-iBGT-25DEC2025": 5.74123339162813, "uniBTC": 51461.02346446214, "SolvBTC.BBN": 114.81996974063138, "wgBERA": 1934.353536614149, "ylpumpBTC": 4.594793490004088, "ylBTCLST": 126.76393976105217, "STONE": 18216.173082853136, "LBTC": 31978.790503255594, "stBTC": 25741782.384404123, "HONEY": 584306.5442603376, "USDa": 2885.448873935935, "dPT-GLP-26SEP2024": 15113.595364562727, "PENDLE": 510546.0361344551, "JONES": 43.50127527135749, "dGLV [WETH-USDC]": 433156.46272819606, "dPT-ezETH-27JUN2024": 256.8116004228542, "dGM": 8687875.276797432, "dPT-wstETH-27JUN2024": 589.4523376669475, "dARB": 7394.775160417344, "ezETH": 43611.564350491404, "dPT-weETH-26DEC2024": 153.0748721936179, "RDNT": 668.9898918038934, "dfsGLP": 7.900252655449166, "GRAIL": 17289.197750369527, "dPT-weETH-26SEP2024": 81.19852415077315, "XAI": 1320.706735459651, "PREMIA": 2754.8211465055615, "MAGIC": 3175.2921303533326, "wstETH": 13346036.72585368, "dplvGLP": 136.33500999652261, "USDS": 3702.1709710730343, "tBTC": 490.00116621064706, "dPT-weETH-27JUN2024": 665.2848517880947, "dGMX": 628328.0985666176, "dGLV [WBTC-USDC]": 494610.24752690544, "ARB": 237668.46961131645, "dPT-ezETH-26SEP2024": 3761.2320491259816, "dPT-weETH-25APR2024": 50.64822752788374, "USDC": 118990277.24974804, "AAVE": 11769.660564471396, "dPT-rETH-26JUN2025": 5.911822414352113, "dPT-rsETH-26SEP2024": 976.5518474376593, "WOETH": 24.97146628364447, "DAI": 33007.08020366344, "sUSDS": 20.16098736074597, "rETH": 40151.569445805224, "LINK": 670430.1174333633, "UNI": 1035097.6132357798, "GMX": 10942.108060359484, "USDT": 927995.0726297518, "MIM": 1406.648664351412, "dPT-wstETH-26JUN2025": 30.311548883641855, "stcUSD": 18503.458046033007, "USD1": 158103726.5560091, "cbBTC": 31628.631332094843, "cUSD": 25.178368731959797, "wsrUSD": 230.37266087996744, "CRV": 19968.520860997854, "mETH": 3508677.2898413124, "WLFI": 388873035.10456187, "dPT-mETH-26DEC2024": 309.52246629481795, "USDY": 411.85044455836885, "dWMNT": 2.2718200368860098, "WMNT": 9188.971527903359, "dPT-cmETH-13FEB2025": 306.3024933062199, "dPT-USDe-25JUL2024": 11.165079787422387, "FBTC": 1434.493367647839, "dPT-sMNT-3OCT2024": 19.684338619022856, "cmETH": 6743.503143625543, "dPT-USDe-26DEC2024": 61.900056475485584, "POL": 24.37370165258883, "USDC.E": 1341.9329187198425, "MATIC": 412.57096720216725, "WOKB": 369.75811608119017}}], "chainTokensInUsd": {"Berachain": {"WBTC": 969361.9450280566, "rUSD": 31777.94908728703, "DOLO": 429297.34997053555, "sWBERA": 323332.7109547199, "OHM": 94987.34708166515, "NECT": 16976.04108076199, "pumpBTC.bera": 1232.7918840818518, "sUSDe": 48200.15774885328, "sUSDa": 2.5650367756000048, "WETH": 801886.6009586012, "rsETH": 7.73323371733219, "SolvBTC": 33152.13266193603, "srUSD": 6038.924666328342, "USDC.e": 4193326.2196124312, "diBGT": 203874.51234221534, "USDe": 228916.80974612848, "pol-rUSD": 434.93348250532284, "eBTC": 388.1829359711704, "BYUSD": 81308.84233925436, "WBERA": 1363668.300158027, "oriBGT": 452565.5346577023, "beraETH": 249755.7314413657, "USD\u20ae0": 663120.4478911482, "weETH": 301048.7268490842, "rswETH": 12142.842474967667, "SBTC": 11.494433640022791, "iBERA": 13222.820356580676, "IR": 141.8529064488065, "savUSD": 4151313.6482202257, "ylstETH": 2.337739360987576, "HENLO": 55.400394587943005, "KDK": 2335.659809351997, "PT-iBGT-25DEC2025": 5.74123339162813, "uniBTC": 51307.98150350267, "SolvBTC.BBN": 114.81996974063138, "wgBERA": 1934.353536614149, "ylpumpBTC": 4.594793490004088, "ylBTCLST": 126.76393976105217, "STONE": 18216.173082853136, "LBTC": 31978.790503255594, "stBTC": 25741782.384404123, "HONEY": 584306.5442603376, "USDa": 2885.448873935935}, "Arbitrum": {"dPT-GLP-26SEP2024": 15113.595364562727, "PENDLE": 510546.0361344551, "JONES": 43.50127527135749, "dGLV [WETH-USDC]": 433156.46272819606, "dPT-ezETH-27JUN2024": 256.8116004228542, "dGM": 8687875.276797432, "dPT-wstETH-27JUN2024": 589.4523376669475, "dARB": 7394.775160417344, "ezETH": 43611.564350491404, "dPT-weETH-26DEC2024": 153.0748721936179, "WBTC": 2722476.0451760935, "RDNT": 668.9898918038934, "dfsGLP": 7.900252655449166, "weETH": 29376.309984155367, "GRAIL": 17289.197750369527, "rsETH": 357.17372801748326, "dPT-weETH-26SEP2024": 81.19852415077315, "XAI": 1320.706735459651, "PREMIA": 2754.8211465055615, "MAGIC": 3175.2921303533326, "wstETH": 209713.28642115887, "dplvGLP": 136.33500999652261, "USDe": 1265.922199092857, "USDS": 3702.1709710730343, "uniBTC": 153.04196095946716, "tBTC": 490.00116621064706, "dPT-weETH-27JUN2024": 665.2848517880947, "dGMX": 628328.0985666176, "dGLV [WBTC-USDC]": 494610.24752690544, "WETH": 3958998.652754311, "ARB": 237668.46961131645, "dPT-ezETH-26SEP2024": 3761.2320491259816, "dPT-weETH-25APR2024": 50.64822752788374, "USDC": 3709535.3881840385, "AAVE": 11769.660564471396, "dPT-rETH-26JUN2025": 5.911822414352113, "dPT-rsETH-26SEP2024": 976.5518474376593, "WOETH": 24.97146628364447, "DAI": 32799.95111273697, "sUSDS": 20.16098736074597, "rETH": 40151.569445805224, "LINK": 670259.5178033246, "UNI": 1035097.6132357798, "GMX": 10942.108060359484, "USDT": 225912.10498179204, "MIM": 1406.648664351412, "dPT-wstETH-26JUN2025": 30.311548883641855, "USDC.e": 119361.42439312096}, "Ethereum": {"rUSD": 5.119431816387696, "DOLO": 111565.56277413857, "WBTC": 2374386.564800255, "LINK": 170.59963003866798, "srUSD": 773108.3424319386, "wstETH": 13136323.43943252, "stcUSD": 18503.458046033007, "USD1": 158103726.5560091, "sUSDe": 567.2382334396826, "USDC": 115279919.11105624, "WETH": 51296171.762481816, "cbBTC": 31628.631332094843, "cUSD": 25.178368731959797, "weETH": 34328280.08828124, "wsrUSD": 230.37266087996744, "CRV": 19968.520860997854, "mETH": 3464311.659917466, "WLFI": 388873035.10456187, "USDT": 687825.6876453857}, "Mantle": {"USDC": 768.2927708465653, "USDT": 13699.27342451684, "dPT-mETH-26DEC2024": 309.52246629481795, "USDY": 411.85044455836885, "USDe": 167.3719439485649, "dWMNT": 2.2718200368860098, "WMNT": 9188.971527903359, "dPT-cmETH-13FEB2025": 306.3024933062199, "dPT-USDe-25JUL2024": 11.165079787422387, "FBTC": 1434.493367647839, "WBTC": 838.9654608134188, "mETH": 44365.62992384654, "WETH": 3657.8137080975257, "dPT-sMNT-3OCT2024": 19.684338619022856, "cmETH": 6743.503143625543, "dPT-USDe-26DEC2024": 61.900056475485584}, "Polygon zkEVM": {"USDT": 396.5440259908066, "POL": 24.37370165258883, "USDC.E": 1341.9329187198425, "WETH": 4884.822507373056, "MATIC": 412.57096720216725, "DAI": 207.12909092647467, "WBTC": 1.7302770038885988}, "X Layer": {"USDT": 161.46255206648038, "WETH": 516.7014388535599, "USDC": 54.457736906055366,