{"currentChainTvls": {"Berachain": 35704727.02143417, "Berachain-borrowed": 4895148.488671223, "Arbitrum": 16164207.499296753, "Arbitrum-borrowed": 7847576.968849177, "Ethereum": 464113177.9035047, "Ethereum-borrowed": 305919963.25004184, "Mantle": 68401.95718930806, "Mantle-borrowed": 13134.395254107545, "Polygon zkEVM": 7134.630963389269, "Polygon zkEVM-borrowed": 134.4725254795557, "X Layer": 922.6706865045943, "X Layer-borrowed": 179.70915740269163, "borrowed": 318676137.2844993}, "tokensInUsd": [{"tokens": {"WBTC": 4911827.6425631195, "rUSD": 31817.118382699675, "DOLO": 544599.9745943246, "sWBERA": 323977.45946056634, "OHM": 16561.721938950523, "NECT": 16976.21043926724, "pumpBTC.bera": 1232.7918840818518, "sUSDe": 48775.29230098021, "sUSDa": 2.5650367756000048, "WETH": 55263912.97485878, "rsETH": 364.90696173481547, "SolvBTC": 33057.79136445333, "srUSD": 774921.0524811861, "USDC.e": 4318596.643362926, "diBGT": 200085.66773434987, "USDe": 30157.357366574757, "pol-rUSD": 434.93348250532284, "eBTC": 388.1829359711704, "BYUSD": 83253.20342884905, "WBERA": 1342795.1667305173, "oriBGT": 444114.4224301206, "beraETH": 249755.7314413657, "USD\u20ae0": 612202.9442290077, "weETH": 34504710.601928435, "rswETH": 12142.842474967667, "SBTC": 11.494433640022791, "iBERA": 13053.98563818266, "IR": 141.8529064488065, "savUSD": 4151313.6482202257, "ylstETH": 2.337739360987576, "HENLO": 55.400394587943005, "KDK": 2335.659809351997, "PT-iBGT-25DEC2025": 5.74123339162813, "uniBTC": 52031.66271442898, "SolvBTC.BBN": 114.81996974063138, "wgBERA": 1934.353536614149, "ylpumpBTC": 4.594793490004088, "ylBTCLST": 126.76393976105217, "STONE": 18216.173082853136, "LBTC": 32142.837287731254, "stBTC": 25741782.384404123, "HONEY": 443706.7754887484, "USDa": 2885.450639121352, "dPT-GLP-26SEP2024": 15113.595364562727, "PENDLE": 528326.7252248547, "JONES": 43.50127527135749, "dGLV [WETH-USDC]": 433156.46272819606, "dPT-ezETH-27JUN2024": 256.8116004228542, "dGM": 8673200.998934345, "dPT-wstETH-27JUN2024": 589.4523376669475, "dARB": 7394.775160417344, "ezETH": 35858.446084977484, "dPT-weETH-26DEC2024": 153.0748721936179, "RDNT": 668.9898918038934, "dfsGLP": 7.900252655449166, "GRAIL": 16032.147551557777, "dPT-weETH-26SEP2024": 81.19852415077315, "XAI": 1340.6679425334235, "PREMIA": 2754.8211465055615, "MAGIC": 3175.2921303533326, "wstETH": 9180814.438930696, "dplvGLP": 136.33500999652261, "USDS": 3702.1709710730343, "tBTC": 621.2113500177421, "dPT-weETH-27JUN2024": 665.2848517880947, "dGMX": 632630.2447555345, "dGLV [WBTC-USDC]": 496092.89350414777, "ARB": 233466.75818861707, "dPT-ezETH-26SEP2024": 3761.2320491259816, "dPT-weETH-25APR2024": 50.64822752788374, "USDC": 119629560.64833571, "AAVE": 11769.660564471396, "dPT-rETH-26JUN2025": 5.911822414352113, "dPT-rsETH-26SEP2024": 976.5518474376593, "WOETH": 24.97146628364447, "DAI": 33025.763122527766, "sUSDS": 20.16098736074597, "rETH": 40710.42676562059, "LINK": 680872.6663740473, "UNI": 1036069.6391593303, "GMX": 10965.597588339178, "USDT": 756574.1801332216, "MIM": 1406.648664351412, "dPT-wstETH-26JUN2025": 30.311548883641855, "stcUSD": 18503.458046033007, "USD1": 162589718.03696105, "cbBTC": 31628.631332094843, "cUSD": 25.178368731959797, "wsrUSD": 230.37266087996744, "CRV": 19968.520860997854, "mETH": 3508018.1654460053, "WLFI": 391847127.64690524, "dPT-mETH-26DEC2024": 309.52246629481795, "USDY": 411.85044455836885, "dWMNT": 2.2718200368860098, "WMNT": 9399.274793726656, "dPT-cmETH-13FEB2025": 306.3024933062199, "dPT-USDe-25JUL2024": 11.165079787422387, "FBTC": 1434.493367647839, "dPT-sMNT-3OCT2024": 19.684338619022856, "cmETH": 6743.503143625543, "dPT-USDe-26DEC2024": 61.900056475485584, "POL": 24.37370165258883, "USDC.E": 1341.9329187198425, "MATIC": 412.57096720216725, "WOKB": 369.75811608119017}}], "chainTokensInUsd": {"Berachain": {"WBTC": 959882.5022275788, "rUSD": 31811.998950883288, "DOLO": 433034.411820186, "sWBERA": 323977.45946056634, "OHM": 16561.721938950523, "NECT": 16976.21043926724, "pumpBTC.bera": 1232.7918840818518, "sUSDe": 48208.05406754053, "sUSDa": 2.5650367756000048, "WETH": 796797.9978979017, "rsETH": 7.73323371733219, "SolvBTC": 33057.79136445333, "srUSD": 6038.924666328342, "USDC.e": 4199438.612972794, "diBGT": 200085.66773434987, "USDe": 28724.063223533336, "pol-rUSD": 434.93348250532284, "eBTC": 388.1829359711704, "BYUSD": 83253.20342884905, "WBERA": 1342795.1667305173, "oriBGT": 444114.4224301206, "beraETH": 249755.7314413657, "USD\u20ae0": 612202.9442290077, "weETH": 299236.6817623424, "rswETH": 12142.842474967667, "SBTC": 11.494433640022791, "iBERA": 13053.98563818266, "IR": 141.8529064488065, "savUSD": 4151313.6482202257, "ylstETH": 2.337739360987576, "HENLO": 55.400394587943005, "KDK": 2335.659809351997, "PT-iBGT-25DEC2025": 5.74123339162813, "uniBTC": 51878.62075346951, "SolvBTC.BBN": 114.81996974063138, "wgBERA": 1934.353536614149, "ylpumpBTC": 4.594793490004088, "ylBTCLST": 126.76393976105217, "STONE": 18216.173082853136, "LBTC": 32142.837287731254, "stBTC": 25741782.384404123, "HONEY": 443706.7754887484, "USDa": 2885.450639121352}, "Arbitrum": {"dPT-GLP-26SEP2024": 15113.595364562727, "PENDLE": 528326.7252248547, "JONES": 43.50127527135749, "dGLV [WETH-USDC]": 433156.46272819606, "dPT-ezETH-27JUN2024": 256.8116004228542, "dGM": 8673200.998934345, "dPT-wstETH-27JUN2024": 589.4523376669475, "dARB": 7394.775160417344, "ezETH": 35858.446084977484, "dPT-weETH-26DEC2024": 153.0748721936179, "WBTC": 2703584.031006825, "RDNT": 668.9898918038934, "dfsGLP": 7.900252655449166, "weETH": 154006.99467470817, "GRAIL": 16032.147551557777, "rsETH": 357.17372801748326, "dPT-weETH-26SEP2024": 81.19852415077315, "XAI": 1340.6679425334235, "PREMIA": 2754.8211465055615, "MAGIC": 3175.2921303533326, "wstETH": 208976.53913883102, "dplvGLP": 136.33500999652261, "USDe": 1265.922199092857, "USDS": 3702.1709710730343, "uniBTC": 153.04196095946716, "tBTC": 621.2113500177421, "dPT-weETH-27JUN2024": 665.2848517880947, "dGMX": 632630.2447555345, "dGLV [WBTC-USDC]": 496092.89350414777, "WETH": 3919142.0019967924, "ARB": 233466.75818861707, "dPT-ezETH-26SEP2024": 3761.2320491259816, "dPT-weETH-25APR2024": 50.64822752788374, "USDC": 3774905.686585094, "AAVE": 11769.660564471396, "dPT-rETH-26JUN2025": 5.911822414352113, "dPT-rsETH-26SEP2024": 976.5518474376593, "WOETH": 24.97146628364447, "DAI": 32818.634031601294, "sUSDS": 20.16098736074597, "rETH": 40710.42676562059, "LINK": 680702.0667440086, "UNI": 1036069.6391593303, "GMX": 10965.597588339178, "USDT": 225452.825345072, "MIM": 1406.648664351412, "dPT-wstETH-26JUN2025": 30.311548883641855, "USDC.e": 119158.03039013235}, "Ethereum": {"rUSD": 5.119431816387696, "DOLO": 111565.56277413857, "WBTC": 1247520.4135908985, "LINK": 170.59963003866798, "srUSD": 768882.1278148578, "wstETH": 8971837.899791865, "stcUSD": 18503.458046033007, "USD1": 162589718.03696105, "sUSDe": 567.2382334396826, "USDC": 115853832.21124285, "WETH": 50538915.47570719, "cbBTC": 31628.631332094843, "cUSD": 25.178368731959797, "weETH": 34051466.925491385, "wsrUSD": 230.37266087996744, "CRV": 19968.520860997854, "mETH": 3464311.659917466, "WLFI": 391847127.64690524, "USDT": 516864.0747855756}, "Mantle": {"USDC": 768.2927708465653, "USDT": 13699.27342451684, "dPT-mETH-26DEC2024": 309.52246629481795, "USDY": 411.85044455836885, "USDe": 167.3719439485649, "dWMNT": 2.2718200368860098, "WMNT": 9399.274793726656, "dPT-cmETH-13FEB2025": 306.3024933062199, "dPT-USDe-25JUL2024": 11.165079787422387, "FBTC": 1434.493367647839, "WBTC": 838.9654608134188, "mETH": 43706.50552853958, "WETH": 3655.9753106723983, "dPT-sMNT-3OCT2024": 19.684338619022856, "cmETH": 6743.503143625543, "dPT-USDe-26DEC2024": 61.900056475485584}, "Polygon zkEVM": {"USDT": 396.5440259908066, "POL": 24.37370165258883, "USDC.E": 1341.9329187198425, "WETH": 4884.822507373056, "MATIC": 412.57096720216725, "DAI": 207.12909092647467, "WBTC": 1.7302770038885988}, "X Layer": {"USDT": 161.46255206648038, "WETH": 516.7014388535599, "USDC": 54.457736906055366,