{"currentChainTvls": {"Berachain": 35606085.72352028, "Berachain-borrowed": 4911474.619894479, "Arbitrum": 20147086.54683523, "Arbitrum-borrowed": 9409792.514512878, "Ethereum": 462456360.59407127, "Ethereum-borrowed": 298019600.78301847, "Botanix": 160234.26468472922, "Botanix-borrowed": 57108.09460164142, "Mantle": 68958.76254111607, "Mantle-borrowed": 12867.719975641536, "Polygon zkEVM": 7134.630963389269, "Polygon zkEVM-borrowed": 134.4725254795557, "X Layer": 922.6706865045943, "X Layer-borrowed": 179.70915740269163, "borrowed": 312411157.913686}, "tokensInUsd": [{"tokens": {"WBTC": 6536342.389634429, "rUSD": 31832.858859395175, "DOLO": 545951.5851528542, "sWBERA": 319926.96447510406, "OHM": 18098.874653545976, "NECT": 16976.950375476932, "pumpBTC.bera": 1232.7918840818518, "sUSDe": 97049.51242964773, "sUSDa": 2.5650367756000048, "WETH": 56289298.96262032, "rsETH": 365.50811123004945, "SolvBTC": 33797.82008594675, "srUSD": 769408.7484111197, "USDC.e": 4391995.019869209, "diBGT": 171356.1688957366, "USDe": 30028.51707799634, "pol-rUSD": 434.93348250532284, "eBTC": 388.1829359711704, "BYUSD": 80191.25506755296, "WBERA": 1301371.7268957593, "oriBGT": 461683.32386884594, "beraETH": 247991.2712075249, "USD\u20ae0": 613967.6792853117, "weETH": 31460686.416652165, "rswETH": 12142.842474967667, "SBTC": 11.494433640022791, "iBERA": 13108.693435227415, "IR": 112.29056132803387, "savUSD": 4151313.6482202257, "ylstETH": 2.337739360987576, "HENLO": 55.400394587943005, "KDK": 2335.659809351997, "PT-iBGT-25DEC2025": 5.74123339162813, "uniBTC": 52031.66271442898, "SolvBTC.BBN": 114.81996974063138, "wgBERA": 1934.353536614149, "ylpumpBTC": 4.594793490004088, "ylBTCLST": 126.76393976105217, "STONE": 18216.173082853136, "LBTC": 32142.837287731254, "stBTC": 25884326.732733898, "HONEY": 378689.0664070327, "USDa": 2885.4560749526945, "dPT-GLP-26SEP2024": 15113.595364562727, "PENDLE": 488836.50288909837, "JONES": 44.00771258680652, "dGLV [WETH-USDC]": 434166.82472722925, "dPT-ezETH-27JUN2024": 256.8116004228542, "dGM": 8359062.935780294, "dPT-wstETH-27JUN2024": 589.4523376669475, "dARB": 7394.775160417344, "ezETH": 40211.32627165673, "dPT-weETH-26DEC2024": 153.0748721936179, "RDNT": 655.8677604814927, "dfsGLP": 7.900252655449166, "GRAIL": 19191.81914164878, "dPT-weETH-26SEP2024": 81.19852415077315, "XAI": 1320.0131505334718, "PREMIA": 2754.8211465055615, "MAGIC": 3231.033790553978, "wstETH": 4354769.853057487, "dplvGLP": 136.33500999652261, "USDS": 3701.6683003444755, "tBTC": 1541.4291612613376, "dPT-weETH-27JUN2024": 665.2848517880947, "dGMX": 723959.7512195109, "dGLV [WBTC-USDC]": 506201.98413495487, "ARB": 239888.5289586791, "dPT-ezETH-26SEP2024": 3761.2320491259816, "dPT-weETH-25APR2024": 50.64822752788374, "USDC": 123611450.68952598, "AAVE": 12317.904611109498, "dPT-rETH-26JUN2025": 5.911822414352113, "dPT-rsETH-26SEP2024": 976.5518474376593, "WOETH": 24.97146628364447, "DAI": 33047.99698729619, "sUSDS": 20.16098736074597, "rETH": 40559.37196174919, "LINK": 678175.3912514511, "UNI": 1041494.8405582862, "GMX": 11875.488688826363, "USDT": 430748.4655842815, "MIM": 1404.1584512081088, "dPT-wstETH-26JUN2025": 30.311548883641855, "stcUSD": 18503.458046033007, "USD1": 176125005.2594091, "cbBTC": 32678.45542371257, "cUSD": 25.178368731959797, "wsrUSD": 230.37266087996744, "CRV": 19968.520860997854, "mETH": 3607808.2840324445, "WLFI": 375981026.60322624, "pBTC": 11986.164977707387, "oUSDT": 17.268456841796652, "dPT-mETH-26DEC2024": 309.52246629481795, "USDY": 411.953455008837, "dWMNT": 2.2718200368860098, "WMNT": 9915.85650804328, "dPT-cmETH-13FEB2025": 306.3024933062199, "dPT-USDe-25JUL2024": 11.165079787422387, "FBTC": 1406.6279212633817, "dPT-sMNT-3OCT2024": 19.684338619022856, "cmETH": 6276.135126309989, "dPT-USDe-26DEC2024": 61.900056475485584, "POL": 24.37370165258883, "USDC.E": 1341.9329187198425, "MATIC": 412.57096720216725, "WOKB": 369.75811608119017}}], "chainTokensInUsd": {"Berachain": {"WBTC": 992963.2506250567, "rUSD": 31827.73942757879, "DOLO": 425518.3299238815, "sWBERA": 319926.96447510406, "OHM": 18098.874653545976, "NECT": 16976.950375476932, "pumpBTC.bera": 1232.7918840818518, "sUSDe": 48169.01487795122, "sUSDa": 2.5650367756000048, "WETH": 803988.0227954444, "rsETH": 7.73323371733219, "SolvBTC": 33797.82008594675, "srUSD": 6058.0434192827515, "USDC.e": 4206782.631745477, "diBGT": 171356.1688957366, "USDe": 28727.532661447334, "pol-rUSD": 434.93348250532284, "eBTC": 388.1829359711704, "BYUSD": 80191.25506755296, "WBERA": 1301371.7268957593, "oriBGT": 461683.32386884594, "beraETH": 247991.2712075249, "USD\u20ae0": 613967.6792853117, "weETH": 299234.35800293414, "rswETH": 12142.842474967667, "SBTC": 11.494433640022791, "iBERA": 13108.693435227415, "IR": 112.29056132803387, "savUSD": 4151313.6482202257, "ylstETH": 2.337739360987576, "HENLO": 55.400394587943005, "KDK": 2335.659809351997, "PT-iBGT-25DEC2025": 5.74123339162813, "uniBTC": 51878.62075346951, "SolvBTC.BBN": 114.81996974063138, "wgBERA": 1934.353536614149, "ylpumpBTC": 4.594793490004088, "ylBTCLST": 126.76393976105217, "STONE": 18216.173082853136, "LBTC": 32142.837287731254, "stBTC": 25741782.384404123, "HONEY": 378689.0664070327, "USDa": 2885.4560749526945}, "Arbitrum": {"dPT-GLP-26SEP2024": 15113.595364562727, "PENDLE": 488836.50288909837, "JONES": 44.00771258680652, "dGLV [WETH-USDC]": 434166.82472722925, "dPT-ezETH-27JUN2024": 256.8116004228542, "dGM": 8359062.935780294, "dPT-wstETH-27JUN2024": 589.4523376669475, "dARB": 7394.775160417344, "ezETH": 40211.32627165673, "dPT-weETH-26DEC2024": 153.0748721936179, "WBTC": 4332248.054889279, "RDNT": 655.8677604814927, "dfsGLP": 7.900252655449166, "weETH": 2470487.6579252426, "GRAIL": 19191.81914164878, "rsETH": 357.77487751271724, "dPT-weETH-26SEP2024": 81.19852415077315, "XAI": 1320.0131505334718, "PREMIA": 2754.8211465055615, "MAGIC": 3231.033790553978, "wstETH": 210474.09429019855, "dplvGLP": 136.33500999652261, "USDe": 1265.922199092857, "USDS": 3701.6683003444755, "uniBTC": 153.04196095946716, "tBTC": 1541.4291612613376, "dPT-weETH-27JUN2024": 665.2848517880947, "dGMX": 723959.7512195109, "dGLV [WBTC-USDC]": 506201.98413495487, "WETH": 5542112.547700072, "ARB": 239888.5289586791, "dPT-ezETH-26SEP2024": 3761.2320491259816, "dPT-weETH-25APR2024": 50.64822752788374, "USDC": 3987505.7804908967, "AAVE": 12317.904611109498, "dPT-rETH-26JUN2025": 5.911822414352113, "dPT-rsETH-26SEP2024": 976.5518474376593, "WOETH": 24.97146628364447, "DAI": 32840.86789636972, "sUSDS": 20.16098736074597, "rETH": 40559.37196174919, "LINK": 678002.4930701216, "UNI": 1041494.8405582862, "GMX": 11875.488688826363, "USDT": 217318.41854576726, "MIM": 1404.1584512081088, "dPT-wstETH-26JUN2025": 30.311548883641855, "USDC.e": 122423.91316317832}, "Ethereum": {"rUSD": 5.119431816387696, "DOLO": 120433.25522897267, "WBTC": 1210290.3883822756, "LINK": 172.89818132952303, "srUSD": 763350.7049918369, "wstETH": 4144295.758767288, "stcUSD": 18503.458046033007, "USD1": 176125005.2594091, "sUSDe": 48880.497551696506, "USDC": 119623122.16599204, "WETH": 49934226.452409826, "cbBTC": 32678.45542371257, "cUSD": 25.178368731959797, "weETH": 28690964.40072399, "wsrUSD": 230.37266087996744, "CRV": 19968.520860997854, "mETH": 3563629.70548496, "WLFI": 375981026.60322624, "USDT": 199152.18194799018}, "Botanix": {"pBTC": 11986.164977707387, "oUSDT": 17.268456841796652, "USDC.e": 62788.47496055326, "WETH": 6.1025614950012566, "stBTC": 142544.34832977317}, "Mantle": {"USDC": 768.2853061370416, "USDT": 13719.858512466775, "dPT-mETH-26DEC2024": 309.52246629481795, "USDY": 411.953455008837, "USDe": 35.062217456149604, "dWMNT": 2.2718200368860098, "WMNT": 9915.85650804328, "dPT-cmETH-13FEB2025": 306.3024933062199, "dPT-USDe-25JUL2024": 11.165079787422387, "FBTC": 1406.6279212633817, "WBTC": 838.9654608134188, "mETH": 44178.57854748403, "WETH": 3564.3132072548665, "dPT-sMNT-3OCT2024": 19.684338619022856, "cmETH": 6276.135126309989, "dPT-USDe-26DEC2024": 61.900056475485584},