{"currentChainTvls": {"Berachain": 35727571.588274956, "Berachain-borrowed": 4924061.893683262, "Arbitrum": 16975221.722567897, "Arbitrum-borrowed": 8707216.827532958, "Ethereum": 479652083.9479206, "Ethereum-borrowed": 303881542.80319864, "Mantle": 69929.02697991802, "Mantle-borrowed": 12997.045869800848, "Polygon zkEVM": 7134.630963389269, "Polygon zkEVM-borrowed": 134.4725254795557, "X Layer": 922.6706865045943, "X Layer-borrowed": 179.70915740269163, "borrowed": 317526132.75196755}, "tokensInUsd": [{"tokens": {"WBTC": 5014486.928409799, "rUSD": 31821.995711861964, "DOLO": 558521.9032144774, "sWBERA": 330998.96178508, "OHM": 16561.721938950523, "NECT": 16976.485753102097, "pumpBTC.bera": 1232.7918840818518, "sUSDe": 48736.2531113909, "sUSDa": 2.5650367756000048, "WETH": 55220887.26600671, "rsETH": 379.4747979392909, "SolvBTC": 34231.285283554855, "srUSD": 772194.1738962183, "USDC.e": 4322997.669462054, "diBGT": 169888.20540410496, "USDe": 30145.17462512209, "pol-rUSD": 434.93348250532284, "eBTC": 388.1829359711704, "BYUSD": 82318.30596059262, "WBERA": 1351630.5301544894, "oriBGT": 478290.77861884906, "beraETH": 249755.7314413657, "USD\u20ae0": 613331.9593713486, "weETH": 37032862.167530805, "rswETH": 12142.842474967667, "SBTC": 11.494433640022791, "iBERA": 13471.28646748616, "IR": 141.8529064488065, "savUSD": 4151313.6482202257, "ylstETH": 2.337739360987576, "HENLO": 55.400394587943005, "KDK": 2335.659809351997, "PT-iBGT-25DEC2025": 5.74123339162813, "uniBTC": 52031.66271442898, "SolvBTC.BBN": 114.81996974063138, "wgBERA": 1934.353536614149, "ylpumpBTC": 4.594793490004088, "ylBTCLST": 126.76393976105217, "STONE": 18216.173082853136, "LBTC": 32142.837287731254, "stBTC": 25741782.384404123, "HONEY": 378919.12904794, "USDa": 2885.4535629935435, "dPT-GLP-26SEP2024": 15113.595364562727, "PENDLE": 492293.35469530005, "JONES": 43.50127527135749, "dGLV [WETH-USDC]": 433156.46272819606, "dPT-ezETH-27JUN2024": 256.8116004228542, "dGM": 8800452.687559083, "dPT-wstETH-27JUN2024": 589.4523376669475, "dARB": 7394.775160417344, "ezETH": 44717.457892314975, "dPT-weETH-26DEC2024": 153.0748721936179, "RDNT": 668.9898918038934, "dfsGLP": 7.900252655449166, "GRAIL": 18123.669398618276, "dPT-weETH-26SEP2024": 81.19852415077315, "XAI": 1339.1758364808904, "PREMIA": 2754.8211465055615, "MAGIC": 3175.2921303533326, "wstETH": 5455799.978280757, "dplvGLP": 136.33500999652261, "USDS": 3702.439835295704, "tBTC": 717.1166208414243, "dPT-weETH-27JUN2024": 665.2848517880947, "dGMX": 716675.9006459586, "dGLV [WBTC-USDC]": 508918.35337720416, "ARB": 226025.7236887362, "dPT-ezETH-26SEP2024": 3761.2320491259816, "dPT-weETH-25APR2024": 50.64822752788374, "USDC": 124341105.5438968, "AAVE": 11769.660564471396, "dPT-rETH-26JUN2025": 5.911822414352113, "dPT-rsETH-26SEP2024": 976.5518474376593, "WOETH": 24.97146628364447, "DAI": 33057.35118892457, "sUSDS": 20.16098736074597, "rETH": 41825.74722058572, "LINK": 660829.0592590852, "UNI": 1083366.1469557397, "GMX": 11987.7741851582, "USDT": 587685.9642413915, "MIM": 1407.0055173676037, "dPT-wstETH-26JUN2025": 30.311548883641855, "stcUSD": 18503.458046033007, "USD1": 176336005.52677864, "cbBTC": 32867.229402234385, "cUSD": 25.178368731959797, "wsrUSD": 230.37266087996744, "CRV": 19968.520860997854, "mETH": 3608894.7901129276, "WLFI": 389624295.86329573, "dPT-mETH-26DEC2024": 309.52246629481795, "USDY": 411.9393359172096, "dWMNT": 2.2718200368860098, "WMNT": 9449.13497116827, "dPT-cmETH-13FEB2025": 306.3024933062199, "dPT-USDe-25JUL2024": 11.165079787422387, "FBTC": 1480.305893255713, "dPT-sMNT-3OCT2024": 19.684338619022856, "cmETH": 6423.261884674323, "dPT-USDe-26DEC2024": 61.900056475485584, "POL": 24.37370165258883, "USDC.E": 1341.9329187198425, "MATIC": 412.57096720216725, "WOKB": 369.75811608119017}}], "chainTokensInUsd": {"Berachain": {"WBTC": 990350.4777051632, "rUSD": 31816.876280045577, "DOLO": 440804.1180786473, "sWBERA": 330998.96178508, "OHM": 16561.721938950523, "NECT": 16976.485753102097, "pumpBTC.bera": 1232.7918840818518, "sUSDe": 48169.01487795122, "sUSDa": 2.5650367756000048, "WETH": 841183.0228370742, "rsETH": 7.73323371733219, "SolvBTC": 34231.285283554855, "srUSD": 6042.024007090418, "USDC.e": 4200783.127976446, "diBGT": 169888.20540410496, "USDe": 28711.88048208067, "pol-rUSD": 434.93348250532284, "eBTC": 388.1829359711704, "BYUSD": 82318.30596059262, "WBERA": 1351630.5301544894, "oriBGT": 478290.77861884906, "beraETH": 249755.7314413657, "USD\u20ae0": 613331.9593713486, "weETH": 310237.3733710593, "rswETH": 12142.842474967667, "SBTC": 11.494433640022791, "iBERA": 13471.28646748616, "IR": 141.8529064488065, "savUSD": 4151313.6482202257, "ylstETH": 2.337739360987576, "HENLO": 55.400394587943005, "KDK": 2335.659809351997, "PT-iBGT-25DEC2025": 5.74123339162813, "uniBTC": 51878.62075346951, "SolvBTC.BBN": 114.81996974063138, "wgBERA": 1934.353536614149, "ylpumpBTC": 4.594793490004088, "ylBTCLST": 126.76393976105217, "STONE": 18216.173082853136, "LBTC": 32142.837287731254, "stBTC": 25741782.384404123, "HONEY": 378919.12904794, "USDa": 2885.4535629935435}, "Arbitrum": {"dPT-GLP-26SEP2024": 15113.595364562727, "PENDLE": 492293.35469530005, "JONES": 43.50127527135749, "dGLV [WETH-USDC]": 433156.46272819606, "dPT-ezETH-27JUN2024": 256.8116004228542, "dGM": 8800452.687559083, "dPT-wstETH-27JUN2024": 589.4523376669475, "dARB": 7394.775160417344, "ezETH": 44717.457892314975, "dPT-weETH-26DEC2024": 153.0748721936179, "WBTC": 2715992.298905161, "RDNT": 668.9898918038934, "dfsGLP": 7.900252655449166, "weETH": 1387227.6415796438, "GRAIL": 18123.669398618276, "rsETH": 371.7415642219587, "dPT-weETH-26SEP2024": 81.19852415077315, "XAI": 1339.1758364808904, "PREMIA": 2754.8211465055615, "MAGIC": 3175.2921303533326, "wstETH": 214983.62950044585, "dplvGLP": 136.33500999652261, "USDe": 1265.922199092857, "USDS": 3702.439835295704, "uniBTC": 153.04196095946716, "tBTC": 717.1166208414243, "dPT-weETH-27JUN2024": 665.2848517880947, "dGMX": 716675.9006459586, "dGLV [WBTC-USDC]": 508918.35337720416, "WETH": 3844024.8435423872, "ARB": 226025.7236887362, "dPT-ezETH-26SEP2024": 3761.2320491259816, "dPT-weETH-25APR2024": 50.64822752788374, "USDC": 4041090.9649560973, "AAVE": 11769.660564471396, "dPT-rETH-26JUN2025": 5.911822414352113, "dPT-rsETH-26SEP2024": 976.5518474376593, "WOETH": 24.97146628364447, "DAI": 32850.2220979981, "sUSDS": 20.16098736074597, "rETH": 41825.74722058572, "LINK": 660656.1610777557, "UNI": 1083366.1469557397, "GMX": 11987.7741851582, "USDT": 229218.04414330635, "MIM": 1407.0055173676037, "dPT-wstETH-26JUN2025": 30.311548883641855, "USDC.e": 122214.54148560746}, "Ethereum": {"rUSD": 5.119431816387696, "DOLO": 117717.78513583001, "WBTC": 1307303.4560616578, "LINK": 172.89818132952303, "srUSD": 766152.1498891279, "wstETH": 5240816.348780311, "stcUSD": 18503.458046033007, "USD1": 176336005.52677864, "sUSDe": 567.2382334396826, "USDC": 120299191.91165186, "WETH": 50526582.02976835, "cbBTC": 32867.229402234385, "cUSD": 25.178368731959797, "weETH": 35335397.152580105, "wsrUSD": 230.37266087996744, "CRV": 19968.520860997854, "mETH": 3563629.70548496, "WLFI": 389624295.86329573, "USDT": 344194.80650718044}, "Mantle": {"USDC": 768.2095519341935, "USDT": 13715.107012847566, "dPT-mETH-26DEC2024": 309.52246629481795, "USDY": 411.9393359172096, "USDe": 167.3719439485649, "dWMNT": 2.2718200368860098, "WMNT": 9449.13497116827, "dPT-cmETH-13FEB2025": 306.3024933062199, "dPT-USDe-25JUL2024": 11.165079787422387, "FBTC": 1480.305893255713, "WBTC": 838.9654608134188, "mETH": 45265.08462796735, "WETH": 3695.845912672414, "dPT-sMNT-3OCT2024": 19.684338619022856, "cmETH": 6423.261884674323, "dPT-USDe-26DEC2024": 61.900056475485584}, "Polygon zkEVM": {"USDT": 396.5440259908066, "POL": 24.37370165258883, "USDC.E": 1341.9329187198425, "WETH": 4884.822507373056, "MATIC": 412.57096720216725, "DAI": 207.12909092647467, "WBTC": 1.7302770038885988}, "X Layer": {"USDT": 161.46255206648038, "WETH": 516.7014388535599, "USDC": 54.457736906055366,