{"currentChainTvls": {"Berachain": 35577163.895919316, "Berachain-borrowed": 4909876.927828916, "Arbitrum": 20215284.0912844, "Arbitrum-borrowed": 9534297.236948712, "Ethereum": 470312399.6419312, "Ethereum-borrowed": 299195510.1912464, "Botanix": 160234.26468472922, "Botanix-borrowed": 57108.09460164142, "Mantle": 68958.76254111607, "Mantle-borrowed": 12867.719975641536, "Polygon zkEVM": 7134.630963389269, "Polygon zkEVM-borrowed": 134.4725254795557, "X Layer": 922.6706865045943, "X Layer-borrowed": 179.70915740269163, "borrowed": 313709974.3522842}, "tokensInUsd": [{"tokens": {"WBTC": 6411774.776456538, "rUSD": 31838.631544621792, "DOLO": 525783.9463566259, "sWBERA": 319926.96447510406, "OHM": 18098.874653545976, "NECT": 16977.201147641204, "pumpBTC.bera": 1232.7918840818518, "sUSDe": 97082.55292943245, "sUSDa": 2.5650367756000048, "WETH": 56678069.92199974, "rsETH": 366.01062601788595, "SolvBTC": 33955.344103850366, "srUSD": 767910.4444023288, "USDC.e": 4392442.991963605, "diBGT": 168732.31612147446, "USDe": 30034.145838868717, "pol-rUSD": 434.93348250532284, "eBTC": 388.1829359711704, "BYUSD": 80241.0337641065, "WBERA": 1278223.1713507911, "oriBGT": 452319.7105065927, "beraETH": 247991.2712075249, "USD\u20ae0": 614098.7719285563, "weETH": 33089227.4396222, "rswETH": 12142.842474967667, "SBTC": 11.494433640022791, "iBERA": 12789.205353483962, "IR": 112.29056132803387, "savUSD": 4151313.6482202257, "ylstETH": 2.337739360987576, "HENLO": 55.400394587943005, "KDK": 2335.659809351997, "PT-iBGT-25DEC2025": 5.74123339162813, "uniBTC": 52036.88161832911, "SolvBTC.BBN": 114.81996974063138, "wgBERA": 1934.353536614149, "ylpumpBTC": 4.594793490004088, "ylBTCLST": 126.76393976105217, "STONE": 18216.173082853136, "LBTC": 32142.837287731254, "stBTC": 25884326.732733898, "HONEY": 378883.6696721514, "USDa": 2885.4560749526945, "dPT-GLP-26SEP2024": 15113.595364562727, "PENDLE": 486636.4413174652, "JONES": 44.00771258680652, "dGLV [WETH-USDC]": 437173.2439070192, "dPT-ezETH-27JUN2024": 256.8116004228542, "dGM": 8462692.12430983, "dPT-wstETH-27JUN2024": 589.4523376669475, "dARB": 7394.775160417344, "ezETH": 40139.65751987984, "dPT-weETH-26DEC2024": 153.0748721936179, "RDNT": 637.6958680000718, "dfsGLP": 7.900252655449166, "GRAIL": 19191.81914164878, "dPT-weETH-26SEP2024": 81.19852415077315, "XAI": 1320.0131505334718, "PREMIA": 2754.8211465055615, "MAGIC": 3231.033790553978, "wstETH": 4354433.24661039, "dplvGLP": 136.33500999652261, "USDS": 3702.0928398706446, "tBTC": 1373.7386925387293, "dPT-weETH-27JUN2024": 665.2848517880947, "dGMX": 719436.8477674226, "dGLV [WBTC-USDC]": 510459.7005683963, "ARB": 241342.0773814218, "dPT-ezETH-26SEP2024": 3761.2320491259816, "dPT-weETH-25APR2024": 50.64822752788374, "USDC": 123791833.80799828, "AAVE": 12317.904611109498, "dPT-rETH-26JUN2025": 5.911822414352113, "dPT-rsETH-26SEP2024": 976.5518474376593, "WOETH": 24.97146628364447, "DAI": 33072.035874206784, "sUSDS": 30.429191586671323, "rETH": 40559.37196174919, "LINK": 679879.3036015201, "UNI": 1034233.9847781846, "GMX": 11993.380846462464, "USDT": 365745.2800148571, "MIM": 1404.0657076963637, "dPT-wstETH-26JUN2025": 30.311548883641855, "stcUSD": 18503.458046033007, "USD1": 181003799.1377134, "cbBTC": 30328.566720294017, "cUSD": 25.178368731959797, "wsrUSD": 230.37266087996744, "CRV": 19968.520860997854, "mETH": 3607808.2840324445, "WLFI": 378247054.22497505, "pBTC": 11986.164977707387, "oUSDT": 17.268456841796652, "dPT-mETH-26DEC2024": 309.52246629481795, "USDY": 411.953455008837, "dWMNT": 2.2718200368860098, "WMNT": 9915.85650804328, "dPT-cmETH-13FEB2025": 306.3024933062199, "dPT-USDe-25JUL2024": 11.165079787422387, "FBTC": 1406.6279212633817, "dPT-sMNT-3OCT2024": 19.684338619022856, "cmETH": 6276.135126309989, "dPT-USDe-26DEC2024": 61.900056475485584, "POL": 24.37370165258883, "USDC.E": 1341.9329187198425, "MATIC": 412.57096720216725, "WOKB": 369.75811608119017}}], "chainTokensInUsd": {"Berachain": {"WBTC": 997958.5214424524, "rUSD": 31833.512112805405, "DOLO": 417857.9866069329, "sWBERA": 319926.96447510406, "OHM": 18098.874653545976, "NECT": 16977.201147641204, "pumpBTC.bera": 1232.7918840818518, "sUSDe": 48202.055377735946, "sUSDa": 2.5650367756000048, "WETH": 808775.5859458675, "rsETH": 7.73323371733219, "SolvBTC": 33955.344103850366, "srUSD": 6058.706952254945, "USDC.e": 4207220.812410778, "diBGT": 168732.31612147446, "USDe": 28733.16142231971, "pol-rUSD": 434.93348250532284, "eBTC": 388.1829359711704, "BYUSD": 80241.0337641065, "WBERA": 1278223.1713507911, "oriBGT": 452319.7105065927, "beraETH": 247991.2712075249, "USD\u20ae0": 614098.7719285563, "weETH": 301031.32190962316, "rswETH": 12142.842474967667, "SBTC": 11.494433640022791, "iBERA": 12789.205353483962, "IR": 112.29056132803387, "savUSD": 4151313.6482202257, "ylstETH": 2.337739360987576, "HENLO": 55.400394587943005, "KDK": 2335.659809351997, "PT-iBGT-25DEC2025": 5.74123339162813, "uniBTC": 51878.62075346951, "SolvBTC.BBN": 114.81996974063138, "wgBERA": 1934.353536614149, "ylpumpBTC": 4.594793490004088, "ylBTCLST": 126.76393976105217, "STONE": 18216.173082853136, "LBTC": 32142.837287731254, "stBTC": 25741782.384404123, "HONEY": 378883.6696721514, "USDa": 2885.4560749526945}, "Arbitrum": {"dPT-GLP-26SEP2024": 15113.595364562727, "PENDLE": 486636.4413174652, "JONES": 44.00771258680652, "dGLV [WETH-USDC]": 437173.2439070192, "dPT-ezETH-27JUN2024": 256.8116004228542, "dGM": 8462692.12430983, "dPT-wstETH-27JUN2024": 589.4523376669475, "dARB": 7394.775160417344, "ezETH": 40139.65751987984, "dPT-weETH-26DEC2024": 153.0748721936179, "WBTC": 4506916.173573807, "RDNT": 637.6958680000718, "dfsGLP": 7.900252655449166, "weETH": 2352817.8090636153, "GRAIL": 19191.81914164878, "rsETH": 358.27739230055374, "dPT-weETH-26SEP2024": 81.19852415077315, "XAI": 1320.0131505334718, "PREMIA": 2754.8211465055615, "MAGIC": 3231.033790553978, "wstETH": 210137.4878431014, "dplvGLP": 136.33500999652261, "USDe": 1265.922199092857, "USDS": 3702.0928398706446, "uniBTC": 158.26086485960292, "tBTC": 1373.7386925387293, "dPT-weETH-27JUN2024": 665.2848517880947, "dGMX": 719436.8477674226, "dGLV [WBTC-USDC]": 510459.7005683963, "WETH": 5577631.453253003, "ARB": 241342.0773814218, "dPT-ezETH-26SEP2024": 3761.2320491259816, "dPT-weETH-25APR2024": 50.64822752788374, "USDC": 3988313.4801059887, "AAVE": 12317.904611109498, "dPT-rETH-26JUN2025": 5.911822414352113, "dPT-rsETH-26SEP2024": 976.5518474376593, "WOETH": 24.97146628364447, "DAI": 32864.90678328031, "sUSDS": 30.429191586671323, "rETH": 40559.37196174919, "LINK": 679706.4054201907, "UNI": 1034233.9847781846, "GMX": 11993.380846462464, "USDT": 217054.9399956081, "MIM": 1404.0657076963637, "dPT-wstETH-26JUN2025": 30.311548883641855, "USDC.e": 122433.70459227341}, "Ethereum": {"rUSD": 5.119431816387696, "DOLO": 107925.95974969301, "WBTC": 906059.385702461, "LINK": 172.89818132952303, "srUSD": 761851.7374500738, "wstETH": 4144295.758767288, "stcUSD": 18503.458046033007, "USD1": 181003799.1377134, "sUSDe": 48880.497551696506, "USDC": 119802697.58484924, "WETH": 50282690.943085894, "cbBTC": 30328.566720294017, "cUSD": 25.178368731959797, "weETH": 30435378.308648963, "wsrUSD": 230.37266087996744, "CRV": 19968.520860997854, "mETH": 3563629.70548496, "WLFI": 378247054.22497505, "USDT": 134412.47492872496}, "Botanix": {"pBTC": 11986.164977707387, "oUSDT": 17.268456841796652, "USDC.e": 62788.47496055326, "WETH": 6.1025614950012566, "stBTC": 142544.34832977317}, "Mantle": {"USDC": 768.2853061370416, "USDT": 13719.858512466775, "dPT-mETH-26DEC2024": 309.52246629481795, "USDY": 411.953455008837, "USDe": 35.062217456149604, "dWMNT": 2.2718200368860098, "WMNT": 9915.85650804328, "dPT-cmETH-13FEB2025": 306.3024933062199, "dPT-USDe-25JUL2024": 11.165079787422387, "FBTC": 1406.6279212633817, "WBTC": 838.9654608134188, "mETH": 44178.57854748403, "WETH": 3564.3132072548665, "dPT-sMNT-3OCT2024": 19.684338619022856, "cmETH": 6276.135126309989, "dPT-USDe-26DEC2024": 61.900056475485584},