{"currentChainTvls": {"Berachain": 34892545.663822524, "Berachain-borrowed": 4894489.699096569, "Arbitrum": 20681815.12719456, "Arbitrum-borrowed": 9043911.175354486, "Ethereum": 403099691.95982665, "Ethereum-borrowed": 291147970.8483017, "Botanix": 139818.41502634855, "Botanix-borrowed": 53488.94279366948, "Mantle": 66274.44326034049, "Mantle-borrowed": 12411.437385383999, "Polygon zkEVM": 7134.630963389269, "Polygon zkEVM-borrowed": 134.4725254795557, "X Layer": 922.6706865045943, "X Layer-borrowed": 179.70915740269163, "borrowed": 305152586.2846147}, "tokensInUsd": [{"tokens": {"WBTC": 6179120.586550576, "rUSD": 31638.624910998453, "DOLO": 496626.08113993955, "sWBERA": 291226.2707376284, "OHM": 19822.234322499025, "NECT": 16978.00642597346, "pumpBTC.bera": 1232.7918840818518, "sUSDe": 97149.33216854442, "sUSDa": 2.5650367756000048, "WETH": 55292722.249780186, "rsETH": 351.87879201315945, "SolvBTC": 32969.175400110595, "srUSD": 757365.7047970076, "USDC.e": 3966193.8049926125, "diBGT": 159720.33627008286, "USDe": 30045.76316478796, "pol-rUSD": 434.93348250532284, "eBTC": 388.1829359711704, "BYUSD": 81442.94237983944, "WBERA": 1146384.566938443, "oriBGT": 429633.17448121845, "beraETH": 249520.06803233197, "USD\u20ae0": 614014.137649965, "weETH": 34405473.40158184, "rswETH": 12142.842474967667, "SBTC": 11.494433640022791, "iBERA": 14781.388893755038, "IR": 95.43522881957297, "savUSD": 4151313.6482202257, "ylstETH": 2.337739360987576, "HENLO": 55.400394587943005, "KDK": 2335.659809351997, "PT-iBGT-25DEC2025": 5.74123339162813, "uniBTC": 54158.33648035846, "SolvBTC.BBN": 114.81996974063138, "wgBERA": 1934.353536614149, "ylpumpBTC": 4.594793490004088, "ylBTCLST": 126.76393976105217, "STONE": 17894.804158573716, "LBTC": 32142.837287731254, "stBTC": 25860220.650055133, "HONEY": 392533.61896745645, "USDa": 2885.46376790037, "dPT-GLP-26SEP2024": 15113.595364562727, "PENDLE": 506415.1411303421, "JONES": 44.00771258680652, "dGLV [WETH-USDC]": 401764.2120052393, "dPT-ezETH-27JUN2024": 256.8116004228542, "dGM": 8226845.449867054, "dPT-wstETH-27JUN2024": 589.4523376669475, "dARB": 7394.775160417344, "ezETH": 39355.870293026506, "dPT-weETH-26DEC2024": 153.0748721936179, "RDNT": 609.44430133012, "dfsGLP": 7.900252655449166, "GRAIL": 17690.87118646065, "dPT-weETH-26SEP2024": 81.19852415077315, "XAI": 1355.1372362048442, "PREMIA": 2754.8211465055615, "MAGIC": 2985.359445902677, "wstETH": 2411085.335661854, "dplvGLP": 136.33500999652261, "USDS": 3712.4787521544463, "tBTC": 499.40381042181843, "dPT-weETH-27JUN2024": 665.2848517880947, "dGMX": 751736.819057245, "dGLV [WBTC-USDC]": 542861.0288237451, "ARB": 232434.4850633082, "dPT-ezETH-26SEP2024": 3761.2320491259816, "dPT-weETH-25APR2024": 50.64822752788374, "USDC": 128116030.48765136, "AAVE": 11869.748296139012, "dPT-rETH-26JUN2025": 5.911822414352113, "dPT-rsETH-26SEP2024": 976.5518474376593, "WOETH": 24.97146628364447, "DAI": 32892.559953567856, "sUSDS": 30.437700610678704, "rETH": 39343.6432482066, "LINK": 614483.4345979439, "UNI": 1014692.7261685821, "GMX": 12552.579568842784, "USDT": 394978.9382633064, "MIM": 1404.0880739805382, "dPT-wstETH-26JUN2025": 30.311548883641855, "stcUSD": 18503.458046033007, "USD1": 181079672.1580051, "cbBTC": 29523.176545887152, "cUSD": 25.178368731959797, "wsrUSD": 230.37266087996744, "CRV": 19968.520860997854, "mETH": 3606273.829196621, "WLFI": 301002213.93727475, "pBTC": 12042.503401831616, "oUSDT": 17.268456841796652, "dPT-mETH-26DEC2024": 309.52246629481795, "USDY": 411.953455008837, "dWMNT": 2.2718200368860098, "WMNT": 9465.200425944708, "dPT-cmETH-13FEB2025": 306.3024933062199, "dPT-USDe-25JUL2024": 11.165079787422387, "FBTC": 1406.6279212633817, "dPT-sMNT-3OCT2024": 19.684338619022856, "cmETH": 5281.9596246580695, "dPT-USDe-26DEC2024": 61.900056475485584, "POL": 24.37370165258883, "USDC.E": 1341.9329187198425, "MATIC": 412.57096720216725, "WOKB": 369.75811608119017}}], "chainTokensInUsd": {"Berachain": {"WBTC": 957965.9524020889, "rUSD": 31633.505479182066, "DOLO": 390712.4718935161, "sWBERA": 291226.2707376284, "OHM": 19822.234322499025, "NECT": 16978.00642597346, "pumpBTC.bera": 1232.7918840818518, "sUSDe": 48217.770761646585, "sUSDa": 2.5650367756000048, "WETH": 784450.4706215169, "rsETH": 8.10916864373367, "SolvBTC": 32969.175400110595, "srUSD": 6061.816418200125, "USDC.e": 3783430.978460332, "diBGT": 159720.33627008286, "USDe": 28743.818280362986, "pol-rUSD": 434.93348250532284, "eBTC": 388.1829359711704, "BYUSD": 81442.94237983944, "WBERA": 1146384.566938443, "oriBGT": 429633.17448121845, "beraETH": 249520.06803233197, "USD\u20ae0": 614014.137649965, "weETH": 287873.72343091306, "rswETH": 12142.842474967667, "SBTC": 11.494433640022791, "iBERA": 14781.388893755038, "IR": 95.43522881957297, "savUSD": 4151313.6482202257, "ylstETH": 2.337739360987576, "HENLO": 55.400394587943005, "KDK": 2335.659809351997, "PT-iBGT-25DEC2025": 5.74123339162813, "uniBTC": 54003.77077177241, "SolvBTC.BBN": 114.81996974063138, "wgBERA": 1934.353536614149, "ylpumpBTC": 4.594793490004088, "ylBTCLST": 126.76393976105217, "STONE": 17894.804158573716, "LBTC": 32142.837287731254, "stBTC": 25741782.384404123, "HONEY": 392533.61896745645, "USDa": 2885.46376790037}, "Arbitrum": {"dPT-GLP-26SEP2024": 15113.595364562727, "PENDLE": 506415.1411303421, "JONES": 44.00771258680652, "dGLV [WETH-USDC]": 401764.2120052393, "dPT-ezETH-27JUN2024": 256.8116004228542, "dGM": 8226845.449867054, "dPT-wstETH-27JUN2024": 589.4523376669475, "dARB": 7394.775160417344, "ezETH": 39355.870293026506, "dPT-weETH-26DEC2024": 153.0748721936179, "WBTC": 4380006.899080533, "RDNT": 609.44430133012, "dfsGLP": 7.900252655449166, "weETH": 2244847.561308969, "GRAIL": 17690.87118646065, "rsETH": 343.7696233694258, "dPT-weETH-26SEP2024": 81.19852415077315, "XAI": 1355.1372362048442, "PREMIA": 2754.8211465055615, "MAGIC": 2985.359445902677, "wstETH": 203657.96272228486, "dplvGLP": 136.33500999652261, "USDe": 1266.8826669688228, "USDS": 3712.4787521544463, "uniBTC": 154.56570858604996, "tBTC": 499.40381042181843, "dPT-weETH-27JUN2024": 665.2848517880947, "dGMX": 751736.819057245, "dGLV [WBTC-USDC]": 542861.0288237451, "WETH": 5737493.362267569, "ARB": 232434.4850633082, "dPT-ezETH-26SEP2024": 3761.2320491259816, "dPT-weETH-25APR2024": 50.64822752788374, "USDC": 4308129.056068876, "AAVE": 11869.748296139012, "dPT-rETH-26JUN2025": 5.911822414352113, "dPT-rsETH-26SEP2024": 976.5518474376593, "WOETH": 24.97146628364447, "DAI": 32685.430862641384, "sUSDS": 30.437700610678704, "rETH": 39343.6432482066, "LINK": 612886.080798665, "UNI": 1014692.7261685821, "GMX": 12552.579568842784, "USDT": 244089.31483372892, "MIM": 1404.0880739805382, "dPT-wstETH-26JUN2025": 30.311548883641855, "USDC.e": 119959.60878343905}, "Ethereum": {"rUSD": 5.119431816387696, "DOLO": 105913.60924642348, "WBTC": 840307.0393301366, "LINK": 1597.3537992789393, "srUSD": 751303.8883788075, "wstETH": 2207427.3729395694, "stcUSD": 18503.458046033007, "USD1": 181079672.1580051, "sUSDe": 48931.56140689784, "USDC": 123807078.54861271, "WETH": 48761971.22529049, "cbBTC": 29523.176545887152, "cUSD": 25.178368731959797, "weETH": 31872752.116841957, "wsrUSD": 230.37266087996744, "CRV": 19968.520860997854, "mETH": 3563629.70548496, "WLFI": 301002213.93727475, "USDT": 136608.46560285927}, "Botanix": {"pBTC": 12042.503401831616, "oUSDT": 17.268456841796652, "USDC.e": 62803.21774884129, "WETH": 6.1025614950012566, "stBTC": 118438.26565100832}, "Mantle": {"USDC": 768.4252328519468, "USDT": 13723.15124866085, "dPT-mETH-26DEC2024": 309.52246629481795, "USDY": 411.953455008837, "USDe": 35.062217456149604, "dWMNT": 2.2718200368860098, "WMNT": 9465.200425944708, "dPT-cmETH-13FEB2025": 306.3024933062199, "dPT-USDe-25JUL2024": 11.165079787422387, "FBTC": 1406.6279212633817, "WBTC": 838.9654608134188, "mETH": 42644.12371166105, "WETH": 3399.565092886235, "dPT-sMNT-3OCT2024": 19.684338619022856, "cmETH": 5281.9596246580695, "dPT-USDe-26DEC2024": 61.900056475485584},