{"currentChainTvls": {"Berachain": 36237518.449047945, "Berachain-borrowed": 5074326.576637433, "Arbitrum": 20157799.22359748, "Arbitrum-borrowed": 8189844.940371449, "Ethereum": 504366274.96156174, "Ethereum-borrowed": 293597182.649286, "Mantle": 80959.80468426934, "Mantle-borrowed": 13115.954263427333, "Polygon zkEVM": 7134.630963389269, "Polygon zkEVM-borrowed": 134.4725254795557, "X Layer": 922.6706865045943, "X Layer-borrowed": 179.70915740269163, "borrowed": 306874784.3022412}, "tokensInUsd": [{"tokens": {"WBTC": 8102414.235214825, "rUSD": 32422.206930736385, "DOLO": 543312.5313153932, "sWBERA": 336722.6626912107, "OHM": 95550.11104680476, "NECT": 16983.345473253044, "pumpBTC.bera": 1937.1623030950357, "sUSDe": 49962.80580013905, "sUSDa": 2.5650367756000048, "WETH": 58523092.203499414, "rsETH": 330.53992951525424, "SolvBTC": 31615.828365562444, "srUSD": 882822.0587785727, "USDC.e": 4469991.104580955, "diBGT": 193808.21617861843, "USDe": 32979.94265609284, "pol-rUSD": 434.93348250532284, "eBTC": 388.1829359711704, "BYUSD": 82387.20933955339, "WBERA": 1435918.8914421578, "oriBGT": 478663.60972923564, "beraETH": 238377.36951808387, "USD\u20ae0": 830209.7108906237, "weETH": 14936246.869548513, "rswETH": 12142.842474967667, "SBTC": 11.494433640022791, "iBERA": 13733.454957551883, "IR": 98.27181381880946, "savUSD": 4200059.659437781, "ylstETH": 2.337739360987576, "HENLO": 112.62532919316604, "KDK": 2335.659809351997, "PT-iBGT-25DEC2025": 5.74123339162813, "uniBTC": 47804.9675562035, "SolvBTC.BBN": 114.81996974063138, "wgBERA": 1934.353536614149, "ylpumpBTC": 4.594793490004088, "ylBTCLST": 126.76393976105217, "STONE": 15086.672426046065, "LBTC": 30754.990735815165, "stBTC": 25741782.384404123, "HONEY": 470080.9750810507, "USDa": 2885.4306498608835, "dPT-GLP-26SEP2024": 15113.595364562727, "PENDLE": 433864.4146426174, "JONES": 43.50127527135749, "dGLV [WETH-USDC]": 564456.9760294807, "dPT-ezETH-27JUN2024": 256.8116004228542, "dGM": 9092715.934111364, "dPT-wstETH-27JUN2024": 589.4523376669475, "dARB": 7394.775160417344, "ezETH": 36906.9734963495, "dPT-weETH-26DEC2024": 153.0748721936179, "RDNT": 776.3209824753615, "dfsGLP": 7.900252655449166, "GRAIL": 15652.872640912648, "dPT-weETH-26SEP2024": 81.19852415077315, "XAI": 1224.6072304561317, "PREMIA": 2754.8211465055615, "MAGIC": 2629.859240873497, "wstETH": 6539186.650629756, "dplvGLP": 136.33500999652261, "USDS": 3714.8002840614945, "DPX": 6.551456991563027, "tBTC": 462.3187626348149, "dPT-weETH-27JUN2024": 665.2848517880947, "dGMX": 634620.3295346866, "dGLV [WBTC-USDC]": 464598.2015742784, "ARB": 219098.34196384443, "dPT-ezETH-26SEP2024": 3761.2320491259816, "dPT-weETH-25APR2024": 50.64822752788374, "USDC": 124963918.468378, "AAVE": 11985.953361877799, "dPT-rETH-26JUN2025": 5.911822414352113, "dPT-rsETH-26SEP2024": 976.5518474376593, "WOETH": 24.97146628364447, "DAI": 33656.25474318327, "sUSDS": 20.16098736074597, "rETH": 39272.3666680763, "LINK": 727952.7414123559, "UNI": 999321.8684363804, "GMX": 29705.13608935598, "USDT": 565329.5163080534, "MIM": 1406.03562615348, "dPT-wstETH-26JUN2025": 30.311548883641855, "stcUSD": 19910.53279045335, "USD1": 195321028.52037296, "cbBTC": 30779.902573915944, "cUSD": 25.178368731959797, "wsrUSD": 230.37266087996744, "CRV": 21399.712633912775, "mETH": 3519862.767459194, "WLFI": 401520594.042665, "dPT-mETH-26DEC2024": 309.52246629481795, "USDY": 411.85044455836885, "dWMNT": 2.2718200368860098, "WMNT": 10064.050744002392, "dPT-cmETH-13FEB2025": 306.3024933062199, "dPT-USDe-25JUL2024": 11.165079787422387, "FBTC": 1646.1963952750352, "dPT-sMNT-3OCT2024": 19.684338619022856, "cmETH": 6399.064757095076, "dPT-USDe-26DEC2024": 61.900056475485584, "POL": 24.37370165258883, "USDC.E": 1341.9329187198425, "MATIC": 412.57096720216725, "WOKB": 369.75811608119017}}], "chainTokensInUsd": {"Berachain": {"WBTC": 1029174.6155873663, "rUSD": 32145.596904083777, "DOLO": 413444.5895521097, "sWBERA": 336722.6626912107, "OHM": 95550.11104680476, "NECT": 16983.345473253044, "pumpBTC.bera": 1937.1623030950357, "sUSDe": 49395.153539918596, "sUSDa": 2.5650367756000048, "WETH": 832185.2491502818, "rsETH": 7.73323371733219, "SolvBTC": 31615.828365562444, "srUSD": 6032.680525010295, "USDC.e": 4348293.1807782445, "diBGT": 193808.21617861843, "USDe": 30652.74746486612, "pol-rUSD": 434.93348250532284, "eBTC": 388.1829359711704, "BYUSD": 82387.20933955339, "WBERA": 1435918.8914421578, "oriBGT": 478663.60972923564, "beraETH": 238377.36951808387, "USD\u20ae0": 830209.7108906237, "weETH": 288584.9156854005, "rswETH": 12142.842474967667, "SBTC": 11.494433640022791, "iBERA": 13733.454957551883, "IR": 98.27181381880946, "savUSD": 4200059.659437781, "ylstETH": 2.337739360987576, "HENLO": 112.62532919316604, "KDK": 2335.659809351997, "PT-iBGT-25DEC2025": 5.74123339162813, "uniBTC": 47655.69206536822, "SolvBTC.BBN": 114.81996974063138, "wgBERA": 1934.353536614149, "ylpumpBTC": 4.594793490004088, "ylBTCLST": 126.76393976105217, "STONE": 15086.672426046065, "LBTC": 30754.990735815165, "stBTC": 25741782.384404123, "HONEY": 470080.9750810507, "USDa": 2885.4306498608835}, "Arbitrum": {"dPT-GLP-26SEP2024": 15113.595364562727, "PENDLE": 433864.4146426174, "JONES": 43.50127527135749, "dGLV [WETH-USDC]": 564456.9760294807, "dPT-ezETH-27JUN2024": 256.8116004228542, "dGM": 9092715.934111364, "dPT-wstETH-27JUN2024": 589.4523376669475, "dARB": 7394.775160417344, "ezETH": 36906.9734963495, "dPT-weETH-26DEC2024": 153.0748721936179, "WBTC": 4453780.048769848, "RDNT": 776.3209824753615, "dfsGLP": 7.900252655449166, "weETH": 28259.840266748117, "GRAIL": 15652.872640912648, "rsETH": 322.80669579792203, "dPT-weETH-26SEP2024": 81.19852415077315, "XAI": 1224.6072304561317, "PREMIA": 2754.8211465055615, "MAGIC": 2629.859240873497, "wstETH": 211942.49103039328, "dplvGLP": 136.33500999652261, "USDe": 2142.6613293423147, "USDS": 3714.8002840614945, "uniBTC": 149.27549083528163, "DPX": 6.551456991563027, "tBTC": 462.3187626348149, "dPT-weETH-27JUN2024": 665.2848517880947, "dGMX": 634620.3295346866, "dGLV [WBTC-USDC]": 464598.2015742784, "WETH": 5855422.028238065, "ARB": 219098.34196384443, "dPT-ezETH-26SEP2024": 3761.2320491259816, "dPT-weETH-25APR2024": 50.64822752788374, "USDC": 4045624.699625786, "AAVE": 11985.953361877799, "dPT-rETH-26JUN2025": 5.911822414352113, "dPT-rsETH-26SEP2024": 976.5518474376593, "WOETH": 24.97146628364447, "DAI": 33449.1256522568, "sUSDS": 20.16098736074597, "rETH": 39272.3666680763, "LINK": 718713.9402174267, "UNI": 999321.8684363804, "GMX": 29705.13608935598, "USDT": 291652.9223721808, "MIM": 1406.03562615348, "dPT-wstETH-26JUN2025": 30.311548883641855, "USDC.e": 121697.92380271023}, "Ethereum": {"rUSD": 276.6100266526082, "DOLO": 129867.94176328341, "WBTC": 2618618.8751197923, "LINK": 9238.801194929114, "srUSD": 876789.3782535624, "wstETH": 6327244.159599363, "stcUSD": 19910.53279045335, "USD1": 195321028.52037296, "sUSDe": 567.652260220454, "USDC": 120917471.52446303, "WETH": 51826260.844768874, "cbBTC": 30779.902573915944, "cUSD": 25.178368731959797, "weETH": 14619402.113596365, "wsrUSD": 230.37266087996744, "CRV": 21399.712633912775, "mETH": 3464311.659917466, "WLFI": 401520594.042665, "USDT": 259439.7878182355}, "Mantle": {"USDC": 767.7865522778284, "USDT": 13678.799539579897, "dPT-mETH-26DEC2024": 309.52246629481795, "USDY": 411.85044455836885, "USDe": 184.5338618844023, "dWMNT": 2.2718200368860098, "WMNT": 10064.050744002392, "dPT-cmETH-13FEB2025": 306.3024933062199, "dPT-USDe-25JUL2024": 11.165079787422387, "FBTC": 1646.1963952750352, "WBTC": 838.9654608134188, "mETH": 55551.10754172847, "WETH": 3822.557395961952, "dPT-sMNT-3OCT2024": 19.684338619022856, "cmETH": 6399.064757095076, "dPT-USDe-26DEC2024": 61.900056475485584}, "Polygon zkEVM": {"USDT": 396.5440259908066, "POL": 24.37370165258883, "USDC.E": 1341.9329187198425, "WETH": 4884.822507373056, "MATIC": 412.57096720216725, "DAI": 207.12909092647467, "WBTC": 1.7302770038885988}, "X Layer": {"USDT": 161.46255206648038,