{"currentChainTvls": {"Berachain": 35038780.567097686, "Berachain-borrowed": 4886778.6028170455, "Arbitrum": 19867848.015014738, "Arbitrum-borrowed": 9364693.76801041, "Ethereum": 455955217.3779175, "Ethereum-borrowed": 298813174.6517663, "Botanix": 139820.88606332024, "Botanix-borrowed": 53460.92961661019, "Mantle": 67608.08614040357, "Mantle-borrowed": 12537.196792913968, "Polygon zkEVM": 7134.630963389269, "Polygon zkEVM-borrowed": 134.4725254795557, "X Layer": 922.6706865045943, "X Layer-borrowed": 179.70915740269163, "borrowed": 313130959.33068615}, "tokensInUsd": [{"tokens": {"WBTC": 6293877.076084768, "rUSD": 31743.212955381165, "DOLO": 564166.7802278632, "sWBERA": 297988.3545294513, "OHM": 18098.874653545976, "NECT": 16977.492789030875, "pumpBTC.bera": 1232.7918840818518, "sUSDe": 97085.90922438483, "sUSDa": 2.5650367756000048, "WETH": 55816150.75249962, "rsETH": 366.01062601788595, "SolvBTC": 33432.30319657777, "srUSD": 766599.4556635388, "USDC.e": 3966614.9460703335, "diBGT": 158966.13676126252, "USDe": 30036.363260704315, "pol-rUSD": 434.93348250532284, "eBTC": 388.1829359711704, "BYUSD": 83510.60754749933, "WBERA": 1197877.4049974522, "oriBGT": 417286.70010800473, "beraETH": 255616.1805526688, "USD\u20ae0": 613912.3074372667, "weETH": 33197304.96079934, "rswETH": 12142.842474967667, "SBTC": 11.494433640022791, "iBERA": 12234.040703462315, "IR": 112.29056132803387, "savUSD": 4151313.6482202257, "ylstETH": 2.337739360987576, "HENLO": 55.400394587943005, "KDK": 2335.659809351997, "PT-iBGT-25DEC2025": 5.74123339162813, "uniBTC": 54162.03163663201, "SolvBTC.BBN": 114.81996974063138, "wgBERA": 1934.353536614149, "ylpumpBTC": 4.594793490004088, "ylBTCLST": 126.76393976105217, "STONE": 18216.173082853136, "LBTC": 32142.837287731254, "stBTC": 25860220.650055133, "HONEY": 378736.07434529, "USDa": 2885.46376790037, "dPT-GLP-26SEP2024": 15113.595364562727, "PENDLE": 494132.9732925981, "JONES": 44.00771258680652, "dGLV [WETH-USDC]": 417430.8052866089, "dPT-ezETH-27JUN2024": 256.8116004228542, "dGM": 8377594.305066539, "dPT-wstETH-27JUN2024": 589.4523376669475, "dARB": 7394.775160417344, "ezETH": 39595.41021912308, "dPT-weETH-26DEC2024": 153.0748721936179, "RDNT": 616.2797653603019, "dfsGLP": 7.900252655449166, "GRAIL": 18804.10944424573, "dPT-weETH-26SEP2024": 81.19852415077315, "XAI": 1435.2889963731177, "PREMIA": 2754.8211465055615, "MAGIC": 2996.4754950085594, "wstETH": 4351217.8144799415, "dplvGLP": 136.33500999652261, "USDS": 3702.7023172844097, "tBTC": 516.1418855260528, "dPT-weETH-27JUN2024": 665.2848517880947, "dGMX": 758335.3340408284, "dGLV [WBTC-USDC]": 516056.3072643081, "ARB": 227990.6145308119, "dPT-ezETH-26SEP2024": 3761.2320491259816, "dPT-weETH-25APR2024": 50.64822752788374, "USDC": 125910116.99922894, "AAVE": 11869.748296139012, "dPT-rETH-26JUN2025": 5.911822414352113, "dPT-rsETH-26SEP2024": 976.5518474376593, "WOETH": 24.97146628364447, "DAI": 33091.868570726416, "sUSDS": 30.429191586671323, "rETH": 39947.47326150064, "LINK": 662760.7647938156, "UNI": 1018360.8705302933, "GMX": 12375.08249836278, "USDT": 377709.5901002081, "MIM": 1404.2200559620649, "dPT-wstETH-26JUN2025": 30.311548883641855, "stcUSD": 18503.458046033007, "USD1": 183277033.78491193, "cbBTC": 30328.566720294017, "cUSD": 25.178368731959797, "wsrUSD": 230.37266087996744, "CRV": 19968.520860997854, "mETH": 3607389.922564521, "WLFI": 359526574.4449886, "pBTC": 12042.503401831616, "oUSDT": 17.268456841796652, "dPT-mETH-26DEC2024": 309.52246629481795, "USDY": 411.953455008837, "dWMNT": 2.2718200368860098, "WMNT": 9651.50691374227, "dPT-cmETH-13FEB2025": 306.3024933062199, "dPT-USDe-25JUL2024": 11.165079787422387, "FBTC": 1406.6279212633817, "dPT-sMNT-3OCT2024": 19.684338619022856, "cmETH": 5281.9596246580695, "dPT-USDe-26DEC2024": 61.900056475485584, "POL": 24.37370165258883, "USDC.E": 1341.9329187198425, "MATIC": 412.57096720216725, "WOKB": 369.75811608119017}}], "chainTokensInUsd": {"Berachain": {"WBTC": 970963.0483397971, "rUSD": 31738.093523564778, "DOLO": 457250.59555871546, "sWBERA": 297988.3545294513, "OHM": 18098.874653545976, "NECT": 16977.492789030875, "pumpBTC.bera": 1232.7918840818518, "sUSDe": 48205.41167268832, "sUSDa": 2.5650367756000048, "WETH": 802268.3314638318, "rsETH": 7.73323371733219, "SolvBTC": 33432.30319657777, "srUSD": 6059.552331468267, "USDC.e": 3780540.5354462215, "diBGT": 158966.13676126252, "USDe": 28734.454432776503, "pol-rUSD": 434.93348250532284, "eBTC": 388.1829359711704, "BYUSD": 83510.60754749933, "WBERA": 1197877.4049974522, "oriBGT": 417286.70010800473, "beraETH": 255616.1805526688, "USD\u20ae0": 613912.3074372667, "weETH": 295905.8865302629, "rswETH": 12142.842474967667, "SBTC": 11.494433640022791, "iBERA": 12234.040703462315, "IR": 112.29056132803387, "savUSD": 4151313.6482202257, "ylstETH": 2.337739360987576, "HENLO": 55.400394587943005, "KDK": 2335.659809351997, "PT-iBGT-25DEC2025": 5.74123339162813, "uniBTC": 54003.77077177241, "SolvBTC.BBN": 114.81996974063138, "wgBERA": 1934.353536614149, "ylpumpBTC": 4.594793490004088, "ylBTCLST": 126.76393976105217, "STONE": 18216.173082853136, "LBTC": 32142.837287731254, "stBTC": 25741782.384404123, "HONEY": 378736.07434529, "USDa": 2885.46376790037}, "Arbitrum": {"dPT-GLP-26SEP2024": 15113.595364562727, "PENDLE": 494132.9732925981, "JONES": 44.00771258680652, "dGLV [WETH-USDC]": 417430.8052866089, "dPT-ezETH-27JUN2024": 256.8116004228542, "dGM": 8377594.305066539, "dPT-wstETH-27JUN2024": 589.4523376669475, "dARB": 7394.775160417344, "ezETH": 39595.41021912308, "dPT-weETH-26DEC2024": 153.0748721936179, "WBTC": 4417965.523901486, "RDNT": 616.2797653603019, "dfsGLP": 7.900252655449166, "weETH": 2268467.7684659585, "GRAIL": 18804.10944424573, "rsETH": 358.27739230055374, "dPT-weETH-26SEP2024": 81.19852415077315, "XAI": 1435.2889963731177, "PREMIA": 2754.8211465055615, "MAGIC": 2996.4754950085594, "wstETH": 206922.05571265362, "dplvGLP": 136.33500999652261, "USDe": 1266.8466104716622, "USDS": 3702.7023172844097, "uniBTC": 158.26086485960292, "tBTC": 516.1418855260528, "dPT-weETH-27JUN2024": 665.2848517880947, "dGMX": 758335.3340408284, "dGLV [WBTC-USDC]": 516056.3072643081, "WETH": 5800509.026219249, "ARB": 227990.6145308119, "dPT-ezETH-26SEP2024": 3761.2320491259816, "dPT-weETH-25APR2024": 50.64822752788374, "USDC": 3516018.359872786, "AAVE": 11869.748296139012, "dPT-rETH-26JUN2025": 5.911822414352113, "dPT-rsETH-26SEP2024": 976.5518474376593, "WOETH": 24.97146628364447, "DAI": 32884.739479799944, "sUSDS": 30.429191586671323, "rETH": 39947.47326150064, "LINK": 662587.8666124861, "UNI": 1018360.8705302933, "GMX": 12375.08249836278, "USDT": 226864.86764465692, "MIM": 1404.2200559620649, "dPT-wstETH-26JUN2025": 30.311548883641855, "USDC.e": 123296.73501535847}, "Ethereum": {"rUSD": 5.119431816387696, "DOLO": 106916.18466914771, "WBTC": 904107.8081056683, "LINK": 172.89818132952303, "srUSD": 760539.9033320704, "wstETH": 4144295.758767288, "stcUSD": 18503.458046033007, "USD1": 183277033.78491193, "sUSDe": 48880.497551696506, "USDC": 122393275.78808497, "WETH": 49204409.205148384, "cbBTC": 30328.566720294017, "cUSD": 25.178368731959797, "weETH": 30632931.30580312, "wsrUSD": 230.37266087996744, "CRV": 19968.520860997854, "mETH": 3563629.70548496, "WLFI": 359526574.4449886, "USDT": 136563.52856589708}, "Botanix": {"pBTC": 12042.503401831616, "oUSDT": 17.268456841796652, "USDC.e": 62777.6756087537, "WETH": 6.1025614950012566, "stBTC": 118438.26565100832}, "Mantle": {"USDC": 768.3935342672437, "USDT": 13723.187311596805, "dPT-mETH-26DEC2024": 309.52246629481795, "USDY": 411.953455008837, "USDe": 35.062217456149604, "dWMNT": 2.2718200368860098, "WMNT": 9651.50691374227, "dPT-cmETH-13FEB2025": 306.3024933062199, "dPT-USDe-25JUL2024": 11.165079787422387, "FBTC": 1406.6279212633817, "WBTC": 838.9654608134188, "mETH": 43760.21707956085, "WETH": 3556.5631604306677, "dPT-sMNT-3OCT2024": 19.684338619022856, "cmETH": 5281.9596246580695, "dPT-USDe-26DEC2024": 61.900056475485584},