{"currentChainTvls": {"Berachain": 36049673.238603674, "Berachain-borrowed": 4903609.495512507, "Arbitrum": 19845718.556793455, "Arbitrum-borrowed": 8142696.289603331, "Ethereum": 517745289.4929945, "Ethereum-borrowed": 285608480.3223918, "Mantle": 83288.59403718638, "Mantle-borrowed": 13230.271720294477, "Polygon zkEVM": 7134.630963389269, "Polygon zkEVM-borrowed": 134.4725254795557, "X Layer": 922.6706865045943, "X Layer-borrowed": 179.70915740269163, "borrowed": 298668330.5609108}, "tokensInUsd": [{"tokens": {"WBTC": 7722177.26057886, "rUSD": 31964.57665479615, "DOLO": 536323.9551354749, "sWBERA": 329570.3527149117, "OHM": 96841.093535799, "NECT": 16983.977871486535, "pumpBTC.bera": 1937.1623030950357, "sUSDe": 49978.65647918207, "sUSDa": 2.5650367756000048, "WETH": 60524722.62497791, "rsETH": 368.03251829932293, "SolvBTC": 32256.34994425071, "srUSD": 832762.1026831494, "USDC.e": 4453334.819159995, "diBGT": 187199.02525062702, "USDe": 32738.79653237668, "pol-rUSD": 434.93348250532284, "eBTC": 388.1829359711704, "BYUSD": 84839.55016522588, "WBERA": 1357973.927719673, "oriBGT": 462335.32950763265, "beraETH": 233593.26007041166, "USD\u20ae0": 661610.6214041394, "weETH": 17455012.88728979, "rswETH": 12142.842474967667, "SBTC": 11.494433640022791, "iBERA": 13438.894605542006, "IR": 110.38219662671544, "savUSD": 4200017.654640707, "ylstETH": 2.337739360987576, "HENLO": 55.400394587943005, "KDK": 2335.659809351997, "PT-iBGT-25DEC2025": 5.74123339162813, "uniBTC": 47804.9675562035, "SolvBTC.BBN": 114.81996974063138, "wgBERA": 1934.353536614149, "ylpumpBTC": 4.594793490004088, "ylBTCLST": 126.76393976105217, "STONE": 17463.59335540562, "LBTC": 29858.90051945301, "stBTC": 25741782.384404123, "HONEY": 447735.67364877, "USDa": 2885.436944941515, "dPT-GLP-26SEP2024": 15113.595364562727, "PENDLE": 401833.54073732067, "JONES": 43.50127527135749, "dGLV [WETH-USDC]": 425707.5848692197, "dPT-ezETH-27JUN2024": 256.8116004228542, "dGM": 9466372.483836737, "dPT-wstETH-27JUN2024": 589.4523376669475, "dARB": 7394.775160417344, "ezETH": 35903.11054932595, "dPT-weETH-26DEC2024": 153.0748721936179, "RDNT": 681.3766767794901, "dfsGLP": 7.900252655449166, "GRAIL": 14734.605909949481, "dPT-weETH-26SEP2024": 81.19852415077315, "XAI": 1245.1938537054114, "PREMIA": 2754.8211465055615, "MAGIC": 2768.7595482798492, "wstETH": 211353.07001542655, "dplvGLP": 136.33500999652261, "USDS": 3715.386217403536, "DPX": 7.337541804984554, "tBTC": 462.3187626348149, "dPT-weETH-27JUN2024": 665.2848517880947, "dGMX": 634844.9263816806, "dGLV [WBTC-USDC]": 383373.6897578666, "ARB": 207214.6282775451, "dPT-ezETH-26SEP2024": 3761.2320491259816, "dPT-weETH-25APR2024": 50.64822752788374, "USDC": 128710068.03166217, "AAVE": 12325.393256460482, "dPT-rETH-26JUN2025": 5.911822414352113, "dPT-rsETH-26SEP2024": 976.5518474376593, "WOETH": 24.97146628364447, "DAI": 33673.45953849782, "sUSDS": 20.16098736074597, "rETH": 39099.407885075634, "LINK": 696892.2431935444, "UNI": 1017588.0857566083, "GMX": 10399.2721695055, "USDT": 493179.09906650666, "MIM": 1405.7096994461626, "dPT-wstETH-26JUN2025": 30.311548883641855, "stcUSD": 19910.53279045335, "USD1": 190216293.74190152, "cbBTC": 30779.902573915944, "cUSD": 25.178368731959797, "wsrUSD": 230.37266087996744, "CRV": 19968.520860997854, "mETH": 3522199.27556871, "WLFI": 410109253.662689, "dPT-mETH-26DEC2024": 309.52246629481795, "USDY": 411.85044455836885, "dWMNT": 2.2718200368860098, "WMNT": 9991.92570983809, "dPT-cmETH-13FEB2025": 306.3024933062199, "dPT-USDe-25JUL2024": 11.165079787422387, "FBTC": 1646.1963952750352, "dPT-sMNT-3OCT2024": 19.684338619022856, "cmETH": 6689.909410327725, "dPT-USDe-26DEC2024": 61.900056475485584, "POL": 24.37370165258883, "USDC.E": 1341.9329187198425, "MATIC": 412.57096720216725, "WOKB": 369.75811608119017}}], "chainTokensInUsd": {"Berachain": {"WBTC": 988528.733073375, "rUSD": 31959.457222979763, "DOLO": 406456.01337219146, "sWBERA": 329570.3527149117, "OHM": 96841.093535799, "NECT": 16983.977871486535, "pumpBTC.bera": 1937.1623030950357, "sUSDe": 49411.004218961614, "sUSDa": 2.5650367756000048, "WETH": 826092.3581646739, "rsETH": 7.73323371733219, "SolvBTC": 32256.34994425071, "srUSD": 6032.680525010295, "USDC.e": 4331257.009867976, "diBGT": 187199.02525062702, "USDe": 30427.772383226213, "pol-rUSD": 434.93348250532284, "eBTC": 388.1829359711704, "BYUSD": 84839.55016522588, "WBERA": 1357973.927719673, "oriBGT": 462335.32950763265, "beraETH": 233593.26007041166, "USD\u20ae0": 661610.6214041394, "weETH": 299461.0194057286, "rswETH": 12142.842474967667, "SBTC": 11.494433640022791, "iBERA": 13438.894605542006, "IR": 110.38219662671544, "savUSD": 4200017.654640707, "ylstETH": 2.337739360987576, "HENLO": 55.400394587943005, "KDK": 2335.659809351997, "PT-iBGT-25DEC2025": 5.74123339162813, "uniBTC": 47655.69206536822, "SolvBTC.BBN": 114.81996974063138, "wgBERA": 1934.353536614149, "ylpumpBTC": 4.594793490004088, "ylBTCLST": 126.76393976105217, "STONE": 17463.59335540562, "LBTC": 29858.90051945301, "stBTC": 25741782.384404123, "HONEY": 447735.67364877, "USDa": 2885.436944941515}, "Arbitrum": {"dPT-GLP-26SEP2024": 15113.595364562727, "PENDLE": 401833.54073732067, "JONES": 43.50127527135749, "dGLV [WETH-USDC]": 425707.5848692197, "dPT-ezETH-27JUN2024": 256.8116004228542, "dGM": 9466372.483836737, "dPT-wstETH-27JUN2024": 589.4523376669475, "dARB": 7394.775160417344, "ezETH": 35903.11054932595, "dPT-weETH-26DEC2024": 153.0748721936179, "WBTC": 4303204.029209148, "RDNT": 681.3766767794901, "dfsGLP": 7.900252655449166, "weETH": 30133.539338095496, "GRAIL": 14734.605909949481, "rsETH": 360.2992845819907, "dPT-weETH-26SEP2024": 81.19852415077315, "XAI": 1245.1938537054114, "PREMIA": 2754.8211465055615, "MAGIC": 2768.7595482798492, "wstETH": 211353.07001542655, "dplvGLP": 136.33500999652261, "USDe": 2143.78781107073, "USDS": 3715.386217403536, "uniBTC": 149.27549083528163, "DPX": 7.337541804984554, "tBTC": 462.3187626348149, "dPT-weETH-27JUN2024": 665.2848517880947, "dGMX": 634844.9263816806, "dGLV [WBTC-USDC]": 383373.6897578666, "WETH": 5594737.05769512, "ARB": 207214.6282775451, "dPT-ezETH-26SEP2024": 3761.2320491259816, "dPT-weETH-25APR2024": 50.64822752788374, "USDC": 4080113.771884865, "AAVE": 12325.393256460482, "dPT-rETH-26JUN2025": 5.911822414352113, "dPT-rsETH-26SEP2024": 976.5518474376593, "WOETH": 24.97146628364447, "DAI": 33466.330447571345, "sUSDS": 20.16098736074597, "rETH": 39099.407885075634, "LINK": 687653.4419986153, "UNI": 1017588.0857566083, "GMX": 10399.2721695055, "USDT": 231273.08389742376, "MIM": 1405.7096994461626, "dPT-wstETH-26JUN2025": 30.311548883641855, "USDC.e": 122077.80929201849}, "Ethereum": {"rUSD": 5.119431816387696, "DOLO": 129867.94176328341, "WBTC": 2429603.802558519, "LINK": 9238.801194929114, "srUSD": 826729.4221581391, "stcUSD": 19910.53279045335, "USD1": 190216293.74190152, "sUSDe": 567.652260220454, "USDC": 124629132.01548812, "WETH": 54094766.48234942, "cbBTC": 30779.902573915944, "cUSD": 25.178368731959797, "weETH": 17125418.328545965, "wsrUSD": 230.37266087996744, "CRV": 19968.520860997854, "mETH": 3464311.659917466, "WLFI": 410109253.662689, "USDT": 247666.67787294474}, "Mantle": {"USDC": 767.7865522778284, "USDT": 13681.330718080886, "dPT-mETH-26DEC2024": 309.52246629481795, "USDY": 411.85044455836885, "USDe": 167.23633807973755, "dWMNT": 2.2718200368860098, "WMNT": 9991.92570983809, "dPT-cmETH-13FEB2025": 306.3024933062199, "dPT-USDe-25JUL2024": 11.165079787422387, "FBTC": 1646.1963952750352, "WBTC": 838.9654608134188, "mETH": 57887.61565124418, "WETH": 3725.2028224657465, "dPT-sMNT-3OCT2024": 19.684338619022856, "cmETH": 6689.909410327725, "dPT-USDe-26DEC2024": 61.900056475485584}, "Polygon zkEVM": {"USDT": 396.5440259908066, "POL": 24.37370165258883, "USDC.E": 1341.9329187198425, "WETH": 4884.822507373056, "MATIC": 412.57096720216725, "DAI": 207.12909092647467, "WBTC": 1.7302770038885988}, "X Layer": {"USDT": 161.46255206648038, "WETH": 516.7014388535599, "USDC": 54.457736906055366,