{"currentChainTvls": {"Berachain": 36013342.84837215, "Berachain-borrowed": 4897802.823492657, "Arbitrum": 19742517.77726596, "Arbitrum-borrowed": 8040910.255876035, "Ethereum": 520857701.1464348, "Ethereum-borrowed": 286902300.67083883, "Mantle": 83227.26304490294, "Mantle-borrowed": 13283.162414003029, "Polygon zkEVM": 7134.630963389269, "Polygon zkEVM-borrowed": 134.4725254795557, "X Layer": 922.6706865045943, "X Layer-borrowed": 179.70915740269163, "borrowed": 299854611.09430444}, "tokensInUsd": [{"tokens": {"WBTC": 7320068.076604187, "rUSD": 31766.003102729002, "DOLO": 550001.3292371393, "sWBERA": 331162.69208934857, "OHM": 96032.51782203773, "NECT": 16984.33261421614, "pumpBTC.bera": 1937.1623030950357, "sUSDe": 49944.9458604591, "sUSDa": 2.5650367756000048, "WETH": 60042079.95109645, "rsETH": 368.03251829932293, "SolvBTC": 32461.565500320125, "srUSD": 831569.2441020309, "USDC.e": 4346585.6926019145, "diBGT": 191664.82354270472, "USDe": 32744.610855345487, "pol-rUSD": 434.93348250532284, "eBTC": 388.1829359711704, "BYUSD": 84266.23447292624, "WBERA": 1400157.5699470937, "oriBGT": 468902.2128571192, "beraETH": 249113.26529720286, "USD\u20ae0": 640962.0374720173, "weETH": 21125151.575742643, "rswETH": 12142.842474967667, "SBTC": 11.494433640022791, "iBERA": 13735.743767809841, "IR": 122.99197775358441, "savUSD": 4200017.654640707, "ylstETH": 2.337739360987576, "HENLO": 55.400394587943005, "KDK": 2335.659809351997, "PT-iBGT-25DEC2025": 5.74123339162813, "uniBTC": 52360.20193575974, "SolvBTC.BBN": 114.81996974063138, "wgBERA": 1934.353536614149, "ylpumpBTC": 4.594793490004088, "ylBTCLST": 126.76393976105217, "STONE": 18655.815524274953, "LBTC": 31334.80529781731, "stBTC": 25741782.384404123, "HONEY": 452982.19312282134, "USDa": 2885.4405835934867, "dPT-GLP-26SEP2024": 15113.595364562727, "PENDLE": 447666.1409779226, "JONES": 43.50127527135749, "dGLV [WETH-USDC]": 425707.5848692197, "dPT-ezETH-27JUN2024": 256.8116004228542, "dGM": 9251330.663813533, "dPT-wstETH-27JUN2024": 589.4523376669475, "dARB": 7394.775160417344, "ezETH": 35903.11054932595, "dPT-weETH-26DEC2024": 153.0748721936179, "RDNT": 710.6371105013369, "dfsGLP": 7.900252655449166, "GRAIL": 14308.034785066195, "dPT-weETH-26SEP2024": 81.19852415077315, "XAI": 1341.3447437955494, "PREMIA": 2754.8211465055615, "MAGIC": 2813.0812240675627, "wstETH": 211831.22629165533, "dplvGLP": 136.33500999652261, "USDS": 3715.555637105127, "DPX": 7.337541804984554, "tBTC": 462.3187626348149, "dPT-weETH-27JUN2024": 665.2848517880947, "dGMX": 614794.1864952646, "dGLV [WBTC-USDC]": 474948.8966624525, "ARB": 233122.64780438418, "dPT-ezETH-26SEP2024": 3761.2320491259816, "dPT-weETH-25APR2024": 50.64822752788374, "USDC": 131584684.93161498, "AAVE": 12325.393256460482, "dPT-rETH-26JUN2025": 5.911822414352113, "dPT-rsETH-26SEP2024": 976.5518474376593, "WOETH": 24.97146628364447, "DAI": 33184.5066217409, "sUSDS": 20.16098736074597, "rETH": 41237.810226146146, "LINK": 728781.6603645573, "UNI": 1075132.1714894765, "GMX": 12012.98179624609, "USDT": 443751.0620457411, "MIM": 1406.0266995220213, "dPT-wstETH-26JUN2025": 30.311548883641855, "stcUSD": 19910.53279045335, "USD1": 193366840.57484865, "cbBTC": 30779.902573915944, "cUSD": 25.178368731959797, "wsrUSD": 230.37266087996744, "CRV": 19968.520860997854, "mETH": 3522199.27556871, "WLFI": 405519379.39321464, "dPT-mETH-26DEC2024": 309.52246629481795, "USDY": 411.85044455836885, "dWMNT": 2.2718200368860098, "WMNT": 9909.595574423925, "dPT-cmETH-13FEB2025": 306.3024933062199, "dPT-USDe-25JUL2024": 11.165079787422387, "FBTC": 1646.1963952750352, "dPT-sMNT-3OCT2024": 19.684338619022856, "cmETH": 6689.909410327725, "dPT-USDe-26DEC2024": 61.900056475485584, "POL": 24.37370165258883, "USDC.E": 1341.9329187198425, "MATIC": 412.57096720216725, "WOKB": 369.75811608119017}}], "chainTokensInUsd": {"Berachain": {"WBTC": 978694.8810290921, "rUSD": 31760.883670912615, "DOLO": 426549.78917933756, "sWBERA": 331162.69208934857, "OHM": 96032.51782203773, "NECT": 16984.33261421614, "pumpBTC.bera": 1937.1623030950357, "sUSDe": 49377.29360023864, "sUSDa": 2.5650367756000048, "WETH": 815845.57142358, "rsETH": 7.73323371733219, "SolvBTC": 32461.565500320125, "srUSD": 6032.680525010295, "USDC.e": 4224474.190718829, "diBGT": 191664.82354270472, "USDe": 30433.58670619502, "pol-rUSD": 434.93348250532284, "eBTC": 388.1829359711704, "BYUSD": 84266.23447292624, "WBERA": 1400157.5699470937, "oriBGT": 468902.2128571192, "beraETH": 249113.26529720286, "USD\u20ae0": 640962.0374720173, "weETH": 303037.00231582497, "rswETH": 12142.842474967667, "SBTC": 11.494433640022791, "iBERA": 13735.743767809841, "IR": 122.99197775358441, "savUSD": 4200017.654640707, "ylstETH": 2.337739360987576, "HENLO": 55.400394587943005, "KDK": 2335.659809351997, "PT-iBGT-25DEC2025": 5.74123339162813, "uniBTC": 52210.92644492446, "SolvBTC.BBN": 114.81996974063138, "wgBERA": 1934.353536614149, "ylpumpBTC": 4.594793490004088, "ylBTCLST": 126.76393976105217, "STONE": 18655.815524274953, "LBTC": 31334.80529781731, "stBTC": 25741782.384404123, "HONEY": 452982.19312282134, "USDa": 2885.4405835934867}, "Arbitrum": {"dPT-GLP-26SEP2024": 15113.595364562727, "PENDLE": 447666.1409779226, "JONES": 43.50127527135749, "dGLV [WETH-USDC]": 425707.5848692197, "dPT-ezETH-27JUN2024": 256.8116004228542, "dGM": 9251330.663813533, "dPT-wstETH-27JUN2024": 589.4523376669475, "dARB": 7394.775160417344, "ezETH": 35903.11054932595, "dPT-weETH-26DEC2024": 153.0748721936179, "WBTC": 4105448.354619439, "RDNT": 710.6371105013369, "dfsGLP": 7.900252655449166, "weETH": 30133.539338095496, "GRAIL": 14308.034785066195, "rsETH": 360.2992845819907, "dPT-weETH-26SEP2024": 81.19852415077315, "XAI": 1341.3447437955494, "PREMIA": 2754.8211465055615, "MAGIC": 2813.0812240675627, "wstETH": 211831.22629165533, "dplvGLP": 136.33500999652261, "USDe": 2143.78781107073, "USDS": 3715.555637105127, "uniBTC": 149.27549083528163, "DPX": 7.337541804984554, "tBTC": 462.3187626348149, "dPT-weETH-27JUN2024": 665.2848517880947, "dGMX": 614794.1864952646, "dGLV [WBTC-USDC]": 474948.8966624525, "WETH": 5616047.00421943, "ARB": 233122.64780438418, "dPT-ezETH-26SEP2024": 3761.2320491259816, "dPT-weETH-25APR2024": 50.64822752788374, "USDC": 4019122.0775068966, "AAVE": 12325.393256460482, "dPT-rETH-26JUN2025": 5.911822414352113, "dPT-rsETH-26SEP2024": 976.5518474376593, "WOETH": 24.97146628364447, "DAI": 32977.377530814425, "sUSDS": 20.16098736074597, "rETH": 41237.810226146146, "LINK": 728405.6510023628, "UNI": 1075132.1714894765, "GMX": 12012.98179624609, "USDT": 233685.4753741356, "MIM": 1406.0266995220213, "dPT-wstETH-26JUN2025": 30.311548883641855, "USDC.e": 122111.50188308554}, "Ethereum": {"rUSD": 5.119431816387696, "DOLO": 123451.5400578017, "WBTC": 2235084.145217838, "LINK": 376.0093621944771, "srUSD": 825536.5635770205, "stcUSD": 19910.53279045335, "USD1": 193366840.57484865, "sUSDe": 567.652260220454, "USDC": 127564740.18338269, "WETH": 53600992.99491654, "cbBTC": 30779.902573915944, "cUSD": 25.178368731959797, "weETH": 20791981.034088723, "wsrUSD": 230.37266087996744, "CRV": 19968.520860997854, "mETH": 3464311.659917466, "WLFI": 405519379.39321464, "USDT": 195820.4397430471}, "Mantle": {"USDC": 768.2129884879041, "USDT": 13687.140350501099, "dPT-mETH-26DEC2024": 309.52246629481795, "USDY": 411.85044455836885, "USDe": 167.23633807973755, "dWMNT": 2.2718200368860098, "WMNT": 9909.595574423925, "dPT-cmETH-13FEB2025": 306.3024933062199, "dPT-USDe-25JUL2024": 11.165079787422387, "FBTC": 1646.1963952750352, "WBTC": 838.9654608134188, "mETH": 57887.61565124418, "WETH": 3792.856590674729, "dPT-sMNT-3OCT2024": 19.684338619022856, "cmETH": 6689.909410327725, "dPT-USDe-26DEC2024": 61.900056475485584}, "Polygon zkEVM": {"USDT": 396.5440259908066, "POL": 24.37370165258883, "USDC.E": 1341.9329187198425, "WETH": 4884.822507373056, "MATIC": 412.57096720216725, "DAI": 207.12909092647467, "WBTC": 1.7302770038885988}, "X Layer": {"USDT": 161.46255206648038, "WETH": 516.7014388535599,