{"currentChainTvls": {"Berachain": 34546614.278653614, "Berachain-borrowed": 4103833.272879881, "Arbitrum": 22088246.97885786, "Arbitrum-borrowed": 8700535.757986896, "Ethereum": 436762825.39961797, "Ethereum-borrowed": 291054285.8249509, "Botanix": 142165.4521972935, "Botanix-borrowed": 53581.129057731734, "Mantle": 68466.89969009168, "Mantle-borrowed": 12613.779326486332, "Polygon zkEVM": 7134.630963389269, "Polygon zkEVM-borrowed": 134.4725254795557, "X Layer": 922.6706865045943, "X Layer-borrowed": 179.70915740269163, "borrowed": 303925163.94588476}, "tokensInUsd": [{"tokens": {"WBTC": 6905155.900829914, "rUSD": 29249.191594384272, "DOLO": 511789.3168842527, "sWBERA": 291694.08141961857, "OHM": 19715.508106391895, "NECT": 16979.003853965845, "pumpBTC.bera": 1232.7918840818518, "sUSDe": 97182.53738600278, "sUSDa": 2.5650367756000048, "WETH": 57941462.52537694, "rsETH": 374.1540195924623, "SolvBTC": 34666.903371329296, "srUSD": 748236.6386661088, "USDC.e": 3874013.481645101, "diBGT": 165900.09309035994, "USDe": 30061.791540452778, "pol-rUSD": 434.93348250532284, "eBTC": 388.1829359711704, "BYUSD": 82766.74340619419, "WBERA": 1178830.260834101, "oriBGT": 438522.1645873342, "beraETH": 249520.06803233197, "USD\u20ae0": 614480.7167684619, "weETH": 38525476.36342015, "rswETH": 12142.842474967667, "SBTC": 11.494433640022791, "iBERA": 12084.076998568002, "IR": 107.21034758910943, "savUSD": 3282390.111558113, "ylstETH": 2.337739360987576, "HENLO": 55.400394587943005, "KDK": 2335.659809351997, "PT-iBGT-25DEC2025": 5.74123339162813, "uniBTC": 53616.92835017246, "SolvBTC.BBN": 114.81996974063138, "wgBERA": 1934.353536614149, "ylpumpBTC": 4.594793490004088, "ylBTCLST": 126.76393976105217, "STONE": 17894.804158573716, "LBTC": 32142.837287731254, "stBTC": 25862599.816499352, "HONEY": 286257.4811405145, "USDa": 2885.480543795949, "dPT-GLP-26SEP2024": 15113.595364562727, "PENDLE": 696319.34487463, "JONES": 44.00771258680652, "dGLV [WETH-USDC]": 433618.0478286921, "dPT-ezETH-27JUN2024": 256.8116004228542, "dGM": 8509597.834737498, "dPT-wstETH-27JUN2024": 589.4523376669475, "dARB": 6501.771211626431, "ezETH": 38143.73651330958, "dPT-weETH-26DEC2024": 153.0748721936179, "RDNT": 942.2797061673358, "dfsGLP": 7.900252655449166, "GRAIL": 19394.75620105327, "dPT-weETH-26SEP2024": 81.19852415077315, "XAI": 1432.8245032691723, "PREMIA": 2754.8211465055615, "MAGIC": 2912.1335345562497, "wstETH": 214309.7601348022, "dplvGLP": 136.33500999652261, "USDS": 3712.4787521544463, "tBTC": 502.44306112350944, "dPT-weETH-27JUN2024": 665.2848517880947, "dGMX": 679203.6726323538, "dGLV [WBTC-USDC]": 593188.1174777643, "ARB": 238603.87055513795, "dPT-ezETH-26SEP2024": 3761.2320491259816, "dPT-weETH-25APR2024": 50.64822752788374, "USDC": 134636292.07508132, "AAVE": 11624.261810182637, "dPT-rETH-26JUN2025": 5.911822414352113, "dPT-rsETH-26SEP2024": 976.5518474376593, "WOETH": 24.97146628364447, "DAI": 32711.277662453907, "sUSDS": 30.437700610678704, "rETH": 41319.70492021227, "LINK": 639348.3767646702, "UNI": 1044056.2014778011, "GMX": 164724.82613835883, "USDT": 393195.52574902424, "MIM": 1404.047461687658, "dPT-wstETH-26JUN2025": 30.311548883641855, "stcUSD": 14492.925073452903, "USD1": 184891066.74617887, "cbBTC": 30587.68284261275, "cUSD": 25.178368731959797, "wsrUSD": 230.37266087996744, "CRV": 19968.520860997854, "mETH": 3608179.4856845695, "WLFI": 319192781.3123005, "pBTC": 12039.615499748495, "oUSDT": 17.15248969398468, "dPT-mETH-26DEC2024": 309.52246629481795, "USDY": 411.953455008837, "dWMNT": 2.2718200368860098, "WMNT": 9635.941736489533, "dPT-cmETH-13FEB2025": 306.3024933062199, "dPT-USDe-25JUL2024": 11.165079787422387, "FBTC": 1406.6279212633817, "dPT-sMNT-3OCT2024": 19.684338619022856, "cmETH": 5246.671014134116, "dPT-USDe-26DEC2024": 61.900056475485584, "POL": 24.37370165258883, "USDC.E": 1341.9329187198425, "MATIC": 412.57096720216725, "WOKB": 369.75811608119017}}], "chainTokensInUsd": {"Berachain": {"WBTC": 771080.6141282385, "rUSD": 29244.072162567885, "DOLO": 419625.0722260839, "sWBERA": 291694.08141961857, "OHM": 19715.508106391895, "NECT": 16979.003853965845, "pumpBTC.bera": 1232.7918840818518, "sUSDe": 48237.61322171314, "sUSDa": 2.5650367756000048, "WETH": 814969.0343033706, "rsETH": 8.10916864373367, "SolvBTC": 34666.903371329296, "srUSD": 6061.816418200125, "USDC.e": 3693292.8661761074, "diBGT": 165900.09309035994, "USDe": 28757.302563714427, "pol-rUSD": 434.93348250532284, "eBTC": 388.1829359711704, "BYUSD": 82766.74340619419, "WBERA": 1178830.260834101, "oriBGT": 438522.1645873342, "beraETH": 249520.06803233197, "USD\u20ae0": 614480.7167684619, "weETH": 298303.31566501077, "rswETH": 12142.842474967667, "SBTC": 11.494433640022791, "iBERA": 12084.076998568002, "IR": 107.21034758910943, "savUSD": 3282390.111558113, "ylstETH": 2.337739360987576, "HENLO": 55.400394587943005, "KDK": 2335.659809351997, "PT-iBGT-25DEC2025": 5.74123339162813, "uniBTC": 53455.32392651944, "SolvBTC.BBN": 114.81996974063138, "wgBERA": 1934.353536614149, "ylpumpBTC": 4.594793490004088, "ylBTCLST": 126.76393976105217, "STONE": 17894.804158573716, "LBTC": 32142.837287731254, "stBTC": 25741782.384404123, "HONEY": 286257.4811405145, "USDa": 2885.480543795949}, "Arbitrum": {"dPT-GLP-26SEP2024": 15113.595364562727, "PENDLE": 696319.34487463, "JONES": 44.00771258680652, "dGLV [WETH-USDC]": 433618.0478286921, "dPT-ezETH-27JUN2024": 256.8116004228542, "dGM": 8509597.834737498, "dPT-wstETH-27JUN2024": 589.4523376669475, "dARB": 6501.771211626431, "ezETH": 38143.73651330958, "dPT-weETH-26DEC2024": 153.0748721936179, "WBTC": 5265378.111935472, "RDNT": 942.2797061673358, "dfsGLP": 7.900252655449166, "weETH": 1379234.1225054192, "GRAIL": 19394.75620105327, "rsETH": 366.04485094872865, "dPT-weETH-26SEP2024": 81.19852415077315, "XAI": 1432.8245032691723, "PREMIA": 2754.8211465055615, "MAGIC": 2912.1335345562497, "wstETH": 214309.7601348022, "dplvGLP": 136.33500999652261, "USDe": 1267.7080667065236, "USDS": 3712.4787521544463, "uniBTC": 161.60442365301563, "tBTC": 502.44306112350944, "dPT-weETH-27JUN2024": 665.2848517880947, "dGMX": 679203.6726323538, "dGLV [WBTC-USDC]": 593188.1174777643, "WETH": 6065982.779401037, "ARB": 238603.87055513795, "dPT-ezETH-26SEP2024": 3761.2320491259816, "dPT-weETH-25APR2024": 50.64822752788374, "USDC": 4307262.366385541, "AAVE": 11624.261810182637, "dPT-rETH-26JUN2025": 5.911822414352113, "dPT-rsETH-26SEP2024": 976.5518474376593, "WOETH": 24.97146628364447, "DAI": 32504.148571527432, "sUSDS": 30.437700610678704, "rETH": 41319.70492021227, "LINK": 639291.9264772908, "UNI": 1044056.2014778011, "GMX": 164724.82613835883, "USDT": 253284.9274998265, "MIM": 1404.047461687658, "dPT-wstETH-26JUN2025": 30.311548883641855, "USDC.e": 117854.33686013572}, "Ethereum": {"rUSD": 5.119431816387696, "DOLO": 92164.2446581688, "WBTC": 867856.4790283865, "LINK": 56.450287379460676, "srUSD": 742174.8222479087, "stcUSD": 14492.925073452903, "USD1": 184891066.74617887, "sUSDe": 48944.924164289645, "USDC": 130328206.82582213, "WETH": 51051362.541022226, "cbBTC": 30587.68284261275, "cUSD": 25.178368731959797, "weETH": 36847938.92524972, "wsrUSD": 230.37266087996744, "CRV": 19968.520860997854, "mETH": 3563629.70548496, "WLFI": 319192781.3123005, "USDT": 125618.448885759}, "Botanix": {"pBTC": 12039.615499748495, "oUSDT": 17.15248969398468, "USDC.e": 62866.27860885797, "WETH": 6.1025614950012566, "stBTC": 120817.43209522976}, "Mantle": {"USDC": 768.4251367478689, "USDT": 13734.142785381404, "dPT-mETH-26DEC2024": 309.52246629481795, "USDY": 411.953455008837, "USDe": 36.78091003182738, "dWMNT": 2.2718200368860098, "WMNT": 9635.941736489533, "dPT-cmETH-13FEB2025": 306.3024933062199, "dPT-USDe-25JUL2024": 11.165079787422387, "FBTC": 1406.6279212633817, "WBTC": 838.9654608134188, "mETH": 44549.78019960916, "WETH": 3740.544142578624, "dPT-sMNT-3OCT2024": 19.684338619022856, "cmETH": 5246.671014134116, "dPT-USDe-26DEC2024": 61.900056475485584}, "Polygon zkEVM": {"USDT": 396.5440259908066,