{"currentChainTvls": {"Berachain": 34493645.080612645, "Berachain-borrowed": 4074811.4808718576, "Arbitrum": 21091895.890457742, "Arbitrum-borrowed": 8922669.877704598, "Ethereum": 367929992.7662958, "Ethereum-borrowed": 290470653.0539508, "Botanix": 139698.01302333074, "Botanix-borrowed": 53497.8786166473, "Mantle": 66638.49475700005, "Mantle-borrowed": 12499.933040880822, "Polygon zkEVM": 7134.630963389269, "Polygon zkEVM-borrowed": 134.4725254795557, "X Layer": 922.6706865045943, "X Layer-borrowed": 179.70915740269163, "borrowed": 303534446.40586764}, "tokensInUsd": [{"tokens": {"WBTC": 6140876.868017934, "rUSD": 31639.807835634754, "DOLO": 493703.83753039036, "sWBERA": 304871.9102846297, "OHM": 19798.48344088328, "NECT": 16978.389059351466, "pumpBTC.bera": 1232.7918840818518, "sUSDe": 97162.69492593623, "sUSDa": 2.5650367756000048, "WETH": 56150073.78122295, "rsETH": 365.1709018566398, "SolvBTC": 34061.04420670446, "srUSD": 747995.7970838033, "USDC.e": 3876057.9010853814, "diBGT": 164787.53964021822, "USDe": 30048.137485739106, "pol-rUSD": 434.93348250532284, "eBTC": 388.1829359711704, "BYUSD": 81566.09243668102, "WBERA": 1164993.628393076, "oriBGT": 442485.42927292787, "beraETH": 249520.06803233197, "USD\u20ae0": 614276.1424149189, "weETH": 35619882.94506383, "rswETH": 12142.842474967667, "SBTC": 11.494433640022791, "iBERA": 12187.613431548438, "IR": 108.97792491155258, "savUSD": 3282390.111558113, "ylstETH": 2.337739360987576, "HENLO": 55.400394587943005, "KDK": 2335.659809351997, "PT-iBGT-25DEC2025": 5.74123339162813, "uniBTC": 54158.33648035846, "SolvBTC.BBN": 114.81996974063138, "wgBERA": 1934.353536614149, "ylpumpBTC": 4.594793490004088, "ylBTCLST": 126.76393976105217, "STONE": 17894.804158573716, "LBTC": 32142.837287731254, "stBTC": 25860220.650055133, "HONEY": 256247.40932517932, "USDa": 2885.46376790037, "dPT-GLP-26SEP2024": 15113.595364562727, "PENDLE": 600253.5741640092, "JONES": 44.00771258680652, "dGLV [WETH-USDC]": 406988.29960274766, "dPT-ezETH-27JUN2024": 256.8116004228542, "dGM": 8340491.932264345, "dPT-wstETH-27JUN2024": 589.4523376669475, "dARB": 7394.775160417344, "ezETH": 39355.13729821031, "dPT-weETH-26DEC2024": 153.0748721936179, "RDNT": 916.5570632484433, "dfsGLP": 7.900252655449166, "GRAIL": 17494.126814337047, "dPT-weETH-26SEP2024": 81.19852415077315, "XAI": 1355.1372362048442, "PREMIA": 2754.8211465055615, "MAGIC": 2929.918713100695, "wstETH": 2415457.9809909686, "dplvGLP": 136.33500999652261, "USDS": 3712.4787521544463, "tBTC": 502.44306112350944, "dPT-weETH-27JUN2024": 665.2848517880947, "dGMX": 680781.6110311962, "dGLV [WBTC-USDC]": 552651.6492396068, "ARB": 291495.53005529585, "dPT-ezETH-26SEP2024": 3761.2320491259816, "dPT-weETH-25APR2024": 50.64822752788374, "USDC": 124829028.27394328, "AAVE": 11433.163458786312, "dPT-rETH-26JUN2025": 5.911822414352113, "dPT-rsETH-26SEP2024": 976.5518474376593, "WOETH": 24.97146628364447, "DAI": 32901.94083780383, "sUSDS": 30.437700610678704, "rETH": 40214.55844013837, "LINK": 614411.9348327946, "UNI": 1021572.905818301, "GMX": 12186.909399691178, "USDT": 394424.1206119068, "MIM": 1403.2282948891052, "dPT-wstETH-26JUN2025": 30.311548883641855, "stcUSD": 14492.925073452903, "USD1": 179950473.10510105, "cbBTC": 30445.654571755185, "cUSD": 25.178368731959797, "wsrUSD": 230.37266087996744, "CRV": 19968.520860997854, "mETH": 3606577.509118812, "WLFI": 267448556.04393333, "pBTC": 11912.772238924486, "oUSDT": 17.268456841796652, "dPT-mETH-26DEC2024": 309.52246629481795, "USDY": 411.953455008837, "dWMNT": 2.2718200368860098, "WMNT": 9499.491911874302, "dPT-cmETH-13FEB2025": 306.3024933062199, "dPT-USDe-25JUL2024": 11.165079787422387, "FBTC": 1406.6279212633817, "dPT-sMNT-3OCT2024": 19.684338619022856, "cmETH": 5281.9596246580695, "dPT-USDe-26DEC2024": 61.900056475485584, "POL": 24.37370165258883, "USDC.E": 1341.9329187198425, "MATIC": 412.57096720216725, "WOKB": 369.75811608119017}}], "chainTokensInUsd": {"Berachain": {"WBTC": 756195.1755144164, "rUSD": 31634.688403818367, "DOLO": 402295.86344377504, "sWBERA": 304871.9102846297, "OHM": 19798.48344088328, "NECT": 16978.389059351466, "pumpBTC.bera": 1232.7918840818518, "sUSDe": 48217.770761646585, "sUSDa": 2.5650367756000048, "WETH": 795311.2457494974, "rsETH": 8.10916864373367, "SolvBTC": 34061.04420670446, "srUSD": 6061.816418200125, "USDC.e": 3694166.4731611055, "diBGT": 164787.53964021822, "USDe": 28745.604186588138, "pol-rUSD": 434.93348250532284, "eBTC": 388.1829359711704, "BYUSD": 81566.09243668102, "WBERA": 1164993.628393076, "oriBGT": 442485.42927292787, "beraETH": 249520.06803233197, "USD\u20ae0": 614276.1424149189, "weETH": 294045.2332009958, "rswETH": 12142.842474967667, "SBTC": 11.494433640022791, "iBERA": 12187.613431548438, "IR": 108.97792491155258, "savUSD": 3282390.111558113, "ylstETH": 2.337739360987576, "HENLO": 55.400394587943005, "KDK": 2335.659809351997, "PT-iBGT-25DEC2025": 5.74123339162813, "uniBTC": 54003.77077177241, "SolvBTC.BBN": 114.81996974063138, "wgBERA": 1934.353536614149, "ylpumpBTC": 4.594793490004088, "ylBTCLST": 126.76393976105217, "STONE": 17894.804158573716, "LBTC": 32142.837287731254, "stBTC": 25741782.384404123, "HONEY": 256247.40932517932, "USDa": 2885.46376790037}, "Arbitrum": {"dPT-GLP-26SEP2024": 15113.595364562727, "PENDLE": 600253.5741640092, "JONES": 44.00771258680652, "dGLV [WETH-USDC]": 406988.29960274766, "dPT-ezETH-27JUN2024": 256.8116004228542, "dGM": 8340491.932264345, "dPT-wstETH-27JUN2024": 589.4523376669475, "dARB": 7394.775160417344, "ezETH": 39355.13729821031, "dPT-weETH-26DEC2024": 153.0748721936179, "WBTC": 4496789.043909362, "RDNT": 916.5570632484433, "dfsGLP": 7.900252655449166, "weETH": 2030506.2516310392, "GRAIL": 17494.126814337047, "rsETH": 357.0617332129061, "dPT-weETH-26SEP2024": 81.19852415077315, "XAI": 1355.1372362048442, "PREMIA": 2754.8211465055615, "MAGIC": 2929.918713100695, "wstETH": 208030.60805139912, "dplvGLP": 136.33500999652261, "USDe": 1267.4710816948186, "USDS": 3712.4787521544463, "uniBTC": 154.56570858604996, "tBTC": 502.44306112350944, "dPT-weETH-27JUN2024": 665.2848517880947, "dGMX": 680781.6110311962, "dGLV [WBTC-USDC]": 552651.6492396068, "WETH": 5895806.693342254, "ARB": 291495.53005529585, "dPT-ezETH-26SEP2024": 3761.2320491259816, "dPT-weETH-25APR2024": 50.64822752788374, "USDC": 4315715.255887612, "AAVE": 11433.163458786312, "dPT-rETH-26JUN2025": 5.911822414352113, "dPT-rsETH-26SEP2024": 976.5518474376593, "WOETH": 24.97146628364447, "DAI": 32694.811746877356, "sUSDS": 30.437700610678704, "rETH": 40214.55844013837, "LINK": 612788.8201186025, "UNI": 1021572.905818301, "GMX": 12186.909399691178, "USDT": 243568.7575565115, "MIM": 1403.2282948891052, "dPT-wstETH-26JUN2025": 30.311548883641855, "USDC.e": 119069.94519256748}, "Ethereum": {"rUSD": 5.119431816387696, "DOLO": 91407.9740866153, "WBTC": 887051.9528563386, "LINK": 1623.1147141921674, "srUSD": 741933.9806656032, "wstETH": 2207427.3729395694, "stcUSD": 14492.925073452903, "USD1": 179950473.10510105, "sUSDe": 48944.924164289645, "USDC": 120512490.13518201, "WETH": 49450036.63206265, "cbBTC": 30445.654571755185, "cUSD": 25.178368731959797, "weETH": 33295331.460231792, "wsrUSD": 230.37266087996744, "CRV": 19968.520860997854, "mETH": 3563629.70548496, "WLFI": 267448556.04393333, "USDT": 136571.6478564753}, "Botanix": {"pBTC": 11912.772238924486, "oUSDT": 17.268456841796652, "USDC.e": 62821.48273170842, "WETH": 6.1025614950012566, "stBTC": 118438.26565100832}, "Mantle": {"USDC": 768.4251367478689, "USDT": 13725.708620862746, "dPT-mETH-26DEC2024": 309.52246629481795, "USDY": 411.953455008837, "USDe": 35.062217456149604, "dWMNT": 2.2718200368860098, "WMNT": 9499.491911874302, "dPT-cmETH-13FEB2025": 306.3024933062199, "dPT-USDe-25JUL2024": 11.165079787422387, "FBTC": 1406.6279212633817, "WBTC": 838.9654608134188, "mETH": 42947.80363385171, "WETH": 3511.5835608245397, "dPT-sMNT-3OCT2024": 19.684338619022856, "cmETH": 5281.9596246580695, "dPT-USDe-26DEC2024": 61.900056475485584},