{"currentChainTvls": {"Berachain": 36156925.33401945, "Berachain-borrowed": 5046810.811818991, "Arbitrum": 20021442.95234868, "Arbitrum-borrowed": 8017721.88787504, "Ethereum": 501702752.219173, "Ethereum-borrowed": 292739803.40346175, "Mantle": 78825.2436284985, "Mantle-borrowed": 13063.03927610994, "Polygon zkEVM": 7134.630963389269, "Polygon zkEVM-borrowed": 134.4725254795557, "X Layer": 922.6706865045943, "X Layer-borrowed": 179.70915740269163, "borrowed": 305817713.3241148}, "tokensInUsd": [{"tokens": {"WBTC": 7924325.6441175025, "rUSD": 32226.14798417042, "DOLO": 547218.0208697115, "sWBERA": 336722.6626912107, "OHM": 96460.21005854035, "NECT": 16983.484953357827, "pumpBTC.bera": 1937.1623030950357, "sUSDe": 49962.80580013905, "sUSDa": 2.5650367756000048, "WETH": 57031735.2130608, "rsETH": 330.53992951525424, "SolvBTC": 31155.393621940213, "srUSD": 881366.7043639292, "USDC.e": 4471942.500912756, "diBGT": 187095.8412780143, "USDe": 32964.84798256602, "pol-rUSD": 434.93348250532284, "eBTC": 388.1829359711704, "BYUSD": 82521.67722176405, "WBERA": 1379088.8493189558, "oriBGT": 480862.7881156956, "beraETH": 238377.36951808387, "USD\u20ae0": 831500.4733501186, "weETH": 14933266.208450133, "rswETH": 12142.842474967667, "SBTC": 11.494433640022791, "iBERA": 13253.11710840681, "IR": 98.27181381880946, "savUSD": 4200059.659437781, "ylstETH": 2.337739360987576, "HENLO": 112.62532919316604, "KDK": 2335.659809351997, "PT-iBGT-25DEC2025": 5.74123339162813, "uniBTC": 47804.9675562035, "SolvBTC.BBN": 114.81996974063138, "wgBERA": 1934.353536614149, "ylpumpBTC": 4.594793490004088, "ylBTCLST": 126.76393976105217, "STONE": 17027.77187263913, "LBTC": 30754.990735815165, "stBTC": 25741782.384404123, "HONEY": 499857.21882781625, "USDa": 2885.432098238492, "dPT-GLP-26SEP2024": 15113.595364562727, "PENDLE": 421555.76792675024, "JONES": 43.50127527135749, "dGLV [WETH-USDC]": 564456.9760294807, "dPT-ezETH-27JUN2024": 256.8116004228542, "dGM": 9170008.440286519, "dPT-wstETH-27JUN2024": 589.4523376669475, "dARB": 7394.775160417344, "ezETH": 36798.997813330156, "dPT-weETH-26DEC2024": 153.0748721936179, "RDNT": 778.1120169063607, "dfsGLP": 7.900252655449166, "GRAIL": 15791.836252338646, "dPT-weETH-26SEP2024": 81.19852415077315, "XAI": 1213.6458071859704, "PREMIA": 2754.8211465055615, "MAGIC": 2629.859240873497, "wstETH": 6533594.203912388, "dplvGLP": 136.33500999652261, "USDS": 3715.2089358006, "DPX": 6.551456991563027, "tBTC": 462.3187626348149, "dPT-weETH-27JUN2024": 665.2848517880947, "dGMX": 637378.0552612669, "dGLV [WBTC-USDC]": 467766.18287260155, "ARB": 208267.11495387263, "dPT-ezETH-26SEP2024": 3761.2320491259816, "dPT-weETH-25APR2024": 50.64822752788374, "USDC": 126007393.84380376, "AAVE": 11577.83379071406, "dPT-rETH-26JUN2025": 5.911822414352113, "dPT-rsETH-26SEP2024": 976.5518474376593, "WOETH": 24.97146628364447, "DAI": 33677.9245186606, "sUSDS": 20.16098736074597, "rETH": 40368.676065211395, "LINK": 703237.2059786395, "UNI": 971601.2352778879, "GMX": 29796.49748184468, "USDT": 581863.6331438306, "MIM": 1406.03562615348, "dPT-wstETH-26JUN2025": 30.311548883641855, "stcUSD": 19910.53279045335, "USD1": 192888758.14527225, "cbBTC": 30779.902573915944, "cUSD": 25.178368731959797, "wsrUSD": 230.37266087996744, "CRV": 21399.712633912775, "mETH": 3518106.471732435, "WLFI": 400648663.52596354, "dPT-mETH-26DEC2024": 309.52246629481795, "USDY": 411.85044455836885, "dWMNT": 2.2718200368860098, "WMNT": 9927.969351208882, "dPT-cmETH-13FEB2025": 306.3024933062199, "dPT-USDe-25JUL2024": 11.165079787422387, "FBTC": 1646.1963952750352, "dPT-sMNT-3OCT2024": 19.684338619022856, "cmETH": 6399.064757095076, "dPT-USDe-26DEC2024": 61.900056475485584, "POL": 24.37370165258883, "USDC.E": 1341.9329187198425, "MATIC": 412.57096720216725, "WOKB": 369.75811608119017}}], "chainTokensInUsd": {"Berachain": {"WBTC": 999106.7018563076, "rUSD": 31949.537957517812, "DOLO": 417350.0791064281, "sWBERA": 336722.6626912107, "OHM": 96460.21005854035, "NECT": 16983.484953357827, "pumpBTC.bera": 1937.1623030950357, "sUSDe": 49395.153539918596, "sUSDa": 2.5650367756000048, "WETH": 779538.6613834349, "rsETH": 7.73323371733219, "SolvBTC": 31155.393621940213, "srUSD": 6032.680525010295, "USDC.e": 4350399.205248425, "diBGT": 187095.8412780143, "USDe": 30654.77289111323, "pol-rUSD": 434.93348250532284, "eBTC": 388.1829359711704, "BYUSD": 82521.67722176405, "WBERA": 1379088.8493189558, "oriBGT": 480862.7881156956, "beraETH": 238377.36951808387, "USD\u20ae0": 831500.4733501186, "weETH": 285604.2545870207, "rswETH": 12142.842474967667, "SBTC": 11.494433640022791, "iBERA": 13253.11710840681, "IR": 98.27181381880946, "savUSD": 4200059.659437781, "ylstETH": 2.337739360987576, "HENLO": 112.62532919316604, "KDK": 2335.659809351997, "PT-iBGT-25DEC2025": 5.74123339162813, "uniBTC": 47655.69206536822, "SolvBTC.BBN": 114.81996974063138, "wgBERA": 1934.353536614149, "ylpumpBTC": 4.594793490004088, "ylBTCLST": 126.76393976105217, "STONE": 17027.77187263913, "LBTC": 30754.990735815165, "stBTC": 25741782.384404123, "HONEY": 499857.21882781625, "USDa": 2885.432098238492}, "Arbitrum": {"dPT-GLP-26SEP2024": 15113.595364562727, "PENDLE": 421555.76792675024, "JONES": 43.50127527135749, "dGLV [WETH-USDC]": 564456.9760294807, "dPT-ezETH-27JUN2024": 256.8116004228542, "dGM": 9170008.440286519, "dPT-wstETH-27JUN2024": 589.4523376669475, "dARB": 7394.775160417344, "ezETH": 36798.997813330156, "dPT-weETH-26DEC2024": 153.0748721936179, "WBTC": 4332716.543722932, "RDNT": 778.1120169063607, "dfsGLP": 7.900252655449166, "weETH": 28259.840266748117, "GRAIL": 15791.836252338646, "rsETH": 322.80669579792203, "dPT-weETH-26SEP2024": 81.19852415077315, "XAI": 1213.6458071859704, "PREMIA": 2754.8211465055615, "MAGIC": 2629.859240873497, "wstETH": 206350.04431302458, "dplvGLP": 136.33500999652261, "USDe": 2142.838753373048, "USDS": 3715.2089358006, "uniBTC": 149.27549083528163, "DPX": 6.551456991563027, "tBTC": 462.3187626348149, "dPT-weETH-27JUN2024": 665.2848517880947, "dGMX": 637378.0552612669, "dGLV [WBTC-USDC]": 467766.18287260155, "WETH": 5527208.098995555, "ARB": 208267.11495387263, "dPT-ezETH-26SEP2024": 3761.2320491259816, "dPT-weETH-25APR2024": 50.64822752788374, "USDC": 4167209.074534178, "AAVE": 11577.83379071406, "dPT-rETH-26JUN2025": 5.911822414352113, "dPT-rsETH-26SEP2024": 976.5518474376593, "WOETH": 24.97146628364447, "DAI": 33470.79542773413, "sUSDS": 20.16098736074597, "rETH": 40368.676065211395, "LINK": 693998.4047837104, "UNI": 971601.2352778879, "GMX": 29796.49748184468, "USDT": 308147.9373724596, "MIM": 1406.03562615348, "dPT-wstETH-26JUN2025": 30.311548883641855, "USDC.e": 121543.29566433138}, "Ethereum": {"rUSD": 276.6100266526082, "DOLO": 129867.94176328341, "WBTC": 2591661.7028004453, "LINK": 9238.801194929114, "srUSD": 875334.0238389189, "wstETH": 6327244.159599363, "stcUSD": 19910.53279045335, "USD1": 192888758.14527225, "sUSDe": 567.652260220454, "USDC": 121839362.5249804, "WETH": 50716044.53906704, "cbBTC": 30779.902573915944, "cUSD": 25.178368731959797, "weETH": 14619402.113596365, "wsrUSD": 230.37266087996744, "CRV": 21399.712633912775, "mETH": 3464311.659917466, "WLFI": 400648663.52596354, "USDT": 259476.5233260501}, "Mantle": {"USDC": 767.7865522778284, "USDT": 13681.165867263719, "dPT-mETH-26DEC2024": 309.52246629481795, "USDY": 411.85044455836885, "USDe": 167.23633807973755, "dWMNT": 2.2718200368860098, "WMNT": 9927.969351208882, "dPT-cmETH-13FEB2025": 306.3024933062199, "dPT-USDe-25JUL2024": 11.165079787422387, "FBTC": 1646.1963952750352, "WBTC": 838.9654608134188, "mETH": 53794.811814968765, "WETH": 3542.389668547756, "dPT-sMNT-3OCT2024": 19.684338619022856, "cmETH": 6399.064757095076, "dPT-USDe-26DEC2024": 61.900056475485584}, "Polygon zkEVM": {"USDT": 396.5440259908066, "POL": 24.37370165258883, "USDC.E": 1341.9329187198425, "WETH": 4884.822507373056, "MATIC": 412.57096720216725, "DAI": 207.12909092647467, "WBTC": 1.7302770038885988}, "X Layer": {"USDT": 161.46255206648038, "WETH": 516.7014388535599,