{"currentChainTvls": {"Berachain": 36497900.342252664, "Berachain-borrowed": 5678802.512460677, "Arbitrum": 23884194.471045054, "Arbitrum-borrowed": 8604137.718360266, "Ethereum": 561556092.7117485, "Ethereum-borrowed": 302399752.2605547, "Mantle": 80096.55079123183, "Mantle-borrowed": 13162.994273391343, "Polygon zkEVM": 7134.630963389269, "Polygon zkEVM-borrowed": 134.4725254795557, "X Layer": 922.6706865045943, "X Layer-borrowed": 179.70915740269163, "borrowed": 316696169.6673319}, "tokensInUsd": [{"tokens": {"WBTC": 8783619.951515144, "rUSD": 32463.726916651354, "DOLO": 561248.1638606642, "sWBERA": 329208.37002900225, "OHM": 96611.09890429142, "NECT": 16983.829974228793, "pumpBTC.bera": 1937.1623030950357, "sUSDe": 51339.388135719244, "sUSDa": 2.5650367756000048, "WETH": 58288604.15844263, "rsETH": 330.53992951525424, "SolvBTC": 31238.83309731074, "srUSD": 1048985.967825801, "USDC.e": 4457415.882729389, "diBGT": 194329.93781644778, "USDe": 32880.83300501914, "pol-rUSD": 434.93348250532284, "eBTC": 388.1829359711704, "BYUSD": 173551.40920880245, "WBERA": 1399049.839039049, "oriBGT": 441370.94989611383, "beraETH": 238055.37613030992, "USD\u20ae0": 940790.0467609908, "weETH": 17207737.883202214, "rswETH": 12142.842474967667, "SBTC": 11.494433640022791, "iBERA": 13729.559902829686, "IR": 97.71665725615271, "savUSD": 4949745.2797864955, "ylstETH": 2.337739360987576, "HENLO": 112.62532919316604, "KDK": 2335.659809351997, "PT-iBGT-25DEC2025": 5.334054029325135, "uniBTC": 47791.94252639805, "SolvBTC.BBN": 114.81996974063138, "wgBERA": 3092.741877160705, "ylpumpBTC": 4.594793490004088, "ylBTCLST": 126.76393976105217, "STONE": 15086.672426046065, "LBTC": 29007.31465676618, "stBTC": 25741782.384404123, "HONEY": 458770.5317276331, "USDa": 2961.825059061027, "dPT-GLP-26SEP2024": 15113.595364562727, "PENDLE": 423308.0303398439, "JONES": 82.02996908627667, "dGLV [WETH-USDC]": 567437.4858227997, "dPT-ezETH-27JUN2024": 256.8116004228542, "dGM": 9714602.372076476, "dPT-wstETH-27JUN2024": 589.4523376669475, "dARB": 5632.791592093791, "ezETH": 37190.201427638385, "dPT-weETH-26DEC2024": 153.0748721936179, "RDNT": 850.7304775853954, "dfsGLP": 7.900252655449166, "GRAIL": 19980.79754461983, "dPT-weETH-26SEP2024": 81.19852415077315, "XAI": 1280.5270150713625, "PREMIA": 2754.8211465055615, "MAGIC": 2661.4579218822905, "wstETH": 211529.52339543495, "dplvGLP": 136.33500999652261, "USDS": 3713.435894962473, "DPX": 6.551456991563027, "tBTC": 445.93123541708167, "dPT-weETH-27JUN2024": 665.2848517880947, "dGMX": 646740.3505506106, "dGLV [WBTC-USDC]": 449861.81156075426, "ARB": 186265.27779639227, "dPT-ezETH-26SEP2024": 3761.2320491259816, "dPT-weETH-25APR2024": 50.64822752788374, "USDC": 128249329.68483336, "AAVE": 10944.248616544783, "dPT-rETH-26JUN2025": 5.911822414352113, "dPT-rsETH-26SEP2024": 924.3708046835206, "WOETH": 24.97146628364447, "DAI": 44515.79761652783, "sUSDS": 20.16098736074597, "rETH": 43654.64244374849, "LINK": 747026.8792635325, "UNI": 1037306.1615097984, "GMX": 32355.65770330966, "USDT": 919107.8389626608, "MIM": 1406.6867908835848, "dPT-wstETH-26JUN2025": 30.311548883641855, "stcUSD": 19908.139970685585, "USD1": 171112096.0620606, "cbBTC": 31378.20624862069, "cUSD": 25.17704698776133, "wsrUSD": 230.37266087996744, "CRV": 21399.712633912775, "mETH": 3518936.8535489407, "WLFI": 495009695.7783703, "dPT-mETH-26DEC2024": 309.52246629481795, "USDY": 411.84297572116003, "dWMNT": 2.2718200368860098, "WMNT": 10736.344126651305, "dPT-cmETH-13FEB2025": 306.3024933062199, "dPT-USDe-25JUL2024": 11.165079787422387, "FBTC": 1646.1963952750352, "dPT-sMNT-3OCT2024": 19.684338619022856, "cmETH": 5872.420393130634, "dPT-USDe-26DEC2024": 61.900056475485584, "POL": 24.37370165258883, "USDC.E": 1341.9329187198425, "MATIC": 412.57096720216725, "WOKB": 369.75811608119017}}], "chainTokensInUsd": {"Berachain": {"WBTC": 1002138.5798885743, "rUSD": 32187.116889998746, "DOLO": 447080.1131534704, "sWBERA": 329208.37002900225, "OHM": 96611.09890429142, "NECT": 16983.829974228793, "pumpBTC.bera": 1937.1623030950357, "sUSDe": 50772.55428922453, "sUSDa": 2.5650367756000048, "WETH": 841170.2535384402, "rsETH": 7.73323371733219, "SolvBTC": 31238.83309731074, "srUSD": 6032.680525010295, "USDC.e": 4335720.1487551415, "diBGT": 194329.93781644778, "USDe": 30554.36096543735, "pol-rUSD": 434.93348250532284, "eBTC": 388.1829359711704, "BYUSD": 173551.40920880245, "WBERA": 1399049.839039049, "oriBGT": 441370.94989611383, "beraETH": 238055.37613030992, "USD\u20ae0": 940790.0467609908, "weETH": 290300.5877531545, "rswETH": 12142.842474967667, "SBTC": 11.494433640022791, "iBERA": 13729.559902829686, "IR": 97.71665725615271, "savUSD": 4949745.2797864955, "ylstETH": 2.337739360987576, "HENLO": 112.62532919316604, "KDK": 2335.659809351997, "PT-iBGT-25DEC2025": 5.334054029325135, "uniBTC": 47655.69206536822, "SolvBTC.BBN": 114.81996974063138, "wgBERA": 3092.741877160705, "ylpumpBTC": 4.594793490004088, "ylBTCLST": 126.76393976105217, "STONE": 15086.672426046065, "LBTC": 29007.31465676618, "stBTC": 25741782.384404123, "HONEY": 458770.5317276331, "USDa": 2961.825059061027}, "Arbitrum": {"dPT-GLP-26SEP2024": 15113.595364562727, "PENDLE": 423308.0303398439, "JONES": 82.02996908627667, "dGLV [WETH-USDC]": 567437.4858227997, "dPT-ezETH-27JUN2024": 256.8116004228542, "dGM": 9714602.372076476, "dPT-wstETH-27JUN2024": 589.4523376669475, "dARB": 5632.791592093791, "ezETH": 37190.201427638385, "dPT-weETH-26DEC2024": 153.0748721936179, "WBTC": 4248954.954118284, "RDNT": 850.7304775853954, "dfsGLP": 7.900252655449166, "weETH": 28306.450685568885, "GRAIL": 19980.79754461983, "rsETH": 322.80669579792203, "dPT-weETH-26SEP2024": 81.19852415077315, "XAI": 1280.5270150713625, "PREMIA": 2754.8211465055615, "MAGIC": 2661.4579218822905, "wstETH": 211529.52339543495, "dplvGLP": 136.33500999652261, "USDe": 2141.938177697388, "USDS": 3713.435894962473, "uniBTC": 136.2504610298334, "DPX": 6.551456991563027, "tBTC": 445.93123541708167, "dPT-weETH-27JUN2024": 665.2848517880947, "dGMX": 646740.3505506106, "dGLV [WBTC-USDC]": 449861.81156075426, "WETH": 5725372.278789428, "ARB": 186265.27779639227, "dPT-ezETH-26SEP2024": 3761.2320491259816, "dPT-weETH-25APR2024": 50.64822752788374, "USDC": 7780555.547352971, "AAVE": 10944.248616544783, "dPT-rETH-26JUN2025": 5.911822414352113, "dPT-rsETH-26SEP2024": 924.3708046835206, "WOETH": 24.97146628364447, "DAI": 44308.66852560136, "sUSDS": 20.16098736074597, "rETH": 43654.64244374849, "LINK": 738127.707870874, "UNI": 1037306.1615097984, "GMX": 32355.65770330966, "USDT": 376577.0687456499, "MIM": 1406.6867908835848, "dPT-wstETH-26JUN2025": 30.311548883641855, "USDC.e": 121695.73397424699}, "Ethereum": {"rUSD": 276.6100266526082, "DOLO": 114168.05070719389, "WBTC": 3531747.471508979, "LINK": 8899.17139265849, "srUSD": 1042953.2873007908, "stcUSD": 19908.139970685585, "USD1": 171112096.0620606, "sUSDe": 566.8338464947168, "USDC": 120467951.8931912, "WETH": 51712817.34016122, "cbBTC": 31378.20624862069, "cUSD": 25.17704698776133, "weETH": 16889130.84476349, "wsrUSD": 230.37266087996744, "CRV": 21399.712633912775, "mETH": 3464311.659917466, "WLFI": 495009695.7783703, "USDT": 528288.360494886}, "Mantle": {"USDC": 767.7865522778284, "USDT": 13684.403144067706, "dPT-mETH-26DEC2024": 309.52246629481795, "USDY": 411.84297572116003, "USDe": 184.5338618844023, "dWMNT": 2.2718200368860098, "WMNT": 10736.344126651305, "dPT-cmETH-13FEB2025": 306.3024933062199, "dPT-USDe-25JUL2024": 11.165079787422387, "FBTC": 1646.1963952750352, "WBTC": 777.215722304756, "mETH": 54625.19363147478, "WETH": 3842.7620073157327, "dPT-sMNT-3OCT2024": 19.684338619022856, "cmETH": 5872.420393130634, "dPT-USDe-26DEC2024": 61.900056475485584}, "Polygon zkEVM": {"USDT": 396.5440259908066, "POL": 24.37370165258883, "USDC.E": 1341.9329187198425, "WETH": 4884.822507373056, "MATIC": 412.57096720216725, "DAI": 207.12909092647467, "WBTC": 1.7302770038885988}, "X Layer": {"USDT": 161.46255206648038, "WETH": 516.7014388535599,