{"currentChainTvls": {"Berachain": 35883574.12214024, "Berachain-borrowed": 5003931.067890596, "Arbitrum": 19101097.805945095, "Arbitrum-borrowed": 7929083.779353124, "Ethereum": 490689675.60831416, "Ethereum-borrowed": 292068376.2910328, "Mantle": 78422.07665506666, "Mantle-borrowed": 13041.693979594518, "Polygon zkEVM": 7134.630963389269, "Polygon zkEVM-borrowed": 134.4725254795557, "X Layer": 922.6706865045943, "X Layer-borrowed": 179.70915740269163, "borrowed": 305014747.013939}, "tokensInUsd": [{"tokens": {"WBTC": 7375409.563978511, "rUSD": 32227.18135620027, "DOLO": 533279.6068599012, "sWBERA": 322299.43040732655, "OHM": 95445.38127382688, "NECT": 16983.717434075745, "pumpBTC.bera": 1937.1623030950357, "sUSDe": 49951.49576364821, "sUSDa": 2.5650367756000048, "WETH": 56108098.97802945, "rsETH": 330.53992951525424, "SolvBTC": 30855.62448714097, "srUSD": 832762.1026831494, "USDC.e": 4452145.186301335, "diBGT": 184156.2571013711, "USDe": 32798.19131223996, "pol-rUSD": 434.93348250532284, "eBTC": 388.1829359711704, "BYUSD": 83575.35069817225, "WBERA": 1373028.0411131422, "oriBGT": 459815.770046853, "beraETH": 233593.26007041166, "USD\u20ae0": 681108.8152448488, "weETH": 15748347.920652444, "rswETH": 12142.842474967667, "SBTC": 11.494433640022791, "iBERA": 14359.7270800439, "IR": 98.27181381880946, "savUSD": 4200059.659437781, "ylstETH": 2.337739360987576, "HENLO": 112.62532919316604, "KDK": 2335.659809351997, "PT-iBGT-25DEC2025": 5.74123339162813, "uniBTC": 47804.9675562035, "SolvBTC.BBN": 114.81996974063138, "wgBERA": 1934.353536614149, "ylpumpBTC": 4.594793490004088, "ylBTCLST": 126.76393976105217, "STONE": 17027.77187263913, "LBTC": 29858.90051945301, "stBTC": 25741782.384404123, "HONEY": 481046.804839894, "USDa": 2885.434378397731, "dPT-GLP-26SEP2024": 15113.595364562727, "PENDLE": 413693.73221124633, "JONES": 43.50127527135749, "dGLV [WETH-USDC]": 410949.7280108805, "dPT-ezETH-27JUN2024": 256.8116004228542, "dGM": 9083206.91765671, "dPT-wstETH-27JUN2024": 589.4523376669475, "dARB": 7394.775160417344, "ezETH": 33740.50904492553, "dPT-weETH-26DEC2024": 153.0748721936179, "RDNT": 755.7809130541317, "dfsGLP": 7.900252655449166, "GRAIL": 15161.684201319304, "dPT-weETH-26SEP2024": 81.19852415077315, "XAI": 1213.6458071859704, "PREMIA": 2754.8211465055615, "MAGIC": 2629.859240873497, "wstETH": 6525764.443590693, "dplvGLP": 136.33500999652261, "USDS": 3714.82134514743, "DPX": 6.551456991563027, "tBTC": 462.3187626348149, "dPT-weETH-27JUN2024": 665.2848517880947, "dGMX": 620871.2052520708, "dGLV [WBTC-USDC]": 327204.8631539901, "ARB": 209069.1282447238, "dPT-ezETH-26SEP2024": 3761.2320491259816, "dPT-weETH-25APR2024": 50.64822752788374, "USDC": 125740320.12069155, "AAVE": 11970.666773958015, "dPT-rETH-26JUN2025": 5.911822414352113, "dPT-rsETH-26SEP2024": 976.5518474376593, "WOETH": 24.97146628364447, "DAI": 33682.66873224349, "sUSDS": 20.16098736074597, "rETH": 38319.03374831528, "LINK": 686416.316279094, "UNI": 962975.9435515164, "GMX": 21451.375377886743, "USDT": 506126.96654407424, "MIM": 1406.0910514679686, "dPT-wstETH-26JUN2025": 30.311548883641855, "stcUSD": 19910.53279045335, "USD1": 189340871.25064713, "cbBTC": 30779.902573915944, "cUSD": 25.178368731959797, "wsrUSD": 230.37266087996744, "CRV": 21399.712633912775, "mETH": 3517733.967030765, "WLFI": 392939531.19964594, "dPT-mETH-26DEC2024": 309.52246629481795, "USDY": 411.85044455836885, "dWMNT": 2.2718200368860098, "WMNT": 9903.8950855177, "dPT-cmETH-13FEB2025": 306.3024933062199, "dPT-USDe-25JUL2024": 11.165079787422387, "FBTC": 1646.1963952750352, "dPT-sMNT-3OCT2024": 19.684338619022856, "cmETH": 6399.064757095076, "dPT-USDe-26DEC2024": 61.900056475485584, "POL": 24.37370165258883, "USDC.E": 1341.9329187198425, "MATIC": 412.57096720216725, "WOKB": 369.75811608119017}}], "chainTokensInUsd": {"Berachain": {"WBTC": 950871.1473146699, "rUSD": 31950.571329547663, "DOLO": 403411.6650966178, "sWBERA": 322299.43040732655, "OHM": 95445.38127382688, "NECT": 16983.717434075745, "pumpBTC.bera": 1937.1623030950357, "sUSDe": 49383.84350342775, "sUSDa": 2.5650367756000048, "WETH": 766663.852452774, "rsETH": 7.73323371733219, "SolvBTC": 30855.62448714097, "srUSD": 6032.680525010295, "USDC.e": 4330728.193806466, "diBGT": 184156.2571013711, "USDe": 30488.09172212608, "pol-rUSD": 434.93348250532284, "eBTC": 388.1829359711704, "BYUSD": 83575.35069817225, "WBERA": 1373028.0411131422, "oriBGT": 459815.770046853, "beraETH": 233593.26007041166, "USD\u20ae0": 681108.8152448488, "weETH": 282777.0397399449, "rswETH": 12142.842474967667, "SBTC": 11.494433640022791, "iBERA": 14359.7270800439, "IR": 98.27181381880946, "savUSD": 4200059.659437781, "ylstETH": 2.337739360987576, "HENLO": 112.62532919316604, "KDK": 2335.659809351997, "PT-iBGT-25DEC2025": 5.74123339162813, "uniBTC": 47655.69206536822, "SolvBTC.BBN": 114.81996974063138, "wgBERA": 1934.353536614149, "ylpumpBTC": 4.594793490004088, "ylBTCLST": 126.76393976105217, "STONE": 17027.77187263913, "LBTC": 29858.90051945301, "stBTC": 25741782.384404123, "HONEY": 481046.804839894, "USDa": 2885.434378397731}, "Arbitrum": {"dPT-GLP-26SEP2024": 15113.595364562727, "PENDLE": 413693.73221124633, "JONES": 43.50127527135749, "dGLV [WETH-USDC]": 410949.7280108805, "dPT-ezETH-27JUN2024": 256.8116004228542, "dGM": 9083206.91765671, "dPT-wstETH-27JUN2024": 589.4523376669475, "dARB": 7394.775160417344, "ezETH": 33740.50904492553, "dPT-weETH-26DEC2024": 153.0748721936179, "WBTC": 4134250.0692311306, "RDNT": 755.7809130541317, "dfsGLP": 7.900252655449166, "weETH": 28259.840266748117, "GRAIL": 15161.684201319304, "rsETH": 322.80669579792203, "dPT-weETH-26SEP2024": 81.19852415077315, "XAI": 1213.6458071859704, "PREMIA": 2754.8211465055615, "MAGIC": 2629.859240873497, "wstETH": 198520.28399133022, "dplvGLP": 136.33500999652261, "USDe": 2142.8632520341394, "USDS": 3714.82134514743, "uniBTC": 149.27549083528163, "DPX": 6.551456991563027, "tBTC": 462.3187626348149, "dPT-weETH-27JUN2024": 665.2848517880947, "dGMX": 620871.2052520708, "dGLV [WBTC-USDC]": 327204.8631539901, "WETH": 5344351.817738294, "ARB": 209069.1282447238, "dPT-ezETH-26SEP2024": 3761.2320491259816, "dPT-weETH-25APR2024": 50.64822752788374, "USDC": 4059967.7936142925, "AAVE": 11970.666773958015, "dPT-rETH-26JUN2025": 5.911822414352113, "dPT-rsETH-26SEP2024": 976.5518474376593, "WOETH": 24.97146628364447, "DAI": 33475.53964131702, "sUSDS": 20.16098736074597, "rETH": 38319.03374831528, "LINK": 677177.5150841648, "UNI": 962975.9435515164, "GMX": 21451.375377886743, "USDT": 239276.39364783818, "MIM": 1406.0910514679686, "dPT-wstETH-26JUN2025": 30.311548883641855, "USDC.e": 121416.99249486945}, "Ethereum": {"rUSD": 276.6100266526082, "DOLO": 129867.94176328341, "WBTC": 2289447.6516948934, "LINK": 9238.801194929114, "srUSD": 826729.4221581391, "wstETH": 6327244.159599363, "stcUSD": 19910.53279045335, "USD1": 189340871.25064713, "sUSDe": 567.652260220454, "USDC": 121679530.08278807, "WETH": 49988167.49237702, "cbBTC": 30779.902573915944, "cUSD": 25.178368731959797, "weETH": 15437311.04064575, "wsrUSD": 230.37266087996744, "CRV": 21399.712633912775, "mETH": 3464311.659917466, "WLFI": 392939531.19964594, "USDT": 252611.23560009786}, "Mantle": {"USDC": 767.7865522778284, "USDT": 13681.330718080886, "dPT-mETH-26DEC2024": 309.52246629481795, "USDY": 411.85044455836885, "USDe": 167.23633807973755, "dWMNT": 2.2718200368860098, "WMNT": 9903.8950855177, "dPT-cmETH-13FEB2025": 306.3024933062199, "dPT-USDe-25JUL2024": 11.165079787422387, "FBTC": 1646.1963952750352, "WBTC": 838.9654608134188, "mETH": 53422.30711329911, "WETH": 3514.291515144167, "dPT-sMNT-3OCT2024": 19.684338619022856, "cmETH": 6399.064757095076, "dPT-USDe-26DEC2024": 61.900056475485584}, "Polygon zkEVM": {"USDT": 396.5440259908066, "POL": 24.37370165258883, "USDC.E": 1341.9329187198425, "WETH": 4884.822507373056, "MATIC": 412.57096720216725, "DAI": 207.12909092647467, "WBTC": 1.7302770038885988}, "X Layer": {"USDT": 161.46255206648038, "WETH": 516.7014388535599,