{"currentChainTvls": {"Berachain": 36249648.65361616, "Berachain-borrowed": 4957958.256988681, "Arbitrum": 20111335.39049383, "Arbitrum-borrowed": 7997457.171322513, "Ethereum": 526294622.39963835, "Ethereum-borrowed": 288470637.36528474, "Mantle": 82940.46096747162, "Mantle-borrowed": 13134.408533529415, "Polygon zkEVM": 7134.630963389269, "Polygon zkEVM-borrowed": 134.4725254795557, "X Layer": 922.6706865045943, "X Layer-borrowed": 179.70915740269163, "borrowed": 301439501.3838123}, "tokensInUsd": [{"tokens": {"WBTC": 7610987.0802951185, "rUSD": 31768.626001812543, "DOLO": 588460.9993836313, "sWBERA": 351538.4109430777, "OHM": 96520.68827150862, "NECT": 16984.570670625515, "pumpBTC.bera": 1937.1623030950357, "sUSDe": 49944.9458604591, "sUSDa": 2.5650367756000048, "WETH": 62322906.12582228, "rsETH": 371.1964556352289, "SolvBTC": 33894.72919702866, "srUSD": 794850.688917765, "USDC.e": 4345070.626724707, "diBGT": 218107.9677872698, "USDe": 30983.190425912464, "pol-rUSD": 434.93348250532284, "eBTC": 388.1829359711704, "BYUSD": 84424.23521721015, "WBERA": 1484806.166538759, "oriBGT": 505104.3901900433, "beraETH": 249113.26529720286, "USD\u20ae0": 640761.6556348025, "weETH": 21125628.914222196, "rswETH": 12142.842474967667, "SBTC": 11.494433640022791, "iBERA": 14433.697111702602, "IR": 132.97857784570368, "savUSD": 4200017.654640707, "ylstETH": 2.337739360987576, "HENLO": 55.400394587943005, "KDK": 2335.659809351997, "PT-iBGT-25DEC2025": 5.74123339162813, "uniBTC": 52360.20193575974, "SolvBTC.BBN": 114.81996974063138, "wgBERA": 1934.353536614149, "ylpumpBTC": 4.594793490004088, "ylBTCLST": 126.76393976105217, "STONE": 18655.815524274953, "LBTC": 31334.80529781731, "stBTC": 25741782.384404123, "HONEY": 452990.063184018, "USDa": 2885.443350743799, "dPT-GLP-26SEP2024": 15113.595364562727, "PENDLE": 526431.0165544511, "JONES": 43.50127527135749, "dGLV [WETH-USDC]": 425707.5848692197, "dPT-ezETH-27JUN2024": 256.8116004228542, "dGM": 8973864.276983125, "dPT-wstETH-27JUN2024": 589.4523376669475, "dARB": 7394.775160417344, "ezETH": 36215.67015191374, "dPT-weETH-26DEC2024": 153.0748721936179, "RDNT": 719.7872942391766, "dfsGLP": 7.900252655449166, "GRAIL": 16223.519839706929, "dPT-weETH-26SEP2024": 81.19852415077315, "XAI": 1375.7659998014096, "PREMIA": 2754.8211465055615, "MAGIC": 3074.549335129429, "wstETH": 220109.26585014173, "dplvGLP": 136.33500999652261, "USDS": 3716.0046550408324, "tBTC": 489.8537165997376, "dPT-weETH-27JUN2024": 665.2848517880947, "dGMX": 651391.8180523058, "dGLV [WBTC-USDC]": 474948.8966624525, "ARB": 245619.53226162682, "dPT-ezETH-26SEP2024": 3761.2320491259816, "dPT-weETH-25APR2024": 50.64822752788374, "USDC": 136927690.6001557, "AAVE": 14189.331729667369, "dPT-rETH-26JUN2025": 5.911822414352113, "dPT-rsETH-26SEP2024": 976.5518474376593, "WOETH": 24.97146628364447, "DAI": 33195.37068137213, "sUSDS": 20.16098736074597, "rETH": 42606.66571569197, "LINK": 751610.0653369081, "UNI": 1116297.0475568306, "GMX": 11402.292721315458, "USDT": 450264.732027973, "MIM": 1405.8339075059862, "dPT-wstETH-26JUN2025": 30.311548883641855, "stcUSD": 19910.53279045335, "USD1": 183228816.92380267, "cbBTC": 32814.369421967705, "cUSD": 25.178368731959797, "wsrUSD": 230.37266087996744, "CRV": 19968.520860997854, "mETH": 3522199.27556871, "WLFI": 415263981.5563103, "dPT-mETH-26DEC2024": 309.52246629481795, "USDY": 411.85044455836885, "dWMNT": 2.2718200368860098, "WMNT": 9812.136387351746, "dPT-cmETH-13FEB2025": 306.3024933062199, "dPT-USDe-25JUL2024": 11.165079787422387, "FBTC": 1434.493367647839, "dPT-sMNT-3OCT2024": 19.684338619022856, "cmETH": 6706.507864811452, "dPT-USDe-26DEC2024": 61.900056475485584, "POL": 24.37370165258883, "USDC.E": 1341.9329187198425, "MATIC": 412.57096720216725, "WOKB": 369.75811608119017}}], "chainTokensInUsd": {"Berachain": {"WBTC": 1023455.5589712247, "rUSD": 31763.506569996156, "DOLO": 454462.5043689163, "sWBERA": 351538.4109430777, "OHM": 96520.68827150862, "NECT": 16984.570670625515, "pumpBTC.bera": 1937.1623030950357, "sUSDe": 49377.29360023864, "sUSDa": 2.5650367756000048, "WETH": 857993.9496477298, "rsETH": 7.73323371733219, "SolvBTC": 33894.72919702866, "srUSD": 6032.680525010295, "USDC.e": 4224550.115594546, "diBGT": 218107.9677872698, "USDe": 28693.773062370823, "pol-rUSD": 434.93348250532284, "eBTC": 388.1829359711704, "BYUSD": 84424.23521721015, "WBERA": 1484806.166538759, "oriBGT": 505104.3901900433, "beraETH": 249113.26529720286, "USD\u20ae0": 640761.6556348025, "weETH": 316073.09466415195, "rswETH": 12142.842474967667, "SBTC": 11.494433640022791, "iBERA": 14433.697111702602, "IR": 132.97857784570368, "savUSD": 4200017.654640707, "ylstETH": 2.337739360987576, "HENLO": 55.400394587943005, "KDK": 2335.659809351997, "PT-iBGT-25DEC2025": 5.74123339162813, "uniBTC": 52210.92644492446, "SolvBTC.BBN": 114.81996974063138, "wgBERA": 1934.353536614149, "ylpumpBTC": 4.594793490004088, "ylBTCLST": 126.76393976105217, "STONE": 18655.815524274953, "LBTC": 31334.80529781731, "stBTC": 25741782.384404123, "HONEY": 452990.063184018, "USDa": 2885.443350743799}, "Arbitrum": {"dPT-GLP-26SEP2024": 15113.595364562727, "PENDLE": 526431.0165544511, "JONES": 43.50127527135749, "dGLV [WETH-USDC]": 425707.5848692197, "dPT-ezETH-27JUN2024": 256.8116004228542, "dGM": 8973864.276983125, "dPT-wstETH-27JUN2024": 589.4523376669475, "dARB": 7394.775160417344, "ezETH": 36215.67015191374, "dPT-weETH-26DEC2024": 153.0748721936179, "WBTC": 4292351.227200705, "RDNT": 719.7872942391766, "dfsGLP": 7.900252655449166, "weETH": 29874.66281791311, "GRAIL": 16223.519839706929, "rsETH": 363.4632219178967, "dPT-weETH-26SEP2024": 81.19852415077315, "XAI": 1375.7659998014096, "PREMIA": 2754.8211465055615, "MAGIC": 3074.549335129429, "wstETH": 220109.26585014173, "dplvGLP": 136.33500999652261, "USDe": 2122.1810254619045, "USDS": 3716.0046550408324, "uniBTC": 149.27549083528163, "tBTC": 489.8537165997376, "dPT-weETH-27JUN2024": 665.2848517880947, "dGMX": 651391.8180523058, "dGLV [WBTC-USDC]": 474948.8966624525, "WETH": 5908264.663770594, "ARB": 245619.53226162682, "dPT-ezETH-26SEP2024": 3761.2320491259816, "dPT-weETH-25APR2024": 50.64822752788374, "USDC": 3932898.5681851427, "AAVE": 14189.331729667369, "dPT-rETH-26JUN2025": 5.911822414352113, "dPT-rsETH-26SEP2024": 976.5518474376593, "WOETH": 24.97146628364447, "DAI": 32988.24159044566, "sUSDS": 20.16098736074597, "rETH": 42606.66571569197, "LINK": 751228.0615558868, "UNI": 1116297.0475568306, "GMX": 11402.292721315458, "USDT": 240176.45362583958, "MIM": 1405.8339075059862, "dPT-wstETH-26JUN2025": 30.311548883641855, "USDC.e": 120520.51113016093}, "Ethereum": {"rUSD": 5.119431816387696, "DOLO": 133998.49501471498, "WBTC": 2294339.5983853727, "LINK": 382.00378102133425, "srUSD": 788818.0083927547, "stcUSD": 19910.53279045335, "USD1": 183228816.92380267, "sUSDe": 567.652260220454, "USDC": 132993969.30591975, "WETH": 55547597.620108925, "cbBTC": 32814.369421967705, "cUSD": 25.178368731959797, "weETH": 20779681.15674013, "wsrUSD": 230.37266087996744, "CRV": 19968.520860997854, "mETH": 3464311.659917466, "WLFI": 415263981.5563103, "USDT": 195841.69075483643}, "Mantle": {"USDC": 768.268313928074, "USDT": 13688.581069239724, "dPT-mETH-26DEC2024": 309.52246629481795, "USDY": 411.85044455836885, "USDe": 167.23633807973755, "dWMNT": 2.2718200368860098, "WMNT": 9812.136387351746, "dPT-cmETH-13FEB2025": 306.3024933062199, "dPT-USDe-25JUL2024": 11.165079787422387, "FBTC": 1434.493367647839, "WBTC": 838.9654608134188, "mETH": 57887.61565124418, "WETH": 3648.3683488066577, "dPT-sMNT-3OCT2024": 19.684338619022856, "cmETH": 6706.507864811452, "dPT-USDe-26DEC2024": 61.900056475485584}, "Polygon zkEVM": {"USDT": 396.5440259908066, "POL": 24.37370165258883, "USDC.E": 1341.9329187198425, "WETH": 4884.822507373056, "MATIC": 412.57096720216725, "DAI": 207.12909092647467, "WBTC": 1.7302770038885988}, "X Layer": {"USDT": 161.46255206648038, "WETH": 516.7014388535599, "USDC": 54.457736906055366, "WOKB": 369.75811608119017}},