{"currentChainTvls": {"Berachain": 35644242.14453949, "Berachain-borrowed": 4933059.409316693, "Arbitrum": 20302102.818962306, "Arbitrum-borrowed": 9615465.909876162, "Ethereum": 473692367.37711483, "Ethereum-borrowed": 298983117.9761537, "Botanix": 141578.3624493396, "Botanix-borrowed": 53473.065571071544, "Mantle": 68999.1679639323, "Mantle-borrowed": 12934.959388538875, "Polygon zkEVM": 7134.630963389269, "Polygon zkEVM-borrowed": 134.4725254795557, "X Layer": 922.6706865045943, "X Layer-borrowed": 179.70915740269163, "borrowed": 313598365.501989}, "tokensInUsd": [{"tokens": {"WBTC": 6519059.585711001, "rUSD": 31842.700514975237, "DOLO": 527323.1008086705, "sWBERA": 319926.96447510406, "OHM": 18098.874653545976, "NECT": 16977.363974088443, "pumpBTC.bera": 1232.7918840818518, "sUSDe": 97082.55292943245, "sUSDa": 2.5650367756000048, "WETH": 57312930.21301172, "rsETH": 366.01062601788595, "SolvBTC": 34432.154276931535, "srUSD": 766598.6102843254, "USDC.e": 4393994.448809614, "diBGT": 171582.31960074464, "USDe": 30035.595970137176, "pol-rUSD": 434.93348250532284, "eBTC": 388.1829359711704, "BYUSD": 80280.6850431719, "WBERA": 1293902.0175601998, "oriBGT": 452319.7105065927, "beraETH": 255616.1805526688, "USD\u20ae0": 614145.133320025, "weETH": 33085654.65205928, "rswETH": 12142.842474967667, "SBTC": 11.494433640022791, "iBERA": 12708.07793254709, "IR": 112.29056132803387, "savUSD": 4151313.6482202257, "ylstETH": 2.337739360987576, "HENLO": 55.400394587943005, "KDK": 2335.659809351997, "PT-iBGT-25DEC2025": 5.74123339162813, "uniBTC": 54162.03163663201, "SolvBTC.BBN": 114.81996974063138, "wgBERA": 1934.353536614149, "ylpumpBTC": 4.594793490004088, "ylBTCLST": 126.76393976105217, "STONE": 18216.173082853136, "LBTC": 32142.837287731254, "stBTC": 25861943.29475381, "HONEY": 379276.0550302571, "USDa": 2885.4560749526945, "dPT-GLP-26SEP2024": 15113.595364562727, "PENDLE": 506146.71515174996, "JONES": 44.00771258680652, "dGLV [WETH-USDC]": 440023.649114659, "dPT-ezETH-27JUN2024": 256.8116004228542, "dGM": 8431485.099105593, "dPT-wstETH-27JUN2024": 589.4523376669475, "dARB": 7394.775160417344, "ezETH": 41064.790199145384, "dPT-weETH-26DEC2024": 153.0748721936179, "RDNT": 637.6958680000718, "dfsGLP": 7.900252655449166, "GRAIL": 19421.566487226042, "dPT-weETH-26SEP2024": 81.19852415077315, "XAI": 1320.0131505334718, "PREMIA": 2754.8211465055615, "MAGIC": 3231.033790553978, "wstETH": 4357751.488699121, "dplvGLP": 136.33500999652261, "USDS": 3702.1606707126803, "tBTC": 516.1418855260528, "dPT-weETH-27JUN2024": 665.2848517880947, "dGMX": 719436.8477674226, "dGLV [WBTC-USDC]": 516172.85388621263, "ARB": 240832.4960876992, "dPT-ezETH-26SEP2024": 3761.2320491259816, "dPT-weETH-25APR2024": 50.64822752788374, "USDC": 124635652.07301506, "AAVE": 12991.716076862172, "dPT-rETH-26JUN2025": 5.911822414352113, "dPT-rsETH-26SEP2024": 976.5518474376593, "WOETH": 24.97146628364447, "DAI": 33073.453217513605, "sUSDS": 30.429191586671323, "rETH": 40559.37196174919, "LINK": 688104.2592776677, "UNI": 1065179.4207673352, "GMX": 12743.270885674208, "USDT": 367931.9959432079, "MIM": 1404.0657076963637, "dPT-wstETH-26JUN2025": 30.311548883641855, "stcUSD": 18503.458046033007, "USD1": 182773666.15332803, "cbBTC": 30328.566720294017, "cUSD": 25.178368731959797, "wsrUSD": 230.37266087996744, "CRV": 19968.520860997854, "mETH": 3607808.2840324445, "WLFI": 378247054.22497505, "pBTC": 12042.503401831616, "oUSDT": 17.268456841796652, "dPT-mETH-26DEC2024": 309.52246629481795, "USDY": 411.953455008837, "dWMNT": 2.2718200368860098, "WMNT": 9933.232720973405, "dPT-cmETH-13FEB2025": 306.3024933062199, "dPT-USDe-25JUL2024": 11.165079787422387, "FBTC": 1406.6279212633817, "dPT-sMNT-3OCT2024": 19.684338619022856, "cmETH": 6276.135126309989, "dPT-USDe-26DEC2024": 61.900056475485584, "POL": 24.37370165258883, "USDC.E": 1341.9329187198425, "MATIC": 412.57096720216725, "WOKB": 369.75811608119017}}], "chainTokensInUsd": {"Berachain": {"WBTC": 1000119.1827290156, "rUSD": 31837.58108315885, "DOLO": 420406.91613952274, "sWBERA": 319926.96447510406, "OHM": 18098.874653545976, "NECT": 16977.363974088443, "pumpBTC.bera": 1232.7918840818518, "sUSDe": 48202.055377735946, "sUSDa": 2.5650367756000048, "WETH": 853478.4897368074, "rsETH": 7.73323371733219, "SolvBTC": 34432.154276931535, "srUSD": 6058.706952254945, "USDC.e": 4210142.464897158, "diBGT": 171582.31960074464, "USDe": 28733.804526861502, "pol-rUSD": 434.93348250532284, "eBTC": 388.1829359711704, "BYUSD": 80280.6850431719, "WBERA": 1293902.0175601998, "oriBGT": 452319.7105065927, "beraETH": 255616.1805526688, "USD\u20ae0": 614145.133320025, "weETH": 309800.0401868569, "rswETH": 12142.842474967667, "SBTC": 11.494433640022791, "iBERA": 12708.07793254709, "IR": 112.29056132803387, "savUSD": 4151313.6482202257, "ylstETH": 2.337739360987576, "HENLO": 55.400394587943005, "KDK": 2335.659809351997, "PT-iBGT-25DEC2025": 5.74123339162813, "uniBTC": 54003.77077177241, "SolvBTC.BBN": 114.81996974063138, "wgBERA": 1934.353536614149, "ylpumpBTC": 4.594793490004088, "ylBTCLST": 126.76393976105217, "STONE": 18216.173082853136, "LBTC": 32142.837287731254, "stBTC": 25741782.384404123, "HONEY": 379276.0550302571, "USDa": 2885.4560749526945}, "Arbitrum": {"dPT-GLP-26SEP2024": 15113.595364562727, "PENDLE": 506146.71515174996, "JONES": 44.00771258680652, "dGLV [WETH-USDC]": 440023.649114659, "dPT-ezETH-27JUN2024": 256.8116004228542, "dGM": 8431485.099105593, "dPT-wstETH-27JUN2024": 589.4523376669475, "dARB": 7394.775160417344, "ezETH": 41064.790199145384, "dPT-weETH-26DEC2024": 153.0748721936179, "WBTC": 4613991.899138501, "RDNT": 637.6958680000718, "dfsGLP": 7.900252655449166, "weETH": 2340476.3032234604, "GRAIL": 19421.566487226042, "rsETH": 358.27739230055374, "dPT-weETH-26SEP2024": 81.19852415077315, "XAI": 1320.0131505334718, "PREMIA": 2754.8211465055615, "MAGIC": 3231.033790553978, "wstETH": 213455.7299318334, "dplvGLP": 136.33500999652261, "USDe": 1266.7292258195225, "USDS": 3702.1606707126803, "uniBTC": 158.26086485960292, "tBTC": 516.1418855260528, "dPT-weETH-27JUN2024": 665.2848517880947, "dGMX": 719436.8477674226, "dGLV [WBTC-USDC]": 516172.85388621263, "WETH": 5796134.790232966, "ARB": 240832.4960876992, "dPT-ezETH-26SEP2024": 3761.2320491259816, "dPT-weETH-25APR2024": 50.64822752788374, "USDC": 3803858.2080965205, "AAVE": 12991.716076862172, "dPT-rETH-26JUN2025": 5.911822414352113, "dPT-rsETH-26SEP2024": 976.5518474376593, "WOETH": 24.97146628364447, "DAI": 32866.32412658713, "sUSDS": 30.429191586671323, "rETH": 40559.37196174919, "LINK": 687931.3610963383, "UNI": 1065179.4207673352, "GMX": 12743.270885674208, "USDT": 217097.28329681742, "MIM": 1404.0657076963637, "dPT-wstETH-26JUN2025": 30.311548883641855, "USDC.e": 121027.34066190138}, "Ethereum": {"rUSD": 5.119431816387696, "DOLO": 106916.18466914771, "WBTC": 904107.8081056683, "LINK": 172.89818132952303, "srUSD": 760539.9033320704, "wstETH": 4144295.758767288, "stcUSD": 18503.458046033007, "USD1": 182773666.15332803, "sUSDe": 48880.497551696506, "USDC": 120830971.1218755, "WETH": 50654258.54525329, "cbBTC": 30328.566720294017, "cUSD": 25.178368731959797, "weETH": 30435378.308648963, "wsrUSD": 230.37266087996744, "CRV": 19968.520860997854, "mETH": 3563629.70548496, "WLFI": 378247054.22497505, "USDT": 136553.02700675695}, "Botanix": {"pBTC": 12042.503401831616, "oUSDT": 17.268456841796652, "USDC.e": 62824.643250556124, "WETH": 6.1025614950012566, "stBTC": 120160.9103496866}, "Mantle": {"USDC": 768.2853061370416, "USDT": 13723.67906157618, "dPT-mETH-26DEC2024": 309.52246629481795, "USDY": 411.953455008837, "USDe": 35.062217456149604, "dWMNT": 2.2718200368860098, "WMNT": 9933.232720973405, "dPT-cmETH-13FEB2025": 306.3024933062199, "dPT-USDe-25JUL2024": 11.165079787422387, "FBTC": 1406.6279212633817, "WBTC": 838.9654608134188, "mETH": 44178.57854748403, "WETH": 3650.7612809289053, "dPT-sMNT-3OCT2024": 19.684338619022856, "cmETH": 6276.135126309989, "dPT-USDe-26DEC2024": 61.900056475485584},