{"currentChainTvls": {"Berachain": 34607597.7050337, "Berachain-borrowed": 4118994.0932889446, "Arbitrum": 22098603.147716127, "Arbitrum-borrowed": 8568559.879837966, "Ethereum": 446162922.74107426, "Ethereum-borrowed": 284161624.8532147, "Botanix": 146218.06865858933, "Botanix-borrowed": 53590.20746778074, "Mantle": 68593.17785218131, "Mantle-borrowed": 12627.461833430267, "Polygon zkEVM": 7134.630963389269, "Polygon zkEVM-borrowed": 134.4725254795557, "X Layer": 922.6706865045943, "X Layer-borrowed": 179.70915740269163, "borrowed": 296915710.67732567}, "tokensInUsd": [{"tokens": {"WBTC": 6890384.018268127, "rUSD": 29274.02142875772, "DOLO": 524921.2898946081, "sWBERA": 291694.08141961857, "OHM": 19715.508106391895, "NECT": 16979.22100306554, "pumpBTC.bera": 1232.7918840818518, "sUSDe": 97182.53738600278, "sUSDa": 2.5650367756000048, "WETH": 58129307.38115933, "rsETH": 374.1540195924623, "SolvBTC": 35450.01764525851, "srUSD": 748236.6386661088, "USDC.e": 3872872.517014401, "diBGT": 171902.07381406278, "USDe": 30067.18163194678, "pol-rUSD": 434.93348250532284, "eBTC": 388.1829359711704, "BYUSD": 83108.60290401228, "WBERA": 1210757.1185441462, "oriBGT": 447559.1343440932, "beraETH": 249520.06803233197, "USD\u20ae0": 615240.3240511918, "weETH": 30201578.03214267, "rswETH": 12142.842474967667, "SBTC": 11.494433640022791, "iBERA": 12250.594272586943, "IR": 107.21034758910943, "savUSD": 3282390.111558113, "ylstETH": 2.337739360987576, "HENLO": 55.400394587943005, "KDK": 2335.659809351997, "PT-iBGT-25DEC2025": 5.74123339162813, "uniBTC": 53618.693759745154, "SolvBTC.BBN": 114.81996974063138, "wgBERA": 1934.353536614149, "ylpumpBTC": 4.594793490004088, "ylBTCLST": 126.76393976105217, "STONE": 17894.804158573716, "LBTC": 32142.837287731254, "stBTC": 25866654.248690084, "HONEY": 291750.0395426595, "USDa": 2885.4823346095372, "dPT-GLP-26SEP2024": 15113.595364562727, "PENDLE": 702176.8919317808, "JONES": 44.00771258680652, "dGLV [WETH-USDC]": 435446.3995106013, "dPT-ezETH-27JUN2024": 256.8116004228542, "dGM": 8571440.269315295, "dPT-wstETH-27JUN2024": 589.4523376669475, "dARB": 6501.771211626431, "ezETH": 37945.68147281276, "dPT-weETH-26DEC2024": 153.0748721936179, "RDNT": 952.4996815980123, "dfsGLP": 7.900252655449166, "GRAIL": 18089.182086370154, "dPT-weETH-26SEP2024": 81.19852415077315, "XAI": 1445.9874244809214, "PREMIA": 2754.8211465055615, "MAGIC": 2990.261441992613, "wstETH": 2210406.85048045, "dplvGLP": 136.33500999652261, "USDS": 3705.038528222248, "tBTC": 502.44306112350944, "dPT-weETH-27JUN2024": 665.2848517880947, "dGMX": 682166.321214197, "dGLV [WBTC-USDC]": 598307.728320393, "ARB": 234417.24114140842, "dPT-ezETH-26SEP2024": 3761.2320491259816, "dPT-weETH-25APR2024": 50.64822752788374, "USDC": 132863894.01452427, "AAVE": 11649.837998002251, "dPT-rETH-26JUN2025": 5.911822414352113, "dPT-rsETH-26SEP2024": 976.5518474376593, "WOETH": 24.97146628364447, "DAI": 32750.250474795623, "sUSDS": 30.437700610678704, "rETH": 41382.71560765881, "LINK": 657658.8175109057, "UNI": 1067012.3633912478, "GMX": 162906.89164757673, "USDT": 391266.2762706998, "MIM": 1405.7181837527069, "dPT-wstETH-26JUN2025": 30.311548883641855, "stcUSD": 14492.925073452903, "USD1": 188736886.06869742, "cbBTC": 30587.68284261275, "cUSD": 25.178368731959797, "wsrUSD": 230.37266087996744, "CRV": 19968.520860997854, "mETH": 3608179.4856845695, "WLFI": 325559874.0885456, "pBTC": 12039.615499748495, "oUSDT": 17.15248969398468, "dPT-mETH-26DEC2024": 309.52246629481795, "USDY": 411.953455008837, "dWMNT": 2.2718200368860098, "WMNT": 9635.941736489533, "dPT-cmETH-13FEB2025": 306.3024933062199, "dPT-USDe-25JUL2024": 11.165079787422387, "FBTC": 1406.6279212633817, "dPT-sMNT-3OCT2024": 19.684338619022856, "cmETH": 5373.299658062176, "dPT-USDe-26DEC2024": 61.900056475485584, "POL": 24.37370165258883, "USDC.E": 1341.9329187198425, "MATIC": 412.57096720216725, "WOKB": 369.75811608119017}}], "chainTokensInUsd": {"Berachain": {"WBTC": 778341.5510387841, "rUSD": 29268.90199694133, "DOLO": 432757.04523643927, "sWBERA": 291694.08141961857, "OHM": 19715.508106391895, "NECT": 16979.22100306554, "pumpBTC.bera": 1232.7918840818518, "sUSDe": 48237.61322171314, "sUSDa": 2.5650367756000048, "WETH": 818494.0201386219, "rsETH": 8.10916864373367, "SolvBTC": 35450.01764525851, "srUSD": 6061.816418200125, "USDC.e": 3692016.988471159, "diBGT": 171902.07381406278, "USDe": 28762.69265520843, "pol-rUSD": 434.93348250532284, "eBTC": 388.1829359711704, "BYUSD": 83108.60290401228, "WBERA": 1210757.1185441462, "oriBGT": 447559.1343440932, "beraETH": 249520.06803233197, "USD\u20ae0": 615240.3240511918, "weETH": 297265.64061601734, "rswETH": 12142.842474967667, "SBTC": 11.494433640022791, "iBERA": 12250.594272586943, "IR": 107.21034758910943, "savUSD": 3282390.111558113, "ylstETH": 2.337739360987576, "HENLO": 55.400394587943005, "KDK": 2335.659809351997, "PT-iBGT-25DEC2025": 5.74123339162813, "uniBTC": 53455.32392651944, "SolvBTC.BBN": 114.81996974063138, "wgBERA": 1934.353536614149, "ylpumpBTC": 4.594793490004088, "ylBTCLST": 126.76393976105217, "STONE": 17894.804158573716, "LBTC": 32142.837287731254, "stBTC": 25741782.384404123, "HONEY": 291750.0395426595, "USDa": 2885.4823346095372}, "Arbitrum": {"dPT-GLP-26SEP2024": 15113.595364562727, "PENDLE": 702176.8919317808, "JONES": 44.00771258680652, "dGLV [WETH-USDC]": 435446.3995106013, "dPT-ezETH-27JUN2024": 256.8116004228542, "dGM": 8571440.269315295, "dPT-wstETH-27JUN2024": 589.4523376669475, "dARB": 6501.771211626431, "ezETH": 37945.68147281276, "dPT-weETH-26DEC2024": 153.0748721936179, "WBTC": 5204096.537585936, "RDNT": 952.4996815980123, "dfsGLP": 7.900252655449166, "weETH": 1383500.0172956304, "GRAIL": 18089.182086370154, "rsETH": 366.04485094872865, "dPT-weETH-26SEP2024": 81.19852415077315, "XAI": 1445.9874244809214, "PREMIA": 2754.8211465055615, "MAGIC": 2990.261441992613, "wstETH": 213993.01317164593, "dplvGLP": 136.33500999652261, "USDe": 1267.7080667065236, "USDS": 3705.038528222248, "uniBTC": 163.36983322571064, "tBTC": 502.44306112350944, "dPT-weETH-27JUN2024": 665.2848517880947, "dGMX": 682166.321214197, "dGLV [WBTC-USDC]": 598307.728320393, "WETH": 5939743.297433229, "ARB": 234417.24114140842, "dPT-ezETH-26SEP2024": 3761.2320491259816, "dPT-weETH-25APR2024": 50.64822752788374, "USDC": 4257461.384242315, "AAVE": 11649.837998002251, "dPT-rETH-26JUN2025": 5.911822414352113, "dPT-rsETH-26SEP2024": 976.5518474376593, "WOETH": 24.97146628364447, "DAI": 32543.121383869147, "sUSDS": 30.437700610678704, "rETH": 41382.71560765881, "LINK": 657602.3672235262, "UNI": 1067012.3633912478, "GMX": 162906.89164757673, "USDT": 253316.38970833147, "MIM": 1405.7181837527069, "dPT-wstETH-26JUN2025": 30.311548883641855, "USDC.e": 117981.98725376987}, "Ethereum": {"rUSD": 5.119431816387696, "DOLO": 92164.2446581688, "WBTC": 907105.2339055904, "LINK": 56.450287379460676, "srUSD": 742174.8222479087, "wstETH": 1996413.8373088038, "stcUSD": 14492.925073452903, "USD1": 188736886.06869742, "sUSDe": 48944.924164289645, "USDC": 128605609.6923105, "WETH": 51361908.616009876, "cbBTC": 30587.68284261275, "cUSD": 25.178368731959797, "weETH": 28520812.37423102, "wsrUSD": 230.37266087996744, "CRV": 19968.520860997854, "mETH": 3563629.70548496, "WLFI": 325559874.0885456, "USDT": 123657.73719892961}, "Botanix": {"pBTC": 12039.615499748495, "oUSDT": 17.15248969398468, "USDC.e": 62873.54128947248, "WETH": 6.1025614950012566, "stBTC": 124871.8642859601}, "Mantle": {"USDC": 768.4802345522354, "USDT": 13734.142785381404, "dPT-mETH-26DEC2024": 309.52246629481795, "USDY": 411.953455008837, "USDe": 36.78091003182738, "dWMNT": 2.2718200368860098, "WMNT": 9635.941736489533, "dPT-cmETH-13FEB2025": 306.3024933062199, "dPT-USDe-25JUL2024": 11.165079787422387, "FBTC": 1406.6279212633817, "WBTC": 838.9654608134188, "mETH": 44549.78019960916, "WETH": 3753.82106987977, "dPT-sMNT-3OCT2024": 19.684338619022856, "cmETH": 5373.299658062176, "dPT-USDe-26DEC2024": 61.900056475485584},