{"currentChainTvls": {"Berachain": 35791132.17465412, "Berachain-borrowed": 4927880.8677257, "Arbitrum": 16717187.36307343, "Arbitrum-borrowed": 8748976.962060364, "Ethereum": 483940666.5267339, "Ethereum-borrowed": 304145951.6903539, "Mantle": 70040.15686333957, "Mantle-borrowed": 12994.38375012888, "Polygon zkEVM": 7134.630963389269, "Polygon zkEVM-borrowed": 134.4725254795557, "X Layer": 922.6706865045943, "X Layer-borrowed": 179.70915740269163, "borrowed": 317836118.08557296}, "tokensInUsd": [{"tokens": {"WBTC": 5046983.729182761, "rUSD": 31822.250478797643, "DOLO": 558804.4133505374, "sWBERA": 330998.96178508, "OHM": 16561.721938950523, "NECT": 16976.454030812605, "pumpBTC.bera": 1232.7918840818518, "sUSDe": 48736.2531113909, "sUSDa": 2.5650367756000048, "WETH": 56419077.65764902, "rsETH": 364.4101264064965, "SolvBTC": 34231.96064164322, "srUSD": 772194.1738962183, "USDC.e": 4307919.37775896, "diBGT": 176429.8034217385, "USDe": 30144.577063670804, "pol-rUSD": 434.93348250532284, "eBTC": 388.1829359711704, "BYUSD": 82305.26549542807, "WBERA": 1409774.1606205604, "oriBGT": 478290.77861884906, "beraETH": 249755.7314413657, "USD\u20ae0": 613254.7497219555, "weETH": 36960165.58900962, "rswETH": 12142.842474967667, "SBTC": 11.494433640022791, "iBERA": 13555.155417441883, "IR": 141.8529064488065, "savUSD": 4151313.6482202257, "ylstETH": 2.337739360987576, "HENLO": 55.400394587943005, "KDK": 2335.659809351997, "PT-iBGT-25DEC2025": 5.74123339162813, "uniBTC": 52031.66271442898, "SolvBTC.BBN": 114.81996974063138, "wgBERA": 1934.353536614149, "ylpumpBTC": 4.594793490004088, "ylBTCLST": 126.76393976105217, "STONE": 18216.173082853136, "LBTC": 32142.837287731254, "stBTC": 25741782.384404123, "HONEY": 370835.2360544665, "USDa": 2885.4535629935435, "dPT-GLP-26SEP2024": 15113.595364562727, "PENDLE": 512947.5166881517, "JONES": 43.50127527135749, "dGLV [WETH-USDC]": 433156.46272819606, "dPT-ezETH-27JUN2024": 256.8116004228542, "dGM": 8822078.93785504, "dPT-wstETH-27JUN2024": 589.4523376669475, "dARB": 7394.775160417344, "ezETH": 36789.07694083473, "dPT-weETH-26DEC2024": 153.0748721936179, "RDNT": 668.9898918038934, "dfsGLP": 7.900252655449166, "GRAIL": 18421.831562467636, "dPT-weETH-26SEP2024": 81.19852415077315, "XAI": 1339.1758364808904, "PREMIA": 2754.8211465055615, "MAGIC": 3175.2921303533326, "wstETH": 5458134.329589852, "dplvGLP": 136.33500999652261, "USDS": 3702.439835295704, "tBTC": 717.1166208414243, "dPT-weETH-27JUN2024": 665.2848517880947, "dGMX": 685509.816237733, "dGLV [WBTC-USDC]": 496092.89350414777, "ARB": 240290.5737275653, "dPT-ezETH-26SEP2024": 3761.2320491259816, "dPT-weETH-25APR2024": 50.64822752788374, "USDC": 122659585.23611161, "AAVE": 11769.660564471396, "dPT-rETH-26JUN2025": 5.911822414352113, "dPT-rsETH-26SEP2024": 976.5518474376593, "WOETH": 24.97146628364447, "DAI": 33055.72739488873, "sUSDS": 20.16098736074597, "rETH": 41825.74722058572, "LINK": 681276.9297203361, "UNI": 1083366.1469557397, "GMX": 11744.811608136239, "USDT": 587930.4073434396, "MIM": 1407.0055173676037, "dPT-wstETH-26JUN2025": 30.311548883641855, "stcUSD": 18503.458046033007, "USD1": 172287535.03779772, "cbBTC": 32867.229402234225, "cUSD": 25.178368731959797, "wsrUSD": 230.37266087996744, "CRV": 19968.520860997854, "mETH": 3654366.80125823, "WLFI": 398485425.57852495, "dPT-mETH-26DEC2024": 309.52246629481795, "USDY": 411.9393359172096, "dWMNT": 2.2718200368860098, "WMNT": 9450.056872460322, "dPT-cmETH-13FEB2025": 306.3024933062199, "dPT-USDe-25JUL2024": 11.165079787422387, "FBTC": 1480.305893255713, "dPT-sMNT-3OCT2024": 19.684338619022856, "cmETH": 6536.0789792860505, "dPT-USDe-26DEC2024": 61.900056475485584, "POL": 24.37370165258883, "USDC.E": 1341.9329187198425, "MATIC": 412.57096720216725, "WOKB": 369.75811608119017}}], "chainTokensInUsd": {"Berachain": {"WBTC": 996920.3989527208, "rUSD": 31817.131046981256, "DOLO": 441086.62821470737, "sWBERA": 330998.96178508, "OHM": 16561.721938950523, "NECT": 16976.454030812605, "pumpBTC.bera": 1232.7918840818518, "sUSDe": 48169.01487795122, "sUSDa": 2.5650367756000048, "WETH": 857575.5163796496, "rsETH": 7.73323371733219, "SolvBTC": 34231.96064164322, "srUSD": 6042.024007090418, "USDC.e": 4188730.387173412, "diBGT": 176429.8034217385, "USDe": 28711.282920629383, "pol-rUSD": 434.93348250532284, "eBTC": 388.1829359711704, "BYUSD": 82305.26549542807, "WBERA": 1409774.1606205604, "oriBGT": 478290.77861884906, "beraETH": 249755.7314413657, "USD\u20ae0": 613254.7497219555, "weETH": 309829.49450258707, "rswETH": 12142.842474967667, "SBTC": 11.494433640022791, "iBERA": 13555.155417441883, "IR": 141.8529064488065, "savUSD": 4151313.6482202257, "ylstETH": 2.337739360987576, "HENLO": 55.400394587943005, "KDK": 2335.659809351997, "PT-iBGT-25DEC2025": 5.74123339162813, "uniBTC": 51878.62075346951, "SolvBTC.BBN": 114.81996974063138, "wgBERA": 1934.353536614149, "ylpumpBTC": 4.594793490004088, "ylBTCLST": 126.76393976105217, "STONE": 18216.173082853136, "LBTC": 32142.837287731254, "stBTC": 25741782.384404123, "HONEY": 370835.2360544665, "USDa": 2885.4535629935435}, "Arbitrum": {"dPT-GLP-26SEP2024": 15113.595364562727, "PENDLE": 512947.5166881517, "JONES": 43.50127527135749, "dGLV [WETH-USDC]": 433156.46272819606, "dPT-ezETH-27JUN2024": 256.8116004228542, "dGM": 8822078.93785504, "dPT-wstETH-27JUN2024": 589.4523376669475, "dARB": 7394.775160417344, "ezETH": 36789.07694083473, "dPT-weETH-26DEC2024": 153.0748721936179, "WBTC": 2741919.178430565, "RDNT": 668.9898918038934, "dfsGLP": 7.900252655449166, "weETH": 1156862.183888827, "GRAIL": 18421.831562467636, "rsETH": 356.6768926891643, "dPT-weETH-26SEP2024": 81.19852415077315, "XAI": 1339.1758364808904, "PREMIA": 2754.8211465055615, "MAGIC": 3175.2921303533326, "wstETH": 217317.98080954154, "dplvGLP": 136.33500999652261, "USDe": 1265.922199092857, "USDS": 3702.439835295704, "uniBTC": 153.04196095946716, "tBTC": 717.1166208414243, "dPT-weETH-27JUN2024": 665.2848517880947, "dGMX": 685509.816237733, "dGLV [WBTC-USDC]": 496092.89350414777, "WETH": 3961094.317156778, "ARB": 240290.5737275653, "dPT-ezETH-26SEP2024": 3761.2320491259816, "dPT-weETH-25APR2024": 50.64822752788374, "USDC": 3887786.7899946165, "AAVE": 11769.660564471396, "dPT-rETH-26JUN2025": 5.911822414352113, "dPT-rsETH-26SEP2024": 976.5518474376593, "WOETH": 24.97146628364447, "DAI": 32848.59830396226, "sUSDS": 20.16098736074597, "rETH": 41825.74722058572, "LINK": 681104.0315390066, "UNI": 1083366.1469557397, "GMX": 11744.811608136239, "USDT": 229196.57960232277, "MIM": 1407.0055173676037, "dPT-wstETH-26JUN2025": 30.311548883641855, "USDC.e": 119188.99058554792}, "Ethereum": {"rUSD": 5.119431816387696, "DOLO": 117717.78513583001, "WBTC": 1307303.4560616578, "LINK": 172.89818132952303, "srUSD": 766152.1498891279, "wstETH": 5240816.348780311, "stcUSD": 18503.458046033007, "USD1": 172287535.03779772, "sUSDe": 567.2382334396826, "USDC": 118770975.77882816, "WETH": 51591310.45425369, "cbBTC": 32867.229402234225, "cUSD": 25.178368731959797, "weETH": 35493473.91061821, "wsrUSD": 230.37266087996744, "CRV": 19968.520860997854, "mETH": 3609101.716630263, "WLFI": 398485425.57852495, "USDT": 344465.98538236634}, "Mantle": {"USDC": 768.2095519341935, "USDT": 13709.835780693365, "dPT-mETH-26DEC2024": 309.52246629481795, "USDY": 411.9393359172096, "USDe": 167.3719439485649, "dWMNT": 2.2718200368860098, "WMNT": 9450.056872460322, "dPT-cmETH-13FEB2025": 306.3024933062199, "dPT-USDe-25JUL2024": 11.165079787422387, "FBTC": 1480.305893255713, "WBTC": 838.9654608134188, "mETH": 45265.08462796735, "WETH": 3695.845912672414, "dPT-sMNT-3OCT2024": 19.684338619022856, "cmETH": 6536.0789792860505, "dPT-USDe-26DEC2024": 61.900056475485584}, "Polygon zkEVM": {"USDT": 396.5440259908066, "POL": 24.37370165258883, "USDC.E": 1341.9329187198425, "WETH": 4884.822507373056, "MATIC": 412.57096720216725, "DAI": 207.12909092647467, "WBTC": 1.7302770038885988}, "X Layer": {"USDT": 161.46255206648038, "WETH": 516.7014388535599, "USDC": 54.457736906055366,