{"currentChainTvls": {"Berachain": 36061938.077041164, "Berachain-borrowed": 4921731.780581394, "Arbitrum": 19930113.50671529, "Arbitrum-borrowed": 7823360.846812182, "Ethereum": 507256971.7812899, "Ethereum-borrowed": 284237462.9525687, "Mantle": 83384.00279462495, "Mantle-borrowed": 13176.13909401423, "Polygon zkEVM": 7134.630963389269, "Polygon zkEVM-borrowed": 134.4725254795557, "X Layer": 922.6706865045943, "X Layer-borrowed": 179.70915740269163, "borrowed": 296996045.9007392}, "tokensInUsd": [{"tokens": {"WBTC": 7464534.690935777, "rUSD": 31773.645673093153, "DOLO": 588407.4554263437, "sWBERA": 349484.7202216387, "OHM": 96520.68827150862, "NECT": 16984.67281168889, "pumpBTC.bera": 1937.1623030950357, "sUSDe": 49936.94400411829, "sUSDa": 2.5650367756000048, "WETH": 60282126.90268063, "rsETH": 371.1964556352289, "SolvBTC": 32893.05347882452, "srUSD": 790274.5416857367, "USDC.e": 4346057.896766681, "diBGT": 210890.11732971884, "USDe": 30980.3210721135, "pol-rUSD": 434.93348250532284, "eBTC": 388.1829359711704, "BYUSD": 84463.0021876301, "WBERA": 1382363.667628929, "oriBGT": 472767.2501217903, "beraETH": 257953.65227069883, "USD\u20ae0": 640806.1779386315, "weETH": 18862325.40313739, "rswETH": 12142.842474967667, "SBTC": 11.494433640022791, "iBERA": 13640.886205823088, "IR": 132.97857784570368, "savUSD": 4200017.654640707, "ylstETH": 2.337739360987576, "HENLO": 55.400394587943005, "KDK": 2335.659809351997, "PT-iBGT-25DEC2025": 5.74123339162813, "uniBTC": 52367.25414748372, "SolvBTC.BBN": 114.81996974063138, "wgBERA": 1934.353536614149, "ylpumpBTC": 4.594793490004088, "ylBTCLST": 126.76393976105217, "STONE": 18655.815524274953, "LBTC": 31334.80529781731, "stBTC": 25741782.384404123, "HONEY": 459771.4989388265, "USDa": 2885.4443993032437, "dPT-GLP-26SEP2024": 15113.595364562727, "PENDLE": 528080.8331558944, "JONES": 43.50127527135749, "dGLV [WETH-USDC]": 425707.5848692197, "dPT-ezETH-27JUN2024": 256.8116004228542, "dGM": 8711370.127255669, "dPT-wstETH-27JUN2024": 589.4523376669475, "dARB": 7394.775160417344, "ezETH": 37162.718276794585, "dPT-weETH-26DEC2024": 153.0748721936179, "RDNT": 726.4352020501889, "dfsGLP": 7.900252655449166, "GRAIL": 17681.063785499562, "dPT-weETH-26SEP2024": 81.19852415077315, "XAI": 1489.1968625901063, "PREMIA": 2754.8211465055615, "MAGIC": 3175.2921303533326, "wstETH": 212246.5416156555, "dplvGLP": 136.33500999652261, "USDS": 3716.0046550408324, "tBTC": 503.8916854454632, "dPT-weETH-27JUN2024": 665.2848517880947, "dGMX": 651391.8180523058, "dGLV [WBTC-USDC]": 474948.8966624525, "ARB": 235795.6371759689, "dPT-ezETH-26SEP2024": 3761.2320491259816, "dPT-weETH-25APR2024": 50.64822752788374, "USDC": 133828272.1009912, "AAVE": 14341.317383047442, "dPT-rETH-26JUN2025": 5.911822414352113, "dPT-rsETH-26SEP2024": 976.5518474376593, "WOETH": 24.97146628364447, "DAI": 33213.78440730715, "sUSDS": 20.16098736074597, "rETH": 42216.222252960535, "LINK": 719550.0330579304, "UNI": 1104204.0809220534, "GMX": 11534.612012943611, "USDT": 450029.32646465773, "MIM": 1406.4624806034938, "dPT-wstETH-26JUN2025": 30.311548883641855, "stcUSD": 19910.53279045335, "USD1": 185154307.39409328, "cbBTC": 32814.36942196783, "cUSD": 25.178368731959797, "wsrUSD": 230.37266087996744, "CRV": 19968.520860997854, "mETH": 3522597.0490343994, "WLFI": 397492563.59367764, "dPT-mETH-26DEC2024": 309.52246629481795, "USDY": 411.85044455836885, "dWMNT": 2.2718200368860098, "WMNT": 9812.136387351746, "dPT-cmETH-13FEB2025": 306.3024933062199, "dPT-USDe-25JUL2024": 11.165079787422387, "FBTC": 1434.493367647839, "dPT-sMNT-3OCT2024": 19.684338619022856, "cmETH": 6743.503143625543, "dPT-USDe-26DEC2024": 61.900056475485584, "POL": 24.37370165258883, "USDC.E": 1341.9329187198425, "MATIC": 412.57096720216725, "WOKB": 369.75811608119017}}], "chainTokensInUsd": {"Berachain": {"WBTC": 968753.007514182, "rUSD": 31768.526241276766, "DOLO": 452604.7334108713, "sWBERA": 349484.7202216387, "OHM": 96520.68827150862, "NECT": 16984.67281168889, "pumpBTC.bera": 1937.1623030950357, "sUSDe": 49369.29174389783, "sUSDa": 2.5650367756000048, "WETH": 830089.4798105701, "rsETH": 7.73323371733219, "SolvBTC": 32893.05347882452, "srUSD": 6038.924666328342, "USDC.e": 4225520.475973371, "diBGT": 210890.11732971884, "USDe": 28690.861544155792, "pol-rUSD": 434.93348250532284, "eBTC": 388.1829359711704, "BYUSD": 84463.0021876301, "WBERA": 1382363.667628929, "oriBGT": 472767.2501217903, "beraETH": 257953.65227069883, "USD\u20ae0": 640806.1779386315, "weETH": 305770.57470622554, "rswETH": 12142.842474967667, "SBTC": 11.494433640022791, "iBERA": 13640.886205823088, "IR": 132.97857784570368, "savUSD": 4200017.654640707, "ylstETH": 2.337739360987576, "HENLO": 55.400394587943005, "KDK": 2335.659809351997, "PT-iBGT-25DEC2025": 5.74123339162813, "uniBTC": 52210.92644492446, "SolvBTC.BBN": 114.81996974063138, "wgBERA": 1934.353536614149, "ylpumpBTC": 4.594793490004088, "ylBTCLST": 126.76393976105217, "STONE": 18655.815524274953, "LBTC": 31334.80529781731, "stBTC": 25741782.384404123, "HONEY": 459771.4989388265, "USDa": 2885.4443993032437}, "Arbitrum": {"dPT-GLP-26SEP2024": 15113.595364562727, "PENDLE": 528080.8331558944, "JONES": 43.50127527135749, "dGLV [WETH-USDC]": 425707.5848692197, "dPT-ezETH-27JUN2024": 256.8116004228542, "dGM": 8711370.127255669, "dPT-wstETH-27JUN2024": 589.4523376669475, "dARB": 7394.775160417344, "ezETH": 37162.718276794585, "dPT-weETH-26DEC2024": 153.0748721936179, "WBTC": 4204294.928631939, "RDNT": 726.4352020501889, "dfsGLP": 7.900252655449166, "weETH": 29874.66281791311, "GRAIL": 17681.063785499562, "rsETH": 363.4632219178967, "dPT-weETH-26SEP2024": 81.19852415077315, "XAI": 1489.1968625901063, "PREMIA": 2754.8211465055615, "MAGIC": 3175.2921303533326, "wstETH": 212246.5416156555, "dplvGLP": 136.33500999652261, "USDe": 2122.22318987797, "USDS": 3716.0046550408324, "uniBTC": 156.3277025592605, "tBTC": 503.8916854454632, "dPT-weETH-27JUN2024": 665.2848517880947, "dGMX": 651391.8180523058, "dGLV [WBTC-USDC]": 474948.8966624525, "WETH": 5721366.062226277, "ARB": 235795.6371759689, "dPT-ezETH-26SEP2024": 3761.2320491259816, "dPT-weETH-25APR2024": 50.64822752788374, "USDC": 4148157.1175575056, "AAVE": 14341.317383047442, "dPT-rETH-26JUN2025": 5.911822414352113, "dPT-rsETH-26SEP2024": 976.5518474376593, "WOETH": 24.97146628364447, "DAI": 33006.655316380675, "sUSDS": 20.16098736074597, "rETH": 42216.222252960535, "LINK": 719158.5713389005, "UNI": 1104204.0809220534, "GMX": 11534.612012943611, "USDT": 264671.64594966406, "MIM": 1406.4624806034938, "dPT-wstETH-26JUN2025": 30.311548883641855, "USDC.e": 120537.4207933096}, "Ethereum": {"rUSD": 5.119431816387696, "DOLO": 135802.72201547242, "WBTC": 2290646.0590518373, "LINK": 391.46171902990847, "srUSD": 784235.6170194084, "stcUSD": 19910.53279045335, "USD1": 185154307.39409328, "sUSDe": 567.652260220454, "USDC": 129679292.25738285, "WETH": 53721577.99855619, "cbBTC": 32814.36942196783, "cUSD": 25.178368731959797, "weETH": 18526680.165613253, "wsrUSD": 230.37266087996744, "CRV": 19968.520860997854, "mETH": 3464311.659917466, "WLFI": 397492563.59367764, "USDT": 171104.05901712485}, "Mantle": {"USDC": 768.268313928074, "USDT": 13695.614919811524, "dPT-mETH-26DEC2024": 309.52246629481795, "USDY": 411.85044455836885, "USDe": 167.23633807973755, "dWMNT": 2.2718200368860098, "WMNT": 9812.136387351746, "dPT-cmETH-13FEB2025": 306.3024933062199, "dPT-USDe-25JUL2024": 11.165079787422387, "FBTC": 1434.493367647839, "WBTC": 838.9654608134188, "mETH": 58285.38911693344, "WETH": 3691.8381413696466, "dPT-sMNT-3OCT2024": 19.684338619022856, "cmETH": 6743.503143625543, "dPT-USDe-26DEC2024": 61.900056475485584}, "Polygon zkEVM": {"USDT": 396.5440259908066, "POL": 24.37370165258883, "USDC.E": 1341.9329187198425, "WETH": 4884.822507373056, "MATIC": 412.57096720216725, "DAI": 207.12909092647467, "WBTC": 1.7302770038885988}, "X Layer": {"USDT": 161.46255206648038, "WETH": 516.7014388535599, "USDC": 54.457736906055366, "WOKB": 369.75811608119017}},