{"currentChainTvls": {"Berachain": 35665331.06018491, "Berachain-borrowed": 4917724.774655346, "Arbitrum": 20710048.296600685, "Arbitrum-borrowed": 8922268.000738643, "Ethereum": 477106159.117265, "Ethereum-borrowed": 299113195.8292433, "Botanix": 180365.60129296052, "Botanix-borrowed": 58510.563310513615, "Mantle": 68670.93909146247, "Mantle-borrowed": 12875.866934235592, "Polygon zkEVM": 7134.630963389269, "Polygon zkEVM-borrowed": 134.4725254795557, "X Layer": 922.6706865045943, "X Layer-borrowed": 179.70915740269163, "borrowed": 313024889.2165649}, "tokensInUsd": [{"tokens": {"WBTC": 6450637.7665252, "rUSD": 31828.48331519416, "DOLO": 556493.0254272489, "sWBERA": 330998.96178508, "OHM": 16561.721938950523, "NECT": 16976.74982995726, "pumpBTC.bera": 1232.7918840818518, "sUSDe": 97049.51242964773, "sUSDa": 2.5650367756000048, "WETH": 56191128.845709965, "rsETH": 365.50811123004945, "SolvBTC": 33772.4083700133, "srUSD": 770955.0975615351, "USDC.e": 4389259.04923525, "diBGT": 171506.32319582987, "USDe": 30155.41104547402, "pol-rUSD": 434.93348250532284, "eBTC": 388.1829359711704, "BYUSD": 83352.95138360086, "WBERA": 1359416.3425875178, "oriBGT": 457114.5571547503, "beraETH": 247991.2712075249, "USD\u20ae0": 614137.4569559632, "weETH": 32533518.367668055, "rswETH": 12142.842474967667, "SBTC": 11.494433640022791, "iBERA": 13125.117234107678, "IR": 120.3059317015298, "savUSD": 4151313.6482202257, "ylstETH": 2.337739360987576, "HENLO": 55.400394587943005, "KDK": 2335.659809351997, "PT-iBGT-25DEC2025": 5.74123339162813, "uniBTC": 52031.66271442898, "SolvBTC.BBN": 114.81996974063138, "wgBERA": 1934.353536614149, "ylpumpBTC": 4.594793490004088, "ylBTCLST": 126.76393976105217, "STONE": 18216.173082853136, "LBTC": 32142.837287731254, "stBTC": 25905731.646729015, "HONEY": 373369.9462134378, "USDa": 2885.4560749526945, "dPT-GLP-26SEP2024": 15113.595364562727, "PENDLE": 496946.16513880895, "JONES": 43.50127527135749, "dGLV [WETH-USDC]": 433031.14365554816, "dPT-ezETH-27JUN2024": 256.8116004228542, "dGM": 8359236.150252933, "dPT-wstETH-27JUN2024": 589.4523376669475, "dARB": 7394.775160417344, "ezETH": 35737.86042674768, "dPT-weETH-26DEC2024": 153.0748721936179, "RDNT": 662.1279528525176, "dfsGLP": 7.900252655449166, "GRAIL": 17813.63997310555, "dPT-weETH-26SEP2024": 81.19852415077315, "XAI": 1280.7536429899612, "PREMIA": 2754.8211465055615, "MAGIC": 3175.2921303533326, "wstETH": 5450972.341002147, "dplvGLP": 136.33500999652261, "USDS": 3701.6683003444755, "tBTC": 706.1411785205609, "dPT-weETH-27JUN2024": 665.2848517880947, "dGMX": 709690.8115560254, "dGLV [WBTC-USDC]": 506106.01108549366, "ARB": 237071.37995692535, "dPT-ezETH-26SEP2024": 3761.2320491259816, "dPT-weETH-25APR2024": 50.64822752788374, "USDC": 125070316.71575497, "AAVE": 11769.660564471396, "dPT-rETH-26JUN2025": 5.911822414352113, "dPT-rsETH-26SEP2024": 976.5518474376593, "WOETH": 24.97146628364447, "DAI": 33052.57840495637, "sUSDS": 20.16098736074597, "rETH": 40430.147690838974, "LINK": 671569.8372206399, "UNI": 1035647.9981158397, "GMX": 11556.137758787885, "USDT": 446110.69055501133, "MIM": 1407.0055173676037, "dPT-wstETH-26JUN2025": 30.311548883641855, "stcUSD": 18503.458046033007, "USD1": 178404700.13470572, "cbBTC": 32866.289620713, "cUSD": 25.178368731959797, "wsrUSD": 230.37266087996744, "CRV": 19968.520860997854, "mETH": 3607808.2840324445, "WLFI": 386085788.8029376, "pBTC": 12146.42215193086, "oUSDT": 17.268456841796652, "dPT-mETH-26DEC2024": 309.52246629481795, "USDY": 411.9393359172096, "dWMNT": 2.2718200368860098, "WMNT": 9506.081457820703, "dPT-cmETH-13FEB2025": 306.3024933062199, "dPT-USDe-25JUL2024": 11.165079787422387, "FBTC": 1405.2801585787383, "dPT-sMNT-3OCT2024": 19.684338619022856, "cmETH": 6276.135126309989, "dPT-USDe-26DEC2024": 61.900056475485584, "POL": 24.37370165258883, "USDC.E": 1341.9329187198425, "MATIC": 412.57096720216725, "WOKB": 369.75811608119017}}], "chainTokensInUsd": {"Berachain": {"WBTC": 991757.7994553333, "rUSD": 31823.363883377773, "DOLO": 436059.7701982762, "sWBERA": 330998.96178508, "OHM": 16561.721938950523, "NECT": 16976.74982995726, "pumpBTC.bera": 1232.7918840818518, "sUSDe": 48169.01487795122, "sUSDa": 2.5650367756000048, "WETH": 803294.2514833125, "rsETH": 7.73323371733219, "SolvBTC": 33772.4083700133, "srUSD": 6042.024007090418, "USDC.e": 4204260.862866195, "diBGT": 171506.32319582987, "USDe": 28722.17632809805, "pol-rUSD": 434.93348250532284, "eBTC": 388.1829359711704, "BYUSD": 83352.95138360086, "WBERA": 1359416.3425875178, "oriBGT": 457114.5571547503, "beraETH": 247991.2712075249, "USD\u20ae0": 614137.4569559632, "weETH": 297463.12323087384, "rswETH": 12142.842474967667, "SBTC": 11.494433640022791, "iBERA": 13125.117234107678, "IR": 120.3059317015298, "savUSD": 4151313.6482202257, "ylstETH": 2.337739360987576, "HENLO": 55.400394587943005, "KDK": 2335.659809351997, "PT-iBGT-25DEC2025": 5.74123339162813, "uniBTC": 51878.62075346951, "SolvBTC.BBN": 114.81996974063138, "wgBERA": 1934.353536614149, "ylpumpBTC": 4.594793490004088, "ylBTCLST": 126.76393976105217, "STONE": 18216.173082853136, "LBTC": 32142.837287731254, "stBTC": 25741782.384404123, "HONEY": 373369.9462134378, "USDa": 2885.4560749526945}, "Arbitrum": {"dPT-GLP-26SEP2024": 15113.595364562727, "PENDLE": 496946.16513880895, "JONES": 43.50127527135749, "dGLV [WETH-USDC]": 433031.14365554816, "dPT-ezETH-27JUN2024": 256.8116004228542, "dGM": 8359236.150252933, "dPT-wstETH-27JUN2024": 589.4523376669475, "dARB": 7394.775160417344, "ezETH": 35737.86042674768, "dPT-weETH-26DEC2024": 153.0748721936179, "WBTC": 4295898.5861490145, "RDNT": 662.1279528525176, "dfsGLP": 7.900252655449166, "weETH": 2204291.806238882, "GRAIL": 17813.63997310555, "rsETH": 357.77487751271724, "dPT-weETH-26SEP2024": 81.19852415077315, "XAI": 1280.7536429899612, "PREMIA": 2754.8211465055615, "MAGIC": 3175.2921303533326, "wstETH": 210155.9922218362, "dplvGLP": 136.33500999652261, "USDe": 1265.922199092857, "USDS": 3701.6683003444755, "uniBTC": 153.04196095946716, "tBTC": 706.1411785205609, "dPT-weETH-27JUN2024": 665.2848517880947, "dGMX": 709690.8115560254, "dGLV [WBTC-USDC]": 506106.01108549366, "WETH": 5526295.500057704, "ARB": 237071.37995692535, "dPT-ezETH-26SEP2024": 3761.2320491259816, "dPT-weETH-25APR2024": 50.64822752788374, "USDC": 4400111.125141136, "AAVE": 11769.660564471396, "dPT-rETH-26JUN2025": 5.911822414352113, "dPT-rsETH-26SEP2024": 976.5518474376593, "WOETH": 24.97146628364447, "DAI": 32845.4493140299, "sUSDS": 20.16098736074597, "rETH": 40430.147690838974, "LINK": 671396.9390393104, "UNI": 1035647.9981158397, "GMX": 11556.137758787885, "USDT": 229266.44963647507, "MIM": 1407.0055173676037, "dPT-wstETH-26JUN2025": 30.311548883641855, "USDC.e": 122241.07726074052}, "Ethereum": {"rUSD": 5.119431816387696, "DOLO": 120433.25522897267, "WBTC": 1162140.685183034, "LINK": 172.89818132952303, "srUSD": 764913.0735544447, "wstETH": 5240816.348780311, "stcUSD": 18503.458046033007, "USD1": 178404700.13470572, "sUSDe": 48880.497551696506, "USDC": 120669382.84757079, "WETH": 49852567.15445397, "cbBTC": 32866.289620713, "cUSD": 25.178368731959797, "weETH": 30031763.4381983, "wsrUSD": 230.37266087996744, "CRV": 19968.520860997854, "mETH": 3563629.70548496, "WLFI": 386085788.8029376, "USDT": 202567.16568789986}, "Botanix": {"pBTC": 12146.42215193086, "oUSDT": 17.268456841796652, "USDC.e": 62757.10910831477, "WETH": 6.1025614950012566, "stBTC": 163949.2623248917}, "Mantle": {"USDC": 768.2853061370416, "USDT": 13719.0686525791, "dPT-mETH-26DEC2024": 309.52246629481795, "USDY": 411.9393359172096, "USDe": 167.3125182831131, "dWMNT": 2.2718200368860098, "WMNT": 9506.081457820703, "dPT-cmETH-13FEB2025": 306.3024933062199, "dPT-USDe-25JUL2024": 11.165079787422387, "FBTC": 1405.2801585787383, "WBTC": 838.9654608134188, "mETH": 44178.57854748403, "WETH": 3564.3132072548665, "dPT-sMNT-3OCT2024": 19.684338619022856, "cmETH": 6276.135126309989, "dPT-USDe-26DEC2024": 61.900056475485584}, "Polygon zkEVM": {"USDT": 396.5440259908066,