{"currentChainTvls": {"Berachain": 34549063.18547155, "Berachain-borrowed": 4102247.8555957847, "Arbitrum": 21609235.38825978, "Arbitrum-borrowed": 8657362.38713139, "Ethereum": 436596391.65453464, "Ethereum-borrowed": 291058205.6771551, "Botanix": 142165.4521972935, "Botanix-borrowed": 53581.129057731734, "Mantle": 68466.89969009168, "Mantle-borrowed": 12613.779326486332, "Polygon zkEVM": 7134.630963389269, "Polygon zkEVM-borrowed": 134.4725254795557, "X Layer": 922.6706865045943, "X Layer-borrowed": 179.70915740269163, "borrowed": 303884325.0099493}, "tokensInUsd": [{"tokens": {"WBTC": 6391279.098356053, "rUSD": 29240.536404695573, "DOLO": 523831.84168660355, "sWBERA": 291694.08141961857, "OHM": 19715.508106391895, "NECT": 16978.925976190072, "pumpBTC.bera": 1232.7918840818518, "sUSDe": 97182.53738600278, "sUSDa": 2.5650367756000048, "WETH": 57961730.82812137, "rsETH": 365.1709018566398, "SolvBTC": 34666.903371329296, "srUSD": 748236.6386661088, "USDC.e": 3873774.865560699, "diBGT": 165661.53638502382, "USDe": 30063.670188414773, "pol-rUSD": 434.93348250532284, "eBTC": 388.1829359711704, "BYUSD": 82758.86767013758, "WBERA": 1168720.2239140717, "oriBGT": 438522.1645873342, "beraETH": 249520.06803233197, "USD\u20ae0": 614498.6675972899, "weETH": 38313171.029020675, "rswETH": 12142.842474967667, "SBTC": 11.494433640022791, "iBERA": 11864.980519774868, "IR": 102.07906244703334, "savUSD": 3282390.111558113, "ylstETH": 2.337739360987576, "HENLO": 55.400394587943005, "KDK": 2335.659809351997, "PT-iBGT-25DEC2025": 5.74123339162813, "uniBTC": 53617.93276982054, "SolvBTC.BBN": 114.81996974063138, "wgBERA": 1934.353536614149, "ylpumpBTC": 4.594793490004088, "ylBTCLST": 126.76393976105217, "STONE": 17894.804158573716, "LBTC": 32142.837287731254, "stBTC": 25862599.816499352, "HONEY": 285280.79246410466, "USDa": 2885.4797411819227, "dPT-GLP-26SEP2024": 15113.595364562727, "PENDLE": 705693.4949019467, "JONES": 44.00771258680652, "dGLV [WETH-USDC]": 433618.0478286921, "dPT-ezETH-27JUN2024": 256.8116004228542, "dGM": 8493454.354600748, "dPT-wstETH-27JUN2024": 589.4523376669475, "dARB": 7394.775160417344, "ezETH": 37600.78492930501, "dPT-weETH-26DEC2024": 153.0748721936179, "RDNT": 942.2797061673358, "dfsGLP": 7.900252655449166, "GRAIL": 17479.46513476717, "dPT-weETH-26SEP2024": 81.19852415077315, "XAI": 1432.8245032691723, "PREMIA": 2754.8211465055615, "MAGIC": 2912.1335345562497, "wstETH": 211907.86875843283, "dplvGLP": 136.33500999652261, "USDS": 3712.4787521544463, "tBTC": 502.44306112350944, "dPT-weETH-27JUN2024": 665.2848517880947, "dGMX": 679203.6726323538, "dGLV [WBTC-USDC]": 589318.426460692, "ARB": 245838.56108659657, "dPT-ezETH-26SEP2024": 3761.2320491259816, "dPT-weETH-25APR2024": 50.64822752788374, "USDC": 134440342.15002933, "AAVE": 11624.261810182637, "dPT-rETH-26JUN2025": 5.911822414352113, "dPT-rsETH-26SEP2024": 976.5518474376593, "WOETH": 24.97146628364447, "DAI": 32707.814673652538, "sUSDS": 30.437700610678704, "rETH": 40306.86936684483, "LINK": 636198.9869541775, "UNI": 1044056.2014778011, "GMX": 161612.07645838187, "USDT": 393198.33482707647, "MIM": 1404.0440161659901, "dPT-wstETH-26JUN2025": 30.311548883641855, "stcUSD": 14492.925073452903, "USD1": 184886205.15271714, "cbBTC": 31428.585477774133, "cUSD": 25.178368731959797, "wsrUSD": 230.37266087996744, "CRV": 19968.520860997854, "mETH": 3608179.4856845695, "WLFI": 319429227.85075736, "pBTC": 12039.615499748495, "oUSDT": 17.15248969398468, "dPT-mETH-26DEC2024": 309.52246629481795, "USDY": 411.953455008837, "dWMNT": 2.2718200368860098, "WMNT": 9635.941736489533, "dPT-cmETH-13FEB2025": 306.3024933062199, "dPT-USDe-25JUL2024": 11.165079787422387, "FBTC": 1406.6279212633817, "dPT-sMNT-3OCT2024": 19.684338619022856, "cmETH": 5246.671014134116, "dPT-USDe-26DEC2024": 61.900056475485584, "POL": 24.37370165258883, "USDC.E": 1341.9329187198425, "MATIC": 412.57096720216725, "WOKB": 369.75811608119017}}], "chainTokensInUsd": {"Berachain": {"WBTC": 765707.2629829958, "rUSD": 29235.416972879186, "DOLO": 431667.59702843474, "sWBERA": 291694.08141961857, "OHM": 19715.508106391895, "NECT": 16978.925976190072, "pumpBTC.bera": 1232.7918840818518, "sUSDe": 48237.61322171314, "sUSDa": 2.5650367756000048, "WETH": 819090.3883600294, "rsETH": 8.10916864373367, "SolvBTC": 34666.903371329296, "srUSD": 6061.816418200125, "USDC.e": 3693061.3348730747, "diBGT": 165661.53638502382, "USDe": 28759.181211676423, "pol-rUSD": 434.93348250532284, "eBTC": 388.1829359711704, "BYUSD": 82758.86767013758, "WBERA": 1168720.2239140717, "oriBGT": 438522.1645873342, "beraETH": 249520.06803233197, "USD\u20ae0": 614498.6675972899, "weETH": 300154.0989831585, "rswETH": 12142.842474967667, "SBTC": 11.494433640022791, "iBERA": 11864.980519774868, "IR": 102.07906244703334, "savUSD": 3282390.111558113, "ylstETH": 2.337739360987576, "HENLO": 55.400394587943005, "KDK": 2335.659809351997, "PT-iBGT-25DEC2025": 5.74123339162813, "uniBTC": 53455.32392651944, "SolvBTC.BBN": 114.81996974063138, "wgBERA": 1934.353536614149, "ylpumpBTC": 4.594793490004088, "ylBTCLST": 126.76393976105217, "STONE": 17894.804158573716, "LBTC": 32142.837287731254, "stBTC": 25741782.384404123, "HONEY": 285280.79246410466, "USDa": 2885.4797411819227}, "Arbitrum": {"dPT-GLP-26SEP2024": 15113.595364562727, "PENDLE": 705693.4949019467, "JONES": 44.00771258680652, "dGLV [WETH-USDC]": 433618.0478286921, "dPT-ezETH-27JUN2024": 256.8116004228542, "dGM": 8493454.354600748, "dPT-wstETH-27JUN2024": 589.4523376669475, "dARB": 7394.775160417344, "ezETH": 37600.78492930501, "dPT-weETH-26DEC2024": 153.0748721936179, "WBTC": 4751016.858656365, "RDNT": 942.2797061673358, "dfsGLP": 7.900252655449166, "weETH": 1356210.6619790404, "GRAIL": 17479.46513476717, "rsETH": 357.0617332129061, "dPT-weETH-26SEP2024": 81.19852415077315, "XAI": 1432.8245032691723, "PREMIA": 2754.8211465055615, "MAGIC": 2912.1335345562497, "wstETH": 211907.86875843283, "dplvGLP": 136.33500999652261, "USDe": 1267.7080667065236, "USDS": 3712.4787521544463, "uniBTC": 162.608843301096, "tBTC": 502.44306112350944, "dPT-weETH-27JUN2024": 665.2848517880947, "dGMX": 679203.6726323538, "dGLV [WBTC-USDC]": 589318.426460692, "WETH": 6065998.640370644, "ARB": 245838.56108659657, "dPT-ezETH-26SEP2024": 3761.2320491259816, "dPT-weETH-25APR2024": 50.64822752788374, "USDC": 4337108.414320314, "AAVE": 11624.261810182637, "dPT-rETH-26JUN2025": 5.911822414352113, "dPT-rsETH-26SEP2024": 976.5518474376593, "WOETH": 24.97146628364447, "DAI": 32500.685582726062, "sUSDS": 30.437700610678704, "rETH": 40306.86936684483, "LINK": 636142.536666798, "UNI": 1044056.2014778011, "GMX": 161612.07645838187, "USDT": 253287.73657787876, "MIM": 1404.0440161659901, "dPT-wstETH-26JUN2025": 30.311548883641855, "USDC.e": 117847.25207876608}, "Ethereum": {"rUSD": 5.119431816387696, "DOLO": 92164.2446581688, "WBTC": 873714.280978874, "LINK": 56.450287379460676, "srUSD": 742174.8222479087, "stcUSD": 14492.925073452903, "USD1": 184886205.15271714, "sUSDe": 48944.924164289645, "USDC": 130102410.85283537, "WETH": 51067493.62874039, "cbBTC": 31428.585477774133, "cUSD": 25.178368731959797, "weETH": 36656806.26805848, "wsrUSD": 230.37266087996744, "CRV": 19968.520860997854, "mETH": 3563629.70548496, "WLFI": 319429227.85075736, "USDT": 125618.448885759}, "Botanix": {"pBTC": 12039.615499748495, "oUSDT": 17.15248969398468, "USDC.e": 62866.27860885797, "WETH": 6.1025614950012566, "stBTC": 120817.43209522976}, "Mantle": {"USDC": 768.4251367478689, "USDT": 13734.142785381404, "dPT-mETH-26DEC2024": 309.52246629481795, "USDY": 411.953455008837, "USDe": 36.78091003182738, "dWMNT": 2.2718200368860098, "WMNT": 9635.941736489533, "dPT-cmETH-13FEB2025": 306.3024933062199, "dPT-USDe-25JUL2024": 11.165079787422387, "FBTC": 1406.6279212633817, "WBTC": 838.9654608134188, "mETH": 44549.78019960916, "WETH": 3740.544142578624, "dPT-sMNT-3OCT2024": 19.684338619022856, "cmETH": 5246.671014134116, "dPT-USDe-26DEC2024": 61.900056475485584}, "Polygon zkEVM": {"USDT": 396.5440259908066,