{"currentChainTvls": {"Berachain": 35688503.89756611, "Berachain-borrowed": 4891165.271091093, "Arbitrum": 16092404.396173542, "Arbitrum-borrowed": 7834881.508430241, "Ethereum": 469865052.22480035, "Ethereum-borrowed": 305783748.7466434, "Mantle": 68411.74831757616, "Mantle-borrowed": 13134.494957124458, "Polygon zkEVM": 7134.630963389269, "Polygon zkEVM-borrowed": 134.4725254795557, "X Layer": 922.6706865045943, "X Layer-borrowed": 179.70915740269163, "borrowed": 318523244.2028048}, "tokensInUsd": [{"tokens": {"WBTC": 4890868.693321436, "rUSD": 31817.96054526275, "DOLO": 544599.9745943246, "sWBERA": 320703.63079397083, "OHM": 16561.721938950523, "NECT": 16976.25041384412, "pumpBTC.bera": 1232.7918840818518, "sUSDe": 48758.76434920648, "sUSDa": 2.5650367756000048, "WETH": 55503815.140169576, "rsETH": 364.4101264064965, "SolvBTC": 32871.35298406556, "srUSD": 773502.2774407903, "USDC.e": 4310364.624695977, "diBGT": 199834.0000110695, "USDe": 30145.67696228651, "pol-rUSD": 434.93348250532284, "eBTC": 388.1829359711704, "BYUSD": 83273.03613263421, "WBERA": 1347160.1089487537, "oriBGT": 443262.7036896989, "beraETH": 249755.7314413657, "USD\u20ae0": 612132.4625539691, "weETH": 34213728.65642473, "rswETH": 12142.842474967667, "SBTC": 11.494433640022791, "iBERA": 13113.967712339141, "IR": 141.8529064488065, "savUSD": 4151313.6482202257, "ylstETH": 2.337739360987576, "HENLO": 55.400394587943005, "KDK": 2335.659809351997, "PT-iBGT-25DEC2025": 5.74123339162813, "uniBTC": 52031.66271442898, "SolvBTC.BBN": 114.81996974063138, "wgBERA": 1934.353536614149, "ylpumpBTC": 4.594793490004088, "ylBTCLST": 126.76393976105217, "STONE": 18216.173082853136, "LBTC": 32142.837287731254, "stBTC": 25741782.384404123, "HONEY": 443146.3493258696, "USDa": 2885.450639121352, "dPT-GLP-26SEP2024": 15113.595364562727, "PENDLE": 510081.2861403127, "JONES": 43.50127527135749, "dGLV [WETH-USDC]": 433156.46272819606, "dPT-ezETH-27JUN2024": 256.8116004228542, "dGM": 8659791.96723833, "dPT-wstETH-27JUN2024": 589.4523376669475, "dARB": 7394.775160417344, "ezETH": 35858.446084977484, "dPT-weETH-26DEC2024": 153.0748721936179, "RDNT": 668.9898918038934, "dfsGLP": 7.900252655449166, "GRAIL": 16962.708089618493, "dPT-weETH-26SEP2024": 81.19852415077315, "XAI": 1340.6679425334235, "PREMIA": 2754.8211465055615, "MAGIC": 3175.2921303533326, "wstETH": 9871874.427749561, "dplvGLP": 136.33500999652261, "USDS": 3702.4162511366853, "tBTC": 621.2113500177421, "dPT-weETH-27JUN2024": 665.2848517880947, "dGMX": 632630.2447555345, "dGLV [WBTC-USDC]": 496092.89350414777, "ARB": 232031.23513780814, "dPT-ezETH-26SEP2024": 3761.2320491259816, "dPT-weETH-25APR2024": 50.64822752788374, "USDC": 120127000.27467595, "AAVE": 11769.660564471396, "dPT-rETH-26JUN2025": 5.911822414352113, "dPT-rsETH-26SEP2024": 976.5518474376593, "WOETH": 24.97146628364447, "DAI": 33016.31568732536, "sUSDS": 20.16098736074597, "rETH": 40710.42676562059, "LINK": 674066.5844411857, "UNI": 1027321.7266000606, "GMX": 11309.854258542884, "USDT": 686006.3719704241, "MIM": 1406.648664351412, "dPT-wstETH-26JUN2025": 30.311548883641855, "stcUSD": 18503.458046033007, "USD1": 165028420.4495816, "cbBTC": 32230.774434525185, "cUSD": 25.178368731959797, "wsrUSD": 230.37266087996744, "CRV": 19968.520860997854, "mETH": 3508018.1654460053, "WLFI": 393930691.72091186, "dPT-mETH-26DEC2024": 309.52246629481795, "USDY": 411.85044455836885, "dWMNT": 2.2718200368860098, "WMNT": 9409.165625011658, "dPT-cmETH-13FEB2025": 306.3024933062199, "dPT-USDe-25JUL2024": 11.165079787422387, "FBTC": 1434.493367647839, "dPT-sMNT-3OCT2024": 19.684338619022856, "cmETH": 6743.503143625543, "dPT-USDe-26DEC2024": 61.900056475485584, "POL": 24.37370165258883, "USDC.E": 1341.9329187198425, "MATIC": 412.57096720216725, "WOKB": 369.75811608119017}}], "chainTokensInUsd": {"Berachain": {"WBTC": 953252.8290489451, "rUSD": 31812.841113446364, "DOLO": 433034.411820186, "sWBERA": 320703.63079397083, "OHM": 16561.721938950523, "NECT": 16976.25041384412, "pumpBTC.bera": 1232.7918840818518, "sUSDe": 48191.5261157668, "sUSDa": 2.5650367756000048, "WETH": 793462.7690565198, "rsETH": 7.73323371733219, "SolvBTC": 32871.35298406556, "srUSD": 6042.024007090418, "USDC.e": 4191202.677374589, "diBGT": 199834.0000110695, "USDe": 28712.38281924509, "pol-rUSD": 434.93348250532284, "eBTC": 388.1829359711704, "BYUSD": 83273.03613263421, "WBERA": 1347160.1089487537, "oriBGT": 443262.7036896989, "beraETH": 249755.7314413657, "USD\u20ae0": 612132.4625539691, "weETH": 298005.20916295645, "rswETH": 12142.842474967667, "SBTC": 11.494433640022791, "iBERA": 13113.967712339141, "IR": 141.8529064488065, "savUSD": 4151313.6482202257, "ylstETH": 2.337739360987576, "HENLO": 55.400394587943005, "KDK": 2335.659809351997, "PT-iBGT-25DEC2025": 5.74123339162813, "uniBTC": 51878.62075346951, "SolvBTC.BBN": 114.81996974063138, "wgBERA": 1934.353536614149, "ylpumpBTC": 4.594793490004088, "ylBTCLST": 126.76393976105217, "STONE": 18216.173082853136, "LBTC": 32142.837287731254, "stBTC": 25741782.384404123, "HONEY": 443146.3493258696, "USDa": 2885.450639121352}, "Arbitrum": {"dPT-GLP-26SEP2024": 15113.595364562727, "PENDLE": 510081.2861403127, "JONES": 43.50127527135749, "dGLV [WETH-USDC]": 433156.46272819606, "dPT-ezETH-27JUN2024": 256.8116004228542, "dGM": 8659791.96723833, "dPT-wstETH-27JUN2024": 589.4523376669475, "dARB": 7394.775160417344, "ezETH": 35858.446084977484, "dPT-weETH-26DEC2024": 153.0748721936179, "WBTC": 2686088.486947912, "RDNT": 668.9898918038934, "dfsGLP": 7.900252655449166, "weETH": 154006.99467470817, "GRAIL": 16962.708089618493, "rsETH": 356.6768926891643, "dPT-weETH-26SEP2024": 81.19852415077315, "XAI": 1340.6679425334235, "PREMIA": 2754.8211465055615, "MAGIC": 3175.2921303533326, "wstETH": 210110.6555421884, "dplvGLP": 136.33500999652261, "USDe": 1265.922199092857, "USDS": 3702.4162511366853, "uniBTC": 153.04196095946716, "tBTC": 621.2113500177421, "dPT-weETH-27JUN2024": 665.2848517880947, "dGMX": 632630.2447555345, "dGLV [WBTC-USDC]": 496092.89350414777, "WETH": 3913229.450441956, "ARB": 232031.23513780814, "dPT-ezETH-26SEP2024": 3761.2320491259816, "dPT-weETH-25APR2024": 50.64822752788374, "USDC": 3756338.687910352, "AAVE": 11769.660564471396, "dPT-rETH-26JUN2025": 5.911822414352113, "dPT-rsETH-26SEP2024": 976.5518474376593, "WOETH": 24.97146628364447, "DAI": 32809.18659639889, "sUSDS": 20.16098736074597, "rETH": 40710.42676562059, "LINK": 673892.3388727354, "UNI": 1027321.7266000606, "GMX": 11309.854258542884, "USDT": 229173.8388009113, "MIM": 1406.648664351412, "dPT-wstETH-26JUN2025": 30.311548883641855, "USDC.e": 119161.94732138845}, "Ethereum": {"rUSD": 5.119431816387696, "DOLO": 111565.56277413857, "WBTC": 1250686.6815867617, "LINK": 174.24556845030887, "srUSD": 767460.2534337, "wstETH": 9661763.772207372, "stcUSD": 18503.458046033007, "USD1": 165028420.4495816, "sUSDe": 567.2382334396826, "USDC": 116369838.83625785, "WETH": 50788065.4214142, "cbBTC": 32230.774434525185, "cUSD": 25.178368731959797, "weETH": 33761716.45258707, "wsrUSD": 230.37266087996744, "CRV": 19968.520860997854, "mETH": 3464311.659917466, "WLFI": 393930691.72091186, "USDT": 442575.25316693884}, "Mantle": {"USDC": 768.2927708465653, "USDT": 13699.27342451684, "dPT-mETH-26DEC2024": 309.52246629481795, "USDY": 411.85044455836885, "USDe": 167.3719439485649, "dWMNT": 2.2718200368860098, "WMNT": 9409.165625011658, "dPT-cmETH-13FEB2025": 306.3024933062199, "dPT-USDe-25JUL2024": 11.165079787422387, "FBTC": 1434.493367647839, "WBTC": 838.9654608134188, "mETH": 43706.50552853958, "WETH": 3655.9753106723983, "dPT-sMNT-3OCT2024": 19.684338619022856, "cmETH": 6743.503143625543, "dPT-USDe-26DEC2024": 61.900056475485584}, "Polygon zkEVM": {"USDT": 396.5440259908066, "POL": 24.37370165258883, "USDC.E": 1341.9329187198425, "WETH": 4884.822507373056, "MATIC": 412.57096720216725, "DAI": 207.12909092647467, "WBTC": 1.7302770038885988}, "X Layer": {"USDT": 161.46255206648038, "WETH": 516.7014388535599, "USDC": 54.457736906055366,