{"currentChainTvls": {"Berachain": 35510639.80989533, "Berachain-borrowed": 4891773.572429269, "Arbitrum": 20049575.50262679, "Arbitrum-borrowed": 9438399.27905417, "Ethereum": 464970581.9630894, "Ethereum-borrowed": 299219326.7914637, "Botanix": 141275.2889539701, "Botanix-borrowed": 53457.27541996308, "Mantle": 67645.6346693597, "Mantle-borrowed": 12537.787566649396, "Polygon zkEVM": 7134.630963389269, "Polygon zkEVM-borrowed": 134.4725254795557, "X Layer": 922.6706865045943, "X Layer-borrowed": 179.70915740269163, "borrowed": 313615808.88761663}, "tokensInUsd": [{"tokens": {"WBTC": 6362366.620960418, "rUSD": 31743.477599518563, "DOLO": 532385.2523600076, "sWBERA": 319926.96447510406, "OHM": 18098.874653545976, "NECT": 16977.439814289515, "pumpBTC.bera": 1232.7918840818518, "sUSDe": 97085.90922438483, "sUSDa": 2.5650367756000048, "WETH": 56617083.152516805, "rsETH": 366.01062601788595, "SolvBTC": 33806.31391172941, "srUSD": 766599.4556635388, "USDC.e": 4394197.079723388, "diBGT": 164046.11376500913, "USDe": 30037.19631421343, "pol-rUSD": 434.93348250532284, "eBTC": 388.1829359711704, "BYUSD": 81321.17205625784, "WBERA": 1200238.689745945, "oriBGT": 441688.2491005686, "beraETH": 255616.1805526688, "USD\u20ae0": 614057.8727509524, "weETH": 33620586.213634625, "rswETH": 12142.842474967667, "SBTC": 11.494433640022791, "iBERA": 12153.050227961628, "IR": 112.29056132803387, "savUSD": 4151313.6482202257, "ylstETH": 2.337739360987576, "HENLO": 55.400394587943005, "KDK": 2335.659809351997, "PT-iBGT-25DEC2025": 5.74123339162813, "uniBTC": 54162.03163663201, "SolvBTC.BBN": 114.81996974063138, "wgBERA": 1934.353536614149, "ylpumpBTC": 4.594793490004088, "ylBTCLST": 126.76393976105217, "STONE": 18216.173082853136, "LBTC": 32142.837287731254, "stBTC": 25861674.399182077, "HONEY": 378194.0205951891, "USDa": 2885.46376790037, "dPT-GLP-26SEP2024": 15113.595364562727, "PENDLE": 515135.96609939926, "JONES": 44.00771258680652, "dGLV [WETH-USDC]": 417430.8052866089, "dPT-ezETH-27JUN2024": 256.8116004228542, "dGM": 8400753.56412962, "dPT-wstETH-27JUN2024": 589.4523376669475, "dARB": 7394.775160417344, "ezETH": 40262.078472419584, "dPT-weETH-26DEC2024": 153.0748721936179, "RDNT": 637.6958680000718, "dfsGLP": 7.900252655449166, "GRAIL": 18804.10944424573, "dPT-weETH-26SEP2024": 81.19852415077315, "XAI": 1435.2889963731177, "PREMIA": 2754.8211465055615, "MAGIC": 3021.9693917345007, "wstETH": 4354324.922160365, "dplvGLP": 136.33500999652261, "USDS": 3702.5841250976277, "tBTC": 516.1418855260528, "dPT-weETH-27JUN2024": 665.2848517880947, "dGMX": 758335.3340408284, "dGLV [WBTC-USDC]": 516056.3072643081, "ARB": 228343.56116957334, "dPT-ezETH-26SEP2024": 3761.2320491259816, "dPT-weETH-25APR2024": 50.64822752788374, "USDC": 126375834.65568498, "AAVE": 12991.716076862172, "dPT-rETH-26JUN2025": 5.911822414352113, "dPT-rsETH-26SEP2024": 976.5518474376593, "WOETH": 24.97146628364447, "DAI": 33090.58021529582, "sUSDS": 30.429191586671323, "rETH": 40639.11425587484, "LINK": 668894.131447245, "UNI": 1065179.4207673352, "GMX": 12508.178310659214, "USDT": 381699.41931924864, "MIM": 1404.218043141096, "dPT-wstETH-26JUN2025": 30.311548883641855, "stcUSD": 18503.458046033007, "USD1": 183341353.82372484, "cbBTC": 30328.566720294017, "cUSD": 25.178368731959797, "wsrUSD": 230.37266087996744, "CRV": 19968.520860997854, "mETH": 3607389.922564521, "WLFI": 367303121.8222253, "pBTC": 12042.503401831616, "oUSDT": 17.268456841796652, "dPT-mETH-26DEC2024": 309.52246629481795, "USDY": 411.953455008837, "dWMNT": 2.2718200368860098, "WMNT": 9689.217396003169, "dPT-cmETH-13FEB2025": 306.3024933062199, "dPT-USDe-25JUL2024": 11.165079787422387, "FBTC": 1406.6279212633817, "dPT-sMNT-3OCT2024": 19.684338619022856, "cmETH": 5281.9596246580695, "dPT-USDe-26DEC2024": 61.900056475485584, "POL": 24.37370165258883, "USDC.E": 1341.9329187198425, "MATIC": 412.57096720216725, "WOKB": 369.75811608119017}}], "chainTokensInUsd": {"Berachain": {"WBTC": 982218.000937271, "rUSD": 31738.358167702176, "DOLO": 425469.0676908599, "sWBERA": 319926.96447510406, "OHM": 18098.874653545976, "NECT": 16977.439814289515, "pumpBTC.bera": 1232.7918840818518, "sUSDe": 48205.41167268832, "sUSDa": 2.5650367756000048, "WETH": 815014.1959474164, "rsETH": 7.73323371733219, "SolvBTC": 33806.31391172941, "srUSD": 6059.552331468267, "USDC.e": 4210387.573921582, "diBGT": 164046.11376500913, "USDe": 28735.404870937757, "pol-rUSD": 434.93348250532284, "eBTC": 388.1829359711704, "BYUSD": 81321.17205625784, "WBERA": 1200238.689745945, "oriBGT": 441688.2491005686, "beraETH": 255616.1805526688, "USD\u20ae0": 614057.8727509524, "weETH": 299204.0921415623, "rswETH": 12142.842474967667, "SBTC": 11.494433640022791, "iBERA": 12153.050227961628, "IR": 112.29056132803387, "savUSD": 4151313.6482202257, "ylstETH": 2.337739360987576, "HENLO": 55.400394587943005, "KDK": 2335.659809351997, "PT-iBGT-25DEC2025": 5.74123339162813, "uniBTC": 54003.77077177241, "SolvBTC.BBN": 114.81996974063138, "wgBERA": 1934.353536614149, "ylpumpBTC": 4.594793490004088, "ylBTCLST": 126.76393976105217, "STONE": 18216.173082853136, "LBTC": 32142.837287731254, "stBTC": 25741782.384404123, "HONEY": 378194.0205951891, "USDa": 2885.46376790037}, "Arbitrum": {"dPT-GLP-26SEP2024": 15113.595364562727, "PENDLE": 515135.96609939926, "JONES": 44.00771258680652, "dGLV [WETH-USDC]": 417430.8052866089, "dPT-ezETH-27JUN2024": 256.8116004228542, "dGM": 8400753.56412962, "dPT-wstETH-27JUN2024": 589.4523376669475, "dARB": 7394.775160417344, "ezETH": 40262.078472419584, "dPT-weETH-26DEC2024": 153.0748721936179, "WBTC": 4475200.116179662, "RDNT": 637.6958680000718, "dfsGLP": 7.900252655449166, "weETH": 2306985.5779466163, "GRAIL": 18804.10944424573, "rsETH": 358.27739230055374, "dPT-weETH-26SEP2024": 81.19852415077315, "XAI": 1435.2889963731177, "PREMIA": 2754.8211465055615, "MAGIC": 3021.9693917345007, "wstETH": 210029.16339307636, "dplvGLP": 136.33500999652261, "USDe": 1266.7292258195225, "USDS": 3702.5841250976277, "uniBTC": 158.26086485960292, "tBTC": 516.1418855260528, "dPT-weETH-27JUN2024": 665.2848517880947, "dGMX": 758335.3340408284, "dGLV [WBTC-USDC]": 516056.3072643081, "WETH": 5866661.761729432, "ARB": 228343.56116957334, "dPT-ezETH-26SEP2024": 3761.2320491259816, "dPT-weETH-25APR2024": 50.64822752788374, "USDC": 3504585.7452758267, "AAVE": 12991.716076862172, "dPT-rETH-26JUN2025": 5.911822414352113, "dPT-rsETH-26SEP2024": 976.5518474376593, "WOETH": 24.97146628364447, "DAI": 32883.45112436935, "sUSDS": 30.429191586671323, "rETH": 40639.11425587484, "LINK": 668721.2332659155, "UNI": 1065179.4207673352, "GMX": 12508.178310659214, "USDT": 230854.26804326678, "MIM": 1404.218043141096, "dPT-wstETH-26JUN2025": 30.311548883641855, "USDC.e": 121034.8306259962}, "Ethereum": {"rUSD": 5.119431816387696, "DOLO": 106916.18466914771, "WBTC": 904107.8081056683, "LINK": 172.89818132952303, "srUSD": 760539.9033320704, "wstETH": 4144295.758767288, "stcUSD": 18503.458046033007, "USD1": 183341353.82372484, "sUSDe": 48880.497551696506, "USDC": 122870426.05913797, "WETH": 49926443.0051718, "cbBTC": 30328.566720294017, "cUSD": 25.178368731959797, "weETH": 31014396.543546446, "wsrUSD": 230.37266087996744, "CRV": 19968.520860997854, "mETH": 3563629.70548496, "WLFI": 367303121.8222253, "USDT": 136563.52856589708}, "Botanix": {"pBTC": 12042.503401831616, "oUSDT": 17.268456841796652, "USDC.e": 62774.675175810546, "WETH": 6.1025614950012566, "stBTC": 119892.01477795422}, "Mantle": {"USDC": 768.3935342672437, "USDT": 13723.616132027466, "dPT-mETH-26DEC2024": 309.52246629481795, "USDY": 411.953455008837, "USDe": 35.062217456149604, "dWMNT": 2.2718200368860098, "WMNT": 9689.217396003169, "dPT-cmETH-13FEB2025": 306.3024933062199, "dPT-USDe-25JUL2024": 11.165079787422387, "FBTC": 1406.6279212633817, "WBTC": 838.9654608134188, "mETH": 43760.21707956085, "WETH": 3556.5631604306677, "dPT-sMNT-3OCT2024": 19.684338619022856, "cmETH": 5281.9596246580695, "dPT-USDe-26DEC2024": 61.900056475485584},