{"currentChainTvls": {"Berachain": 35662946.831779554, "Berachain-borrowed": 4915425.352912721, "Arbitrum": 20757413.391182058, "Arbitrum-borrowed": 8652556.223992622, "Ethereum": 479824437.52273524, "Ethereum-borrowed": 309842315.58102226, "Botanix": 180365.60129296052, "Botanix-borrowed": 58510.563310513615, "Mantle": 68577.62238950396, "Mantle-borrowed": 12864.1183651069, "Polygon zkEVM": 7134.630963389269, "Polygon zkEVM-borrowed": 134.4725254795557, "X Layer": 922.6706865045943, "X Layer-borrowed": 179.70915740269163, "borrowed": 323481986.02128613}, "tokensInUsd": [{"tokens": {"WBTC": 6423613.5504615605, "rUSD": 31826.754183096236, "DOLO": 555093.7070122088, "sWBERA": 330998.96178508, "OHM": 16561.721938950523, "NECT": 16976.667772858927, "pumpBTC.bera": 1232.7918840818518, "sUSDe": 97049.51242964773, "sUSDa": 2.5650367756000048, "WETH": 56459451.341383085, "rsETH": 379.4747979392909, "SolvBTC": 33867.31506730949, "srUSD": 770955.0975615351, "USDC.e": 4388163.854771018, "diBGT": 168711.9777882319, "USDe": 30153.86484639823, "pol-rUSD": 434.93348250532284, "eBTC": 388.1829359711704, "BYUSD": 83352.95138360086, "WBERA": 1350807.1958218364, "oriBGT": 457114.5571547503, "beraETH": 247991.2712075249, "USD\u20ae0": 613905.5576454633, "weETH": 36646173.93623455, "rswETH": 12142.842474967667, "SBTC": 11.494433640022791, "iBERA": 13021.966242950355, "IR": 120.3059317015298, "savUSD": 4151313.6482202257, "ylstETH": 2.337739360987576, "HENLO": 55.400394587943005, "KDK": 2335.659809351997, "PT-iBGT-25DEC2025": 5.74123339162813, "uniBTC": 52031.66271442898, "SolvBTC.BBN": 114.81996974063138, "wgBERA": 1934.353536614149, "ylpumpBTC": 4.594793490004088, "ylBTCLST": 126.76393976105217, "STONE": 18216.173082853136, "LBTC": 32142.837287731254, "stBTC": 25905731.646729015, "HONEY": 379275.93224022345, "USDa": 2885.4560749526945, "dPT-GLP-26SEP2024": 15113.595364562727, "PENDLE": 488833.17568064237, "JONES": 43.50127527135749, "dGLV [WETH-USDC]": 433031.14365554816, "dPT-ezETH-27JUN2024": 256.8116004228542, "dGM": 8358445.967845646, "dPT-wstETH-27JUN2024": 589.4523376669475, "dARB": 7394.775160417344, "ezETH": 35955.7925600852, "dPT-weETH-26DEC2024": 153.0748721936179, "RDNT": 664.1181732069108, "dfsGLP": 7.900252655449166, "GRAIL": 18003.6941520323, "dPT-weETH-26SEP2024": 81.19852415077315, "XAI": 1280.7536429899612, "PREMIA": 2754.8211465055615, "MAGIC": 3175.2921303533326, "wstETH": 5450972.341002147, "dplvGLP": 136.33500999652261, "USDS": 3702.439835295704, "tBTC": 706.1411785205609, "dPT-weETH-27JUN2024": 665.2848517880947, "dGMX": 716675.9006459586, "dGLV [WBTC-USDC]": 506471.9467379879, "ARB": 231731.7870535479, "dPT-ezETH-26SEP2024": 3761.2320491259816, "dPT-weETH-25APR2024": 50.64822752788374, "USDC": 126595190.79420027, "AAVE": 11769.660564471396, "dPT-rETH-26JUN2025": 5.911822414352113, "dPT-rsETH-26SEP2024": 976.5518474376593, "WOETH": 24.97146628364447, "DAI": 33049.2070822263, "sUSDS": 20.16098736074597, "rETH": 40430.147690838974, "LINK": 669134.918709184, "UNI": 1035806.378839529, "GMX": 11987.7741851582, "USDT": 445019.483487709, "MIM": 1407.0055173676037, "dPT-wstETH-26JUN2025": 30.311548883641855, "stcUSD": 18503.458046033007, "USD1": 182229323.81753036, "cbBTC": 32866.28917350245, "cUSD": 25.178368731959797, "wsrUSD": 230.37266087996744, "CRV": 19968.520860997854, "mETH": 3607762.54659792, "WLFI": 389620363.14964867, "pBTC": 12146.42215193086, "oUSDT": 17.268456841796652, "dPT-mETH-26DEC2024": 309.52246629481795, "USDY": 411.9393359172096, "dWMNT": 2.2718200368860098, "WMNT": 9430.647890074275, "dPT-cmETH-13FEB2025": 306.3024933062199, "dPT-USDe-25JUL2024": 11.165079787422387, "FBTC": 1405.2801585787383, "dPT-sMNT-3OCT2024": 19.684338619022856, "cmETH": 6276.135126309989, "dPT-USDe-26DEC2024": 61.900056475485584, "POL": 24.37370165258883, "USDC.E": 1341.9329187198425, "MATIC": 412.57096720216725, "WOKB": 369.75811608119017}}], "chainTokensInUsd": {"Berachain": {"WBTC": 993858.4315128236, "rUSD": 31821.63475127985, "DOLO": 434660.4517832361, "sWBERA": 330998.96178508, "OHM": 16561.721938950523, "NECT": 16976.667772858927, "pumpBTC.bera": 1232.7918840818518, "sUSDe": 48169.01487795122, "sUSDa": 2.5650367756000048, "WETH": 804709.3292809916, "rsETH": 7.73323371733219, "SolvBTC": 33867.31506730949, "srUSD": 6042.024007090418, "USDC.e": 4203181.635396897, "diBGT": 168711.9777882319, "USDe": 28720.630129022262, "pol-rUSD": 434.93348250532284, "eBTC": 388.1829359711704, "BYUSD": 83352.95138360086, "WBERA": 1350807.1958218364, "oriBGT": 457114.5571547503, "beraETH": 247991.2712075249, "USD\u20ae0": 613905.5576454633, "weETH": 297483.3162511904, "rswETH": 12142.842474967667, "SBTC": 11.494433640022791, "iBERA": 13021.966242950355, "IR": 120.3059317015298, "savUSD": 4151313.6482202257, "ylstETH": 2.337739360987576, "HENLO": 55.400394587943005, "KDK": 2335.659809351997, "PT-iBGT-25DEC2025": 5.74123339162813, "uniBTC": 51878.62075346951, "SolvBTC.BBN": 114.81996974063138, "wgBERA": 1934.353536614149, "ylpumpBTC": 4.594793490004088, "ylBTCLST": 126.76393976105217, "STONE": 18216.173082853136, "LBTC": 32142.837287731254, "stBTC": 25741782.384404123, "HONEY": 379275.93224022345, "USDa": 2885.4560749526945}, "Arbitrum": {"dPT-GLP-26SEP2024": 15113.595364562727, "PENDLE": 488833.17568064237, "JONES": 43.50127527135749, "dGLV [WETH-USDC]": 433031.14365554816, "dPT-ezETH-27JUN2024": 256.8116004228542, "dGM": 8358445.967845646, "dPT-wstETH-27JUN2024": 589.4523376669475, "dARB": 7394.775160417344, "ezETH": 35955.7925600852, "dPT-weETH-26DEC2024": 153.0748721936179, "WBTC": 4278462.315243515, "RDNT": 664.1181732069108, "dfsGLP": 7.900252655449166, "weETH": 2021645.1385101683, "GRAIL": 18003.6941520323, "rsETH": 371.7415642219587, "dPT-weETH-26SEP2024": 81.19852415077315, "XAI": 1280.7536429899612, "PREMIA": 2754.8211465055615, "MAGIC": 3175.2921303533326, "wstETH": 210155.9922218362, "dplvGLP": 136.33500999652261, "USDe": 1265.922199092857, "USDS": 3702.439835295704, "uniBTC": 153.04196095946716, "tBTC": 706.1411785205609, "dPT-weETH-27JUN2024": 665.2848517880947, "dGMX": 716675.9006459586, "dGLV [WBTC-USDC]": 506471.9467379879, "WETH": 5523648.579267577, "ARB": 231731.7870535479, "dPT-ezETH-26SEP2024": 3761.2320491259816, "dPT-weETH-25APR2024": 50.64822752788374, "USDC": 4388850.3868730115, "AAVE": 11769.660564471396, "dPT-rETH-26JUN2025": 5.911822414352113, "dPT-rsETH-26SEP2024": 976.5518474376593, "WOETH": 24.97146628364447, "DAI": 32842.077991299826, "sUSDS": 20.16098736074597, "rETH": 40430.147690838974, "LINK": 668962.0205278546, "UNI": 1035806.378839529, "GMX": 11987.7741851582, "USDT": 229241.63011548913, "MIM": 1407.0055173676037, "dPT-wstETH-26JUN2025": 30.311548883641855, "USDC.e": 122225.11026580627}, "Ethereum": {"rUSD": 5.119431816387696, "DOLO": 120433.25522897267, "WBTC": 1150452.1079674044, "LINK": 172.89818132952303, "srUSD": 764913.0735544447, "wstETH": 5240816.348780311, "stcUSD": 18503.458046033007, "USD1": 182229323.81753036, "sUSDe": 48880.497551696506, "USDC": 122205517.66428421, "WETH": 50122104.84141066, "cbBTC": 32866.28917350245, "cUSD": 25.178368731959797, "weETH": 34327045.48147319, "wsrUSD": 230.37266087996744, "CRV": 19968.520860997854, "mETH": 3563629.70548496, "WLFI": 389620363.14964867, "USDT": 201501.32411927878}, "Botanix": {"pBTC": 12146.42215193086, "oUSDT": 17.268456841796652, "USDC.e": 62757.10910831477, "WETH": 6.1025614950012566, "stBTC": 163949.2623248917}, "Mantle": {"USDC": 768.2853061370416, "USDT": 13718.522674883796, "dPT-mETH-26DEC2024": 309.52246629481795, "USDY": 411.9393359172096, "USDe": 167.3125182831131, "dWMNT": 2.2718200368860098, "WMNT": 9430.647890074275, "dPT-cmETH-13FEB2025": 306.3024933062199, "dPT-USDe-25JUL2024": 11.165079787422387, "FBTC": 1405.2801585787383, "WBTC": 838.9654608134188, "mETH": 44132.84111295963, "WETH": 3580.9649161337966, "dPT-sMNT-3OCT2024": 19.684338619022856, "cmETH": 6276.135126309989, "dPT-USDe-26DEC2024": 61.900056475485584}, "Polygon zkEVM": {"USDT": 396.5440259908066,