{"currentChainTvls": {"Berachain": 34497468.5985141, "Berachain-borrowed": 4084159.15569988, "Arbitrum": 21362856.257979073, "Arbitrum-borrowed": 8498686.255043, "Ethereum": 432125567.5789358, "Ethereum-borrowed": 290699406.4309749, "Botanix": 142178.03356026905, "Botanix-borrowed": 53523.75181760662, "Mantle": 68082.71144726829, "Mantle-borrowed": 12583.5911641676, "Polygon zkEVM": 7134.630963389269, "Polygon zkEVM-borrowed": 134.4725254795557, "X Layer": 922.6706865045943, "X Layer-borrowed": 179.70915740269163, "borrowed": 303348673.3663824}, "tokensInUsd": [{"tokens": {"WBTC": 6308046.409177471, "rUSD": 29229.02522392582, "DOLO": 512119.4632324875, "sWBERA": 291694.08141961857, "OHM": 19715.508106391895, "NECT": 16978.837620826172, "pumpBTC.bera": 1232.7918840818518, "sUSDe": 97182.53738600278, "sUSDa": 2.5650367756000048, "WETH": 57413194.96626701, "rsETH": 365.1709018566398, "SolvBTC": 34666.903371329296, "srUSD": 748236.6386661088, "USDC.e": 3874979.8239183943, "diBGT": 163458.58724779706, "USDe": 30062.31567618484, "pol-rUSD": 434.93348250532284, "eBTC": 388.1829359711704, "BYUSD": 82750.87171050045, "WBERA": 1150013.6743287905, "oriBGT": 435987.2116745613, "beraETH": 249520.06803233197, "USD\u20ae0": 614292.2148887052, "weETH": 38313171.029020675, "rswETH": 12142.842474967667, "SBTC": 11.494433640022791, "iBERA": 11891.06532118642, "IR": 102.07906244703334, "savUSD": 3282390.111558113, "ylstETH": 2.337739360987576, "HENLO": 55.400394587943005, "KDK": 2335.659809351997, "PT-iBGT-25DEC2025": 5.74123339162813, "uniBTC": 53617.93276982054, "SolvBTC.BBN": 114.81996974063138, "wgBERA": 1934.353536614149, "ylpumpBTC": 4.594793490004088, "ylBTCLST": 126.76393976105217, "STONE": 17894.804158573716, "LBTC": 32142.837287731254, "stBTC": 25862599.816499352, "HONEY": 261270.32997761722, "USDa": 2885.46376790037, "dPT-GLP-26SEP2024": 15113.595364562727, "PENDLE": 645581.2413526822, "JONES": 44.00771258680652, "dGLV [WETH-USDC]": 405848.1433000529, "dPT-ezETH-27JUN2024": 256.8116004228542, "dGM": 8463411.134014277, "dPT-wstETH-27JUN2024": 589.4523376669475, "dARB": 7394.775160417344, "ezETH": 37600.78492930501, "dPT-weETH-26DEC2024": 153.0748721936179, "RDNT": 950.2573938529857, "dfsGLP": 7.900252655449166, "GRAIL": 17430.51857696564, "dPT-weETH-26SEP2024": 81.19852415077315, "XAI": 1432.8245032691723, "PREMIA": 2754.8211465055615, "MAGIC": 2912.1335345562497, "wstETH": 211907.86875843283, "dplvGLP": 136.33500999652261, "USDS": 3712.4787521544463, "tBTC": 502.44306112350944, "dPT-weETH-27JUN2024": 665.2848517880947, "dGMX": 679203.6726323538, "dGLV [WBTC-USDC]": 565732.3659152378, "ARB": 242161.2255534363, "dPT-ezETH-26SEP2024": 3761.2320491259816, "dPT-weETH-25APR2024": 50.64822752788374, "USDC": 134907740.56343406, "AAVE": 11624.261810182637, "dPT-rETH-26JUN2025": 5.911822414352113, "dPT-rsETH-26SEP2024": 976.5518474376593, "WOETH": 24.97146628364447, "DAI": 32707.814673652538, "sUSDS": 30.437700610678704, "rETH": 40306.86936684483, "LINK": 634239.1516933509, "UNI": 1044056.2014778011, "GMX": 19302.91228292183, "USDT": 393189.0743542319, "MIM": 1404.0440161659901, "dPT-wstETH-26JUN2025": 30.311548883641855, "stcUSD": 14492.925073452903, "USD1": 187586353.82528526, "cbBTC": 31428.585477774133, "cUSD": 25.178368731959797, "wsrUSD": 230.37266087996744, "CRV": 19968.520860997854, "mETH": 3607801.974883243, "WLFI": 311936677.4549638, "pBTC": 12039.615499748495, "oUSDT": 17.15248969398468, "dPT-mETH-26DEC2024": 309.52246629481795, "USDY": 411.953455008837, "dWMNT": 2.2718200368860098, "WMNT": 9635.941736489533, "dPT-cmETH-13FEB2025": 306.3024933062199, "dPT-USDe-25JUL2024": 11.165079787422387, "FBTC": 1406.6279212633817, "dPT-sMNT-3OCT2024": 19.684338619022856, "cmETH": 5246.671014134116, "dPT-USDe-26DEC2024": 61.900056475485584, "POL": 24.37370165258883, "USDC.E": 1341.9329187198425, "MATIC": 412.57096720216725, "WOKB": 369.75811608119017}}], "chainTokensInUsd": {"Berachain": {"WBTC": 750928.4242127929, "rUSD": 29223.90579210943, "DOLO": 419955.2185743187, "sWBERA": 291694.08141961857, "OHM": 19715.508106391895, "NECT": 16978.837620826172, "pumpBTC.bera": 1232.7918840818518, "sUSDe": 48237.61322171314, "sUSDa": 2.5650367756000048, "WETH": 822304.6274355882, "rsETH": 8.10916864373367, "SolvBTC": 34666.903371329296, "srUSD": 6061.816418200125, "USDC.e": 3694311.2741787075, "diBGT": 163458.58724779706, "USDe": 28757.82669944649, "pol-rUSD": 434.93348250532284, "eBTC": 388.1829359711704, "BYUSD": 82750.87171050045, "WBERA": 1150013.6743287905, "oriBGT": 435987.2116745613, "beraETH": 249520.06803233197, "USD\u20ae0": 614292.2148887052, "weETH": 300154.0989831585, "rswETH": 12142.842474967667, "SBTC": 11.494433640022791, "iBERA": 11891.06532118642, "IR": 102.07906244703334, "savUSD": 3282390.111558113, "ylstETH": 2.337739360987576, "HENLO": 55.400394587943005, "KDK": 2335.659809351997, "PT-iBGT-25DEC2025": 5.74123339162813, "uniBTC": 53455.32392651944, "SolvBTC.BBN": 114.81996974063138, "wgBERA": 1934.353536614149, "ylpumpBTC": 4.594793490004088, "ylBTCLST": 126.76393976105217, "STONE": 17894.804158573716, "LBTC": 32142.837287731254, "stBTC": 25741782.384404123, "HONEY": 261270.32997761722, "USDa": 2885.46376790037}, "Arbitrum": {"dPT-GLP-26SEP2024": 15113.595364562727, "PENDLE": 645581.2413526822, "JONES": 44.00771258680652, "dGLV [WETH-USDC]": 405848.1433000529, "dPT-ezETH-27JUN2024": 256.8116004228542, "dGM": 8463411.134014277, "dPT-wstETH-27JUN2024": 589.4523376669475, "dARB": 7394.775160417344, "ezETH": 37600.78492930501, "dPT-weETH-26DEC2024": 153.0748721936179, "WBTC": 4693966.0867789835, "RDNT": 950.2573938529857, "dfsGLP": 7.900252655449166, "weETH": 1356210.6619790404, "GRAIL": 17430.51857696564, "rsETH": 357.0617332129061, "dPT-weETH-26SEP2024": 81.19852415077315, "XAI": 1432.8245032691723, "PREMIA": 2754.8211465055615, "MAGIC": 2912.1335345562497, "wstETH": 211907.86875843283, "dplvGLP": 136.33500999652261, "USDe": 1267.7080667065236, "USDS": 3712.4787521544463, "uniBTC": 162.608843301096, "tBTC": 502.44306112350944, "dPT-weETH-27JUN2024": 665.2848517880947, "dGMX": 679203.6726323538, "dGLV [WBTC-USDC]": 565732.3659152378, "WETH": 6024980.136713793, "ARB": 242161.2255534363, "dPT-ezETH-26SEP2024": 3761.2320491259816, "dPT-weETH-25APR2024": 50.64822752788374, "USDC": 4319629.379217072, "AAVE": 11624.261810182637, "dPT-rETH-26JUN2025": 5.911822414352113, "dPT-rsETH-26SEP2024": 976.5518474376593, "WOETH": 24.97146628364447, "DAI": 32500.685582726062, "sUSDS": 30.437700610678704, "rETH": 40306.86936684483, "LINK": 634182.7014059714, "UNI": 1044056.2014778011, "GMX": 19302.91228292183, "USDT": 253279.71296644278, "MIM": 1404.0440161659901, "dPT-wstETH-26JUN2025": 30.311548883641855, "USDC.e": 117847.06700797833}, "Ethereum": {"rUSD": 5.119431816387696, "DOLO": 92164.2446581688, "WBTC": 862311.2024478773, "LINK": 56.450287379460676, "srUSD": 742174.8222479087, "stcUSD": 14492.925073452903, "USD1": 187586353.82528526, "sUSDe": 48944.924164289645, "USDC": 130587288.30134335, "WETH": 50556797.66020974, "cbBTC": 31428.585477774133, "cUSD": 25.178368731959797, "weETH": 36656806.26805848, "wsrUSD": 230.37266087996744, "CRV": 19968.520860997854, "mETH": 3563629.70548496, "WLFI": 311936677.4549638, "USDT": 125618.448885759}, "Botanix": {"pBTC": 12039.615499748495, "oUSDT": 17.15248969398468, "USDC.e": 62821.48273170842, "WETH": 6.1025614950012566, "stBTC": 120817.43209522976}, "Mantle": {"USDC": 768.4251367478689, "USDT": 13732.905923972801, "dPT-mETH-26DEC2024": 309.52246629481795, "USDY": 411.953455008837, "USDe": 36.78091003182738, "dWMNT": 2.2718200368860098, "WMNT": 9635.941736489533, "dPT-cmETH-13FEB2025": 306.3024933062199, "dPT-USDe-25JUL2024": 11.165079787422387, "FBTC": 1406.6279212633817, "WBTC": 838.9654608134188, "mETH": 44172.26939828279, "WETH": 3704.9154001714737, "dPT-sMNT-3OCT2024": 19.684338619022856, "cmETH": 5246.671014134116, "dPT-USDe-26DEC2024": 61.900056475485584}, "Polygon zkEVM": {"USDT": 396.5440259908066, "POL": 24.37370165258883,