{"currentChainTvls": {"Berachain": 36178276.36621212, "Berachain-borrowed": 5045567.234339128, "Ethereum": 501453399.8828158, "Ethereum-borrowed": 294178306.0388754, "Mantle": 78580.26876431142, "Mantle-borrowed": 13167.405853323246, "Polygon zkEVM": 7134.630963389269, "Polygon zkEVM-borrowed": 134.4725254795557, "X Layer": 922.6706865045943, "X Layer-borrowed": 179.70915740269163, "borrowed": 299237354.86075073}, "tokensInUsd": [{"tokens": {"WBTC": 3296580.263692314, "rUSD": 32417.755673465253, "DOLO": 560654.2292733112, "sWBERA": 334284.906515537, "OHM": 95655.7695838804, "NECT": 16983.198256992353, "pumpBTC.bera": 1937.1623030950357, "sUSDe": 49955.781332999315, "sUSDa": 2.5650367756000048, "WETH": 52342598.27939335, "rsETH": 7.73323371733219, "SolvBTC": 31755.530833784633, "srUSD": 882822.0587785727, "USDC.e": 4301574.10996887, "diBGT": 195106.08106842687, "USDe": 30752.833139330272, "pol-rUSD": 434.93348250532284, "eBTC": 388.1829359711704, "BYUSD": 80457.22418404857, "WBERA": 1408733.0904907126, "oriBGT": 475713.29017815506, "beraETH": 233966.048735845, "USD\u20ae0": 830568.7169464171, "weETH": 15381027.783016983, "rswETH": 12142.842474967667, "SBTC": 11.494433640022791, "iBERA": 13482.506714470495, "IR": 98.27181381880946, "savUSD": 4200059.659437781, "ylstETH": 2.337739360987576, "HENLO": 112.62532919316604, "KDK": 2335.659809351997, "PT-iBGT-25DEC2025": 5.74123339162813, "uniBTC": 47655.69206536822, "SolvBTC.BBN": 114.81996974063138, "wgBERA": 1934.353536614149, "ylpumpBTC": 4.594793490004088, "ylBTCLST": 126.76393976105217, "STONE": 15086.672426046065, "LBTC": 30592.98628290208, "stBTC": 25741782.384404123, "HONEY": 473060.26318754675, "USDa": 2885.428644735636, "LINK": 8899.17139265849, "wstETH": 6327244.159599363, "stcUSD": 19910.53279045335, "USD1": 192242595.3649118, "USDC": 121158010.99202389, "cbBTC": 31537.326742547997, "cUSD": 25.178368731959797, "wsrUSD": 230.37266087996744, "CRV": 21399.712633912775, "mETH": 3517736.76798732, "WLFI": 402178146.1033056, "USDT": 302683.3333018177, "dPT-mETH-26DEC2024": 309.52246629481795, "USDY": 411.85044455836885, "dWMNT": 2.2718200368860098, "WMNT": 9770.967352923224, "dPT-cmETH-13FEB2025": 306.3024933062199, "dPT-USDe-25JUL2024": 11.165079787422387, "FBTC": 1646.1963952750352, "dPT-sMNT-3OCT2024": 19.684338619022856, "cmETH": 6481.412940723546, "dPT-USDe-26DEC2024": 61.900056475485584, "POL": 24.37370165258883, "USDC.E": 1341.9329187198425, "MATIC": 412.57096720216725, "DAI": 207.12909092647467, "WOKB": 369.75811608119017}}], "chainTokensInUsd": {"Berachain": {"WBTC": 1033291.4770454151, "rUSD": 32141.145646812645, "DOLO": 430786.28751002776, "sWBERA": 334284.906515537, "OHM": 95655.7695838804, "NECT": 16983.198256992353, "pumpBTC.bera": 1937.1623030950357, "sUSDe": 49388.12907277886, "sUSDa": 2.5650367756000048, "WETH": 802501.9201256379, "rsETH": 7.73323371733219, "SolvBTC": 31755.530833784633, "srUSD": 6032.680525010295, "USDC.e": 4301574.10996887, "diBGT": 195106.08106842687, "USDe": 30568.29927744587, "pol-rUSD": 434.93348250532284, "eBTC": 388.1829359711704, "BYUSD": 80457.22418404857, "WBERA": 1408733.0904907126, "oriBGT": 475713.29017815506, "beraETH": 233966.048735845, "USD\u20ae0": 830568.7169464171, "weETH": 290070.0193570717, "rswETH": 12142.842474967667, "SBTC": 11.494433640022791, "iBERA": 13482.506714470495, "IR": 98.27181381880946, "savUSD": 4200059.659437781, "ylstETH": 2.337739360987576, "HENLO": 112.62532919316604, "KDK": 2335.659809351997, "PT-iBGT-25DEC2025": 5.74123339162813, "uniBTC": 47655.69206536822, "SolvBTC.BBN": 114.81996974063138, "wgBERA": 1934.353536614149, "ylpumpBTC": 4.594793490004088, "ylBTCLST": 126.76393976105217, "STONE": 15086.672426046065, "LBTC": 30592.98628290208, "stBTC": 25741782.384404123, "HONEY": 473060.26318754675, "USDa": 2885.428644735636}, "Ethereum": {"rUSD": 276.6100266526082, "DOLO": 129867.94176328341, "WBTC": 2262448.0909090815, "LINK": 8899.17139265849, "srUSD": 876789.3782535624, "wstETH": 6327244.159599363, "stcUSD": 19910.53279045335, "USD1": 192242595.3649118, "sUSDe": 567.652260220454, "USDC": 121157188.7477347, "WETH": 51530861.62332327, "cbBTC": 31537.326742547997, "cUSD": 25.178368731959797, "weETH": 15090957.763659911, "wsrUSD": 230.37266087996744, "CRV": 21399.712633912775, "mETH": 3464311.659917466, "WLFI": 402178146.1033056, "USDT": 288448.5314371696}, "Mantle": {"USDC": 767.7865522778284, "USDT": 13676.795286590837, "dPT-mETH-26DEC2024": 309.52246629481795, "USDY": 411.85044455836885, "USDe": 184.5338618844023, "dWMNT": 2.2718200368860098, "WMNT": 9770.967352923224, "dPT-cmETH-13FEB2025": 306.3024933062199, "dPT-USDe-25JUL2024": 11.165079787422387, "FBTC": 1646.1963952750352, "WBTC": 838.9654608134188, "mETH": 53425.108069854345, "WETH": 3833.211998213826, "dPT-sMNT-3OCT2024": 19.684338619022856, "cmETH": 6481.412940723546, "dPT-USDe-26DEC2024": 61.900056475485584}, "Polygon zkEVM": {"USDT": 396.5440259908066, "POL": 24.37370165258883, "USDC.E": 1341.9329187198425, "WETH": 4884.822507373056, "MATIC": 412.57096720216725, "DAI": 207.12909092647467, "WBTC": 1.7302770038885988}, "X Layer": {"USDT": 161.46255206648038, "WETH": 516.7014388535599, "USDC": 54.457736906055366, "WOKB": 369.75811608119017}}, "supplyLiquidity": 836955668.6801927, "totalTvl": 537718313.819442, "totalBorrowed": 299237354.86075073, "last_updated": "2026-04-11T03:02:14Z"}