{"currentChainTvls": {"Berachain": 35570351.394352034, "Berachain-borrowed": 4901781.013570521, "Arbitrum": 20014900.817176215, "Arbitrum-borrowed": 9384905.178580243, "Ethereum": 464792387.8060671, "Ethereum-borrowed": 297532847.80241036, "Botanix": 160234.26468472922, "Botanix-borrowed": 57108.09460164142, "Mantle": 68958.76254111607, "Mantle-borrowed": 12867.719975641536, "Polygon zkEVM": 7134.630963389269, "Polygon zkEVM-borrowed": 134.4725254795557, "X Layer": 922.6706865045943, "X Layer-borrowed": 179.70915740269163, "borrowed": 311889823.9908213}, "tokensInUsd": [{"tokens": {"WBTC": 6521122.891909421, "rUSD": 31836.60761562398, "DOLO": 537627.7596803792, "sWBERA": 319926.96447510406, "OHM": 18098.874653545976, "NECT": 16977.05980684458, "pumpBTC.bera": 1232.7918840818518, "sUSDe": 97082.55292943245, "sUSDa": 2.5650367756000048, "WETH": 56209450.926866435, "rsETH": 366.01062601788595, "SolvBTC": 33797.82008594675, "srUSD": 769409.4119440919, "USDC.e": 4392122.182162014, "diBGT": 171356.1688957366, "USDe": 30030.10721563451, "pol-rUSD": 434.93348250532284, "eBTC": 388.1829359711704, "BYUSD": 80202.9196311381, "WBERA": 1274611.0993719867, "oriBGT": 448165.61016180814, "beraETH": 247991.2712075249, "USD\u20ae0": 614064.8746216181, "weETH": 31008379.584426902, "rswETH": 12142.842474967667, "SBTC": 11.494433640022791, "iBERA": 12789.205353483962, "IR": 112.29056132803387, "savUSD": 4151313.6482202257, "ylstETH": 2.337739360987576, "HENLO": 55.400394587943005, "KDK": 2335.659809351997, "PT-iBGT-25DEC2025": 5.74123339162813, "uniBTC": 52035.53666164224, "SolvBTC.BBN": 114.81996974063138, "wgBERA": 1934.353536614149, "ylpumpBTC": 4.594793490004088, "ylBTCLST": 126.76393976105217, "STONE": 18216.173082853136, "LBTC": 32142.837287731254, "stBTC": 25884326.732733898, "HONEY": 378787.6688297065, "USDa": 2885.4560749526945, "dPT-GLP-26SEP2024": 15113.595364562727, "PENDLE": 486636.4413174652, "JONES": 44.00771258680652, "dGLV [WETH-USDC]": 434166.82472722925, "dPT-ezETH-27JUN2024": 256.8116004228542, "dGM": 8374425.269964009, "dPT-wstETH-27JUN2024": 589.4523376669475, "dARB": 7394.775160417344, "ezETH": 40139.65751987984, "dPT-weETH-26DEC2024": 153.0748721936179, "RDNT": 655.8677604814927, "dfsGLP": 7.900252655449166, "GRAIL": 19191.81914164878, "dPT-weETH-26SEP2024": 81.19852415077315, "XAI": 1320.0131505334718, "PREMIA": 2754.8211465055615, "MAGIC": 3231.033790553978, "wstETH": 4354433.24661039, "dplvGLP": 136.33500999652261, "USDS": 3701.6683003444755, "tBTC": 1541.429172177277, "dPT-weETH-27JUN2024": 665.2848517880947, "dGMX": 719436.8477674226, "dGLV [WBTC-USDC]": 506482.3349153451, "ARB": 236145.20683664724, "dPT-ezETH-26SEP2024": 3761.2320491259816, "dPT-weETH-25APR2024": 50.64822752788374, "USDC": 123783667.97906853, "AAVE": 12317.904611109498, "dPT-rETH-26JUN2025": 5.911822414352113, "dPT-rsETH-26SEP2024": 976.5518474376593, "WOETH": 24.97146628364447, "DAI": 33050.378465200534, "sUSDS": 20.16098736074597, "rETH": 40559.37196174919, "LINK": 673116.0936841818, "UNI": 1031265.540341006, "GMX": 11864.401184946331, "USDT": 425514.2266556282, "MIM": 1404.1610913344077, "dPT-wstETH-26JUN2025": 30.311548883641855, "stcUSD": 18503.458046033007, "USD1": 175947564.75164747, "cbBTC": 30328.566720294017, "cUSD": 25.178368731959797, "wsrUSD": 230.37266087996744, "CRV": 19968.520860997854, "mETH": 3607808.2840324445, "WLFI": 378247054.22497505, "pBTC": 11986.164977707387, "oUSDT": 17.268456841796652, "dPT-mETH-26DEC2024": 309.52246629481795, "USDY": 411.953455008837, "dWMNT": 2.2718200368860098, "WMNT": 9915.85650804328, "dPT-cmETH-13FEB2025": 306.3024933062199, "dPT-USDe-25JUL2024": 11.165079787422387, "FBTC": 1406.6279212633817, "dPT-sMNT-3OCT2024": 19.684338619022856, "cmETH": 6276.135126309989, "dPT-USDe-26DEC2024": 61.900056475485584, "POL": 24.37370165258883, "USDC.E": 1341.9329187198425, "MATIC": 412.57096720216725, "WOKB": 369.75811608119017}}], "chainTokensInUsd": {"Berachain": {"WBTC": 988482.8166525401, "rUSD": 31831.488183807593, "DOLO": 428971.4288725625, "sWBERA": 319926.96447510406, "OHM": 18098.874653545976, "NECT": 16977.05980684458, "pumpBTC.bera": 1232.7918840818518, "sUSDe": 48202.055377735946, "sUSDa": 2.5650367756000048, "WETH": 800933.0772254214, "rsETH": 7.73323371733219, "SolvBTC": 33797.82008594675, "srUSD": 6058.706952254945, "USDC.e": 4206906.936579509, "diBGT": 171356.1688957366, "USDe": 28729.122799085504, "pol-rUSD": 434.93348250532284, "eBTC": 388.1829359711704, "BYUSD": 80202.9196311381, "WBERA": 1274611.0993719867, "oriBGT": 448165.61016180814, "beraETH": 247991.2712075249, "USD\u20ae0": 614064.8746216181, "weETH": 298115.6129025523, "rswETH": 12142.842474967667, "SBTC": 11.494433640022791, "iBERA": 12789.205353483962, "IR": 112.29056132803387, "savUSD": 4151313.6482202257, "ylstETH": 2.337739360987576, "HENLO": 55.400394587943005, "KDK": 2335.659809351997, "PT-iBGT-25DEC2025": 5.74123339162813, "uniBTC": 51878.62075346951, "SolvBTC.BBN": 114.81996974063138, "wgBERA": 1934.353536614149, "ylpumpBTC": 4.594793490004088, "ylBTCLST": 126.76393976105217, "STONE": 18216.173082853136, "LBTC": 32142.837287731254, "stBTC": 25741782.384404123, "HONEY": 378787.6688297065, "USDa": 2885.4560749526945}, "Arbitrum": {"dPT-GLP-26SEP2024": 15113.595364562727, "PENDLE": 486636.4413174652, "JONES": 44.00771258680652, "dGLV [WETH-USDC]": 434166.82472722925, "dPT-ezETH-27JUN2024": 256.8116004228542, "dGM": 8374425.269964009, "dPT-wstETH-27JUN2024": 589.4523376669475, "dARB": 7394.775160417344, "ezETH": 40139.65751987984, "dPT-weETH-26DEC2024": 153.0748721936179, "WBTC": 4326798.305577649, "RDNT": 655.8677604814927, "dfsGLP": 7.900252655449166, "weETH": 2333687.6481475285, "GRAIL": 19191.81914164878, "rsETH": 358.27739230055374, "dPT-weETH-26SEP2024": 81.19852415077315, "XAI": 1320.0131505334718, "PREMIA": 2754.8211465055615, "MAGIC": 3231.033790553978, "wstETH": 210137.4878431014, "dplvGLP": 136.33500999652261, "USDe": 1265.922199092857, "USDS": 3701.6683003444755, "uniBTC": 156.91590817272763, "tBTC": 1541.429172177277, "dPT-weETH-27JUN2024": 665.2848517880947, "dGMX": 719436.8477674226, "dGLV [WBTC-USDC]": 506482.3349153451, "WETH": 5524281.273404782, "ARB": 236145.20683664724, "dPT-ezETH-26SEP2024": 3761.2320491259816, "dPT-weETH-25APR2024": 50.64822752788374, "USDC": 4001282.131756345, "AAVE": 12317.904611109498, "dPT-rETH-26JUN2025": 5.911822414352113, "dPT-rsETH-26SEP2024": 976.5518474376593, "WOETH": 24.97146628364447, "DAI": 32843.24937427406, "sUSDS": 20.16098736074597, "rETH": 40559.37196174919, "LINK": 672943.1955028523, "UNI": 1031265.540341006, "GMX": 11864.401184946331, "USDT": 217071.97969254164, "MIM": 1404.1610913344077, "dPT-wstETH-26JUN2025": 30.311548883641855, "USDC.e": 122426.77062195196}, "Ethereum": {"rUSD": 5.119431816387696, "DOLO": 108656.33080781675, "WBTC": 1205001.0739414152, "LINK": 172.89818132952303, "srUSD": 763350.7049918369, "wstETH": 4144295.758767288, "stcUSD": 18503.458046033007, "USD1": 175947564.75164747, "sUSDe": 48880.497551696506, "USDC": 119781563.10426913, "WETH": 49875264.63652126, "cbBTC": 30328.566720294017, "cUSD": 25.178368731959797, "weETH": 28376576.32337682, "wsrUSD": 230.37266087996744, "CRV": 19968.520860997854, "mETH": 3563629.70548496, "WLFI": 378247054.22497505, "USDT": 194164.38187256243}, "Botanix": {"pBTC": 11986.164977707387, "oUSDT": 17.268456841796652, "USDC.e": 62788.47496055326, "WETH": 6.1025614950012566, "stBTC": 142544.34832977317}, "Mantle": {"USDC": 768.2853061370416, "USDT": 13719.858512466775, "dPT-mETH-26DEC2024": 309.52246629481795, "USDY": 411.953455008837, "USDe": 35.062217456149604, "dWMNT": 2.2718200368860098, "WMNT": 9915.85650804328, "dPT-cmETH-13FEB2025": 306.3024933062199, "dPT-USDe-25JUL2024": 11.165079787422387, "FBTC": 1406.6279212633817, "WBTC": 838.9654608134188, "mETH": 44178.57854748403, "WETH": 3564.3132072548665, "dPT-sMNT-3OCT2024": 19.684338619022856, "cmETH": 6276.135126309989, "dPT-USDe-26DEC2024": 61.900056475485584},