{"currentChainTvls": {"Berachain": 34512673.13725938, "Berachain-borrowed": 4081784.58278422, "Arbitrum": 21066495.430422686, "Arbitrum-borrowed": 8974332.860102803, "Ethereum": 376389670.6849245, "Ethereum-borrowed": 290173624.3948567, "Botanix": 139698.01302333074, "Botanix-borrowed": 53497.8786166473, "Mantle": 66638.45391069, "Mantle-borrowed": 12499.909411180653, "Polygon zkEVM": 7134.630963389269, "Polygon zkEVM-borrowed": 134.4725254795557, "X Layer": 922.6706865045943, "X Layer-borrowed": 179.70915740269163, "borrowed": 303296053.8074544}, "tokensInUsd": [{"tokens": {"WBTC": 6145371.127089633, "rUSD": 31636.4924294279, "DOLO": 493703.83753039036, "sWBERA": 304871.9102846297, "OHM": 19798.48344088328, "NECT": 16978.28871409444, "pumpBTC.bera": 1232.7918840818518, "sUSDe": 97149.33216854442, "sUSDa": 2.5650367756000048, "WETH": 56199390.46204193, "rsETH": 365.1709018566398, "SolvBTC": 33560.34875205471, "srUSD": 747995.7970838033, "USDC.e": 3876301.255992985, "diBGT": 166468.4880376455, "USDe": 30042.250531321664, "pol-rUSD": 434.93348250532284, "eBTC": 388.1829359711704, "BYUSD": 81566.09243668102, "WBERA": 1177781.217117101, "oriBGT": 442485.42927292787, "beraETH": 249520.06803233197, "USD\u20ae0": 619242.7990250589, "weETH": 35296331.0871402, "rswETH": 12142.842474967667, "SBTC": 11.494433640022791, "iBERA": 12152.630082968653, "IR": 108.97792491155258, "savUSD": 3282390.111558113, "ylstETH": 2.337739360987576, "HENLO": 55.400394587943005, "KDK": 2335.659809351997, "PT-iBGT-25DEC2025": 5.74123339162813, "uniBTC": 54158.33648035846, "SolvBTC.BBN": 114.81996974063138, "wgBERA": 1934.353536614149, "ylpumpBTC": 4.594793490004088, "ylBTCLST": 126.76393976105217, "STONE": 17894.804158573716, "LBTC": 32142.837287731254, "stBTC": 25860220.650055133, "HONEY": 256280.8429033195, "USDa": 2885.46376790037, "dPT-GLP-26SEP2024": 15113.595364562727, "PENDLE": 597676.1047378147, "JONES": 44.00771258680652, "dGLV [WETH-USDC]": 406988.29960274766, "dPT-ezETH-27JUN2024": 256.8116004228542, "dGM": 8341686.179338418, "dPT-wstETH-27JUN2024": 589.4523376669475, "dARB": 7394.775160417344, "ezETH": 39418.40301100997, "dPT-weETH-26DEC2024": 153.0748721936179, "RDNT": 932.4420508778559, "dfsGLP": 7.900252655449166, "GRAIL": 17539.557466499657, "dPT-weETH-26SEP2024": 81.19852415077315, "XAI": 1355.1372362048442, "PREMIA": 2754.8211465055615, "MAGIC": 2889.6475001234994, "wstETH": 2416675.480481358, "dplvGLP": 136.33500999652261, "USDS": 3712.4787521544463, "tBTC": 502.44306112350944, "dPT-weETH-27JUN2024": 665.2848517880947, "dGMX": 750937.694396741, "dGLV [WBTC-USDC]": 553946.5267973245, "ARB": 293213.36991845415, "dPT-ezETH-26SEP2024": 3761.2320491259816, "dPT-weETH-25APR2024": 50.64822752788374, "USDC": 126997157.94154456, "AAVE": 11568.441308261778, "dPT-rETH-26JUN2025": 5.911822414352113, "dPT-rsETH-26SEP2024": 976.5518474376593, "WOETH": 24.97146628364447, "DAI": 32895.41358522568, "sUSDS": 30.437700610678704, "rETH": 40069.2933523974, "LINK": 620685.0946931503, "UNI": 1019294.0115489633, "GMX": 12401.407882140165, "USDT": 394867.77733958384, "MIM": 1403.22301004169, "dPT-wstETH-26JUN2025": 30.311548883641855, "stcUSD": 14492.925073452903, "USD1": 180526195.05233923, "cbBTC": 29844.29837848631, "cUSD": 25.178368731959797, "wsrUSD": 230.37266087996744, "CRV": 19968.520860997854, "mETH": 3606577.509118812, "WLFI": 273093082.6522604, "pBTC": 11912.772238924486, "oUSDT": 17.268456841796652, "dPT-mETH-26DEC2024": 309.52246629481795, "USDY": 411.953455008837, "dWMNT": 2.2718200368860098, "WMNT": 9499.491911874302, "dPT-cmETH-13FEB2025": 306.3024933062199, "dPT-USDe-25JUL2024": 11.165079787422387, "FBTC": 1406.6279212633817, "dPT-sMNT-3OCT2024": 19.684338619022856, "cmETH": 5281.9596246580695, "dPT-USDe-26DEC2024": 61.900056475485584, "POL": 24.37370165258883, "USDC.E": 1341.9329187198425, "MATIC": 412.57096720216725, "WOKB": 369.75811608119017}}], "chainTokensInUsd": {"Berachain": {"WBTC": 761655.2202411799, "rUSD": 31631.372997611514, "DOLO": 402295.86344377504, "sWBERA": 304871.9102846297, "OHM": 19798.48344088328, "NECT": 16978.28871409444, "pumpBTC.bera": 1232.7918840818518, "sUSDe": 48217.770761646585, "sUSDa": 2.5650367756000048, "WETH": 799968.6871191378, "rsETH": 8.10916864373367, "SolvBTC": 33560.34875205471, "srUSD": 6061.816418200125, "USDC.e": 3693764.5813289583, "diBGT": 166468.4880376455, "USDe": 28740.30564689669, "pol-rUSD": 434.93348250532284, "eBTC": 388.1829359711704, "BYUSD": 81566.09243668102, "WBERA": 1177781.217117101, "oriBGT": 442485.42927292787, "beraETH": 249520.06803233197, "USD\u20ae0": 619242.7990250589, "weETH": 291406.56328049436, "rswETH": 12142.842474967667, "SBTC": 11.494433640022791, "iBERA": 12152.630082968653, "IR": 108.97792491155258, "savUSD": 3282390.111558113, "ylstETH": 2.337739360987576, "HENLO": 55.400394587943005, "KDK": 2335.659809351997, "PT-iBGT-25DEC2025": 5.74123339162813, "uniBTC": 54003.77077177241, "SolvBTC.BBN": 114.81996974063138, "wgBERA": 1934.353536614149, "ylpumpBTC": 4.594793490004088, "ylBTCLST": 126.76393976105217, "STONE": 17894.804158573716, "LBTC": 32142.837287731254, "stBTC": 25741782.384404123, "HONEY": 256280.8429033195, "USDa": 2885.46376790037}, "Arbitrum": {"dPT-GLP-26SEP2024": 15113.595364562727, "PENDLE": 597676.1047378147, "JONES": 44.00771258680652, "dGLV [WETH-USDC]": 406988.29960274766, "dPT-ezETH-27JUN2024": 256.8116004228542, "dGM": 8341686.179338418, "dPT-wstETH-27JUN2024": 589.4523376669475, "dARB": 7394.775160417344, "ezETH": 39418.40301100997, "dPT-weETH-26DEC2024": 153.0748721936179, "WBTC": 4494585.45636943, "RDNT": 932.4420508778559, "dfsGLP": 7.900252655449166, "weETH": 2030506.2516310392, "GRAIL": 17539.557466499657, "rsETH": 357.0617332129061, "dPT-weETH-26SEP2024": 81.19852415077315, "XAI": 1355.1372362048442, "PREMIA": 2754.8211465055615, "MAGIC": 2889.6475001234994, "wstETH": 209248.10754178822, "dplvGLP": 136.33500999652261, "USDe": 1266.8826669688228, "USDS": 3712.4787521544463, "uniBTC": 154.56570858604996, "tBTC": 502.44306112350944, "dPT-weETH-27JUN2024": 665.2848517880947, "dGMX": 750937.694396741, "dGLV [WBTC-USDC]": 553946.5267973245, "WETH": 5886466.952157181, "ARB": 293213.36991845415, "dPT-ezETH-26SEP2024": 3761.2320491259816, "dPT-weETH-25APR2024": 50.64822752788374, "USDC": 4275092.398333673, "AAVE": 11568.441308261778, "dPT-rETH-26JUN2025": 5.911822414352113, "dPT-rsETH-26SEP2024": 976.5518474376593, "WOETH": 24.97146628364447, "DAI": 32688.28449429921, "sUSDS": 30.437700610678704, "rETH": 40069.2933523974, "LINK": 619087.7408938713, "UNI": 1019294.0115489633, "GMX": 12401.407882140165, "USDT": 244047.41459659024, "MIM": 1403.22301004169, "dPT-wstETH-26JUN2025": 30.311548883641855, "USDC.e": 119715.19193231828}, "Ethereum": {"rUSD": 5.119431816387696, "DOLO": 91407.9740866153, "WBTC": 888289.7547412057, "LINK": 1597.3537992789393, "srUSD": 741933.9806656032, "wstETH": 2207427.3729395694, "stcUSD": 14492.925073452903, "USD1": 180526195.05233923, "sUSDe": 48931.56140689784, "USDC": 122721242.72481325, "WETH": 49504035.612697065, "cbBTC": 29844.29837848631, "cUSD": 25.178368731959797, "weETH": 32974418.27222867, "wsrUSD": 230.37266087996744, "CRV": 19968.520860997854, "mETH": 3563629.70548496, "WLFI": 273093082.6522604, "USDT": 136536.64754407355}, "Botanix": {"pBTC": 11912.772238924486, "oUSDT": 17.268456841796652, "USDC.e": 62821.48273170842, "WETH": 6.1025614950012566, "stBTC": 118438.26565100832}, "Mantle": {"USDC": 768.3606607376573, "USDT": 13725.708620862746, "dPT-mETH-26DEC2024": 309.52246629481795, "USDY": 411.953455008837, "USDe": 35.062217456149604, "dWMNT": 2.2718200368860098, "WMNT": 9499.491911874302, "dPT-cmETH-13FEB2025": 306.3024933062199, "dPT-USDe-25JUL2024": 11.165079787422387, "FBTC": 1406.6279212633817, "WBTC": 838.9654608134188, "mETH": 42947.80363385171, "WETH": 3511.5835608245397, "dPT-sMNT-3OCT2024": 19.684338619022856, "cmETH": 5281.9596246580695, "dPT-USDe-26DEC2024": 61.900056475485584}, "Polygon zkEVM": {"USDT": 396.5440259908066,