{"currentChainTvls": {"Berachain": 35727723.261975504, "Berachain-borrowed": 4909724.966589217, "Arbitrum": 16187498.313489463, "Arbitrum-borrowed": 7922299.419411072, "Ethereum": 471066736.1580225, "Ethereum-borrowed": 305028841.32765496, "Mantle": 68411.74831757616, "Mantle-borrowed": 13134.494957124458, "Polygon zkEVM": 7134.630963389269, "Polygon zkEVM-borrowed": 134.4725254795557, "X Layer": 922.6706865045943, "X Layer-borrowed": 179.70915740269163, "borrowed": 317874314.39029527}, "tokensInUsd": [{"tokens": {"WBTC": 4958440.678079143, "rUSD": 31821.072358147176, "DOLO": 541762.0653024662, "sWBERA": 320703.63079397083, "OHM": 16561.721938950523, "NECT": 16976.32321541911, "pumpBTC.bera": 1232.7918840818518, "sUSDe": 48758.76434920648, "sUSDa": 2.5650367756000048, "WETH": 55646909.788497776, "rsETH": 364.4101264064965, "SolvBTC": 33132.45787630294, "srUSD": 772194.1738962183, "USDC.e": 4310363.557557484, "diBGT": 175305.85459833735, "USDe": 30147.309939443454, "pol-rUSD": 434.93348250532284, "eBTC": 388.1829359711704, "BYUSD": 84291.0758657334, "WBERA": 1377558.1078628711, "oriBGT": 466225.78273588826, "beraETH": 249755.7314413657, "USD\u20ae0": 612062.7988966493, "weETH": 36592755.20457973, "rswETH": 12142.842474967667, "SBTC": 11.494433640022791, "iBERA": 13172.194653863378, "IR": 141.8529064488065, "savUSD": 4151313.6482202257, "ylstETH": 2.337739360987576, "HENLO": 55.400394587943005, "KDK": 2335.659809351997, "PT-iBGT-25DEC2025": 5.74123339162813, "uniBTC": 52031.66271442898, "SolvBTC.BBN": 114.81996974063138, "wgBERA": 1934.353536614149, "ylpumpBTC": 4.594793490004088, "ylBTCLST": 126.76393976105217, "STONE": 18216.173082853136, "LBTC": 32142.837287731254, "stBTC": 25741782.384404123, "HONEY": 438102.05201206205, "USDa": 2885.452850027319, "dPT-GLP-26SEP2024": 15113.595364562727, "PENDLE": 524423.9784614948, "JONES": 43.50127527135749, "dGLV [WETH-USDC]": 433156.46272819606, "dPT-ezETH-27JUN2024": 256.8116004228542, "dGM": 8674371.520350829, "dPT-wstETH-27JUN2024": 589.4523376669475, "dARB": 7394.775160417344, "ezETH": 35858.446084977484, "dPT-weETH-26DEC2024": 153.0748721936179, "RDNT": 668.9898918038934, "dfsGLP": 7.900252655449166, "GRAIL": 18085.1927815396, "dPT-weETH-26SEP2024": 81.19852415077315, "XAI": 1340.6679425334235, "PREMIA": 2754.8211465055615, "MAGIC": 3175.2921303533326, "wstETH": 6212466.831279911, "dplvGLP": 136.33500999652261, "USDS": 3702.439835295704, "tBTC": 687.0781800109787, "dPT-weETH-27JUN2024": 665.2848517880947, "dGMX": 632630.2447555345, "dGLV [WBTC-USDC]": 496092.89350414777, "ARB": 230554.57544570472, "dPT-ezETH-26SEP2024": 3761.2320491259816, "dPT-weETH-25APR2024": 50.64822752788374, "USDC": 119936648.87860088, "AAVE": 11769.660564471396, "dPT-rETH-26JUN2025": 5.911822414352113, "dPT-rsETH-26SEP2024": 976.5518474376593, "WOETH": 24.97146628364447, "DAI": 33060.498771927916, "sUSDS": 20.16098736074597, "rETH": 40710.42676562059, "LINK": 674949.2155534091, "UNI": 1030660.6873749528, "GMX": 11592.036775079163, "USDT": 681780.5552578248, "MIM": 1406.648664351412, "dPT-wstETH-26JUN2025": 30.311548883641855, "stcUSD": 18503.458046033007, "USD1": 166917567.46003392, "cbBTC": 31569.960668033036, "cUSD": 25.178368731959797, "wsrUSD": 230.37266087996744, "CRV": 19968.520860997854, "mETH": 3519176.4351448086, "WLFI": 393928310.28367484, "dPT-mETH-26DEC2024": 309.52246629481795, "USDY": 411.85044455836885, "dWMNT": 2.2718200368860098, "WMNT": 9409.165625011658, "dPT-cmETH-13FEB2025": 306.3024933062199, "dPT-USDe-25JUL2024": 11.165079787422387, "FBTC": 1434.493367647839, "dPT-sMNT-3OCT2024": 19.684338619022856, "cmETH": 6743.503143625543, "dPT-USDe-26DEC2024": 61.900056475485584, "POL": 24.37370165258883, "USDC.E": 1341.9329187198425, "MATIC": 412.57096720216725, "WOKB": 369.75811608119017}}], "chainTokensInUsd": {"Berachain": {"WBTC": 962845.2566482254, "rUSD": 31815.95292633079, "DOLO": 430196.5025283276, "sWBERA": 320703.63079397083, "OHM": 16561.721938950523, "NECT": 16976.32321541911, "pumpBTC.bera": 1232.7918840818518, "sUSDe": 48191.5261157668, "sUSDa": 2.5650367756000048, "WETH": 817941.5806322306, "rsETH": 7.73323371733219, "SolvBTC": 33132.45787630294, "srUSD": 6042.024007090418, "USDC.e": 4191189.6314240103, "diBGT": 175305.85459833735, "USDe": 28714.015796402033, "pol-rUSD": 434.93348250532284, "eBTC": 388.1829359711704, "BYUSD": 84291.0758657334, "WBERA": 1377558.1078628711, "oriBGT": 466225.78273588826, "beraETH": 249755.7314413657, "USD\u20ae0": 612062.7988966493, "weETH": 299502.82219209144, "rswETH": 12142.842474967667, "SBTC": 11.494433640022791, "iBERA": 13172.194653863378, "IR": 141.8529064488065, "savUSD": 4151313.6482202257, "ylstETH": 2.337739360987576, "HENLO": 55.400394587943005, "KDK": 2335.659809351997, "PT-iBGT-25DEC2025": 5.74123339162813, "uniBTC": 51878.62075346951, "SolvBTC.BBN": 114.81996974063138, "wgBERA": 1934.353536614149, "ylpumpBTC": 4.594793490004088, "ylBTCLST": 126.76393976105217, "STONE": 18216.173082853136, "LBTC": 32142.837287731254, "stBTC": 25741782.384404123, "HONEY": 438102.05201206205, "USDa": 2885.452850027319}, "Arbitrum": {"dPT-GLP-26SEP2024": 15113.595364562727, "PENDLE": 524423.9784614948, "JONES": 43.50127527135749, "dGLV [WETH-USDC]": 433156.46272819606, "dPT-ezETH-27JUN2024": 256.8116004228542, "dGM": 8674371.520350829, "dPT-wstETH-27JUN2024": 589.4523376669475, "dARB": 7394.775160417344, "ezETH": 35858.446084977484, "dPT-weETH-26DEC2024": 153.0748721936179, "WBTC": 2742692.289744977, "RDNT": 668.9898918038934, "dfsGLP": 7.900252655449166, "weETH": 154006.99467470817, "GRAIL": 18085.1927815396, "rsETH": 356.6768926891643, "dPT-weETH-26SEP2024": 81.19852415077315, "XAI": 1340.6679425334235, "PREMIA": 2754.8211465055615, "MAGIC": 3175.2921303533326, "wstETH": 213754.67938536074, "dplvGLP": 136.33500999652261, "USDe": 1265.922199092857, "USDS": 3702.439835295704, "uniBTC": 153.04196095946716, "tBTC": 687.0781800109787, "dPT-weETH-27JUN2024": 665.2848517880947, "dGMX": 632630.2447555345, "dGLV [WBTC-USDC]": 496092.89350414777, "WETH": 3999699.590928189, "ARB": 230554.57544570472, "dPT-ezETH-26SEP2024": 3761.2320491259816, "dPT-weETH-25APR2024": 50.64822752788374, "USDC": 3758940.0198274977, "AAVE": 11769.660564471396, "dPT-rETH-26JUN2025": 5.911822414352113, "dPT-rsETH-26SEP2024": 976.5518474376593, "WOETH": 24.97146628364447, "DAI": 32853.369681001444, "sUSDS": 20.16098736074597, "rETH": 40710.42676562059, "LINK": 674776.3173720796, "UNI": 1030660.6873749528, "GMX": 11592.036775079163, "USDT": 229171.12351894056, "MIM": 1406.648664351412, "dPT-wstETH-26JUN2025": 30.311548883641855, "USDC.e": 119173.92613347393}, "Ethereum": {"rUSD": 5.119431816387696, "DOLO": 111565.56277413857, "WBTC": 1252062.4359481237, "LINK": 172.89818132952303, "srUSD": 766152.1498891279, "wstETH": 5998712.151894551, "stcUSD": 18503.458046033007, "USD1": 166917567.46003392, "sUSDe": 567.2382334396826, "USDC": 116176886.10826562, "WETH": 50820211.11768045, "cbBTC": 31569.960668033036, "cUSD": 25.178368731959797, "weETH": 36139245.38771293, "wsrUSD": 230.37266087996744, "CRV": 19968.520860997854, "mETH": 3475469.929616269, "WLFI": 393928310.28367484, "USDT": 438352.15173631016}, "Mantle": {"USDC": 768.2927708465653, "USDT": 13699.27342451684, "dPT-mETH-26DEC2024": 309.52246629481795, "USDY": 411.85044455836885, "USDe": 167.3719439485649, "dWMNT": 2.2718200368860098, "WMNT": 9409.165625011658, "dPT-cmETH-13FEB2025": 306.3024933062199, "dPT-USDe-25JUL2024": 11.165079787422387, "FBTC": 1434.493367647839, "WBTC": 838.9654608134188, "mETH": 43706.50552853958, "WETH": 3655.9753106723983, "dPT-sMNT-3OCT2024": 19.684338619022856, "cmETH": 6743.503143625543, "dPT-USDe-26DEC2024": 61.900056475485584}, "Polygon zkEVM": {"USDT": 396.5440259908066, "POL": 24.37370165258883, "USDC.E": 1341.9329187198425, "WETH": 4884.822507373056, "MATIC": 412.57096720216725, "DAI": 207.12909092647467, "WBTC": 1.7302770038885988}, "X Layer": {"USDT": 161.46255206648038, "WETH": 516.7014388535599, "USDC": 54.457736906055366,