{"currentChainTvls": {"Berachain": 35977264.05976848, "Berachain-borrowed": 4908440.381155314, "Arbitrum": 19841540.74950367, "Arbitrum-borrowed": 8215801.376789317, "Ethereum": 519027514.29016906, "Ethereum-borrowed": 288065514.0007655, "Mantle": 83039.43552016375, "Mantle-borrowed": 13248.973460534411, "Polygon zkEVM": 7134.630963389269, "Polygon zkEVM-borrowed": 134.4725254795557, "X Layer": 922.6706865045943, "X Layer-borrowed": 179.70915740269163, "borrowed": 301203318.9138536}, "tokensInUsd": [{"tokens": {"WBTC": 7552566.630950935, "rUSD": 31957.30559140753, "DOLO": 543614.03478965, "sWBERA": 325256.8989472962, "OHM": 96841.093535799, "NECT": 16984.161011072152, "pumpBTC.bera": 1937.1623030950357, "sUSDe": 49944.9458604591, "sUSDa": 2.5650367756000048, "WETH": 60759182.51567402, "rsETH": 368.03251829932293, "SolvBTC": 32224.263365607163, "srUSD": 831569.2441020309, "USDC.e": 4342796.723755279, "diBGT": 186463.2351979029, "USDe": 32741.530408511313, "pol-rUSD": 434.93348250532284, "eBTC": 388.1829359711704, "BYUSD": 84221.39754957141, "WBERA": 1374788.7881193457, "oriBGT": 457660.5008925355, "beraETH": 248519.31700694433, "USD\u20ae0": 641096.4928975687, "weETH": 20405064.054042008, "rswETH": 12142.842474967667, "SBTC": 11.494433640022791, "iBERA": 14765.131795375117, "IR": 122.99197775358441, "savUSD": 4200017.654640707, "ylstETH": 2.337739360987576, "HENLO": 55.400394587943005, "KDK": 2335.659809351997, "PT-iBGT-25DEC2025": 5.74123339162813, "uniBTC": 47804.9675562035, "SolvBTC.BBN": 114.81996974063138, "wgBERA": 1934.353536614149, "ylpumpBTC": 4.594793490004088, "ylBTCLST": 126.76393976105217, "STONE": 18655.815524274953, "LBTC": 31334.80529781731, "stBTC": 25741782.384404123, "HONEY": 447421.3566963311, "USDa": 2885.4385869267744, "dPT-GLP-26SEP2024": 15113.595364562727, "PENDLE": 422361.87055631296, "JONES": 43.50127527135749, "dGLV [WETH-USDC]": 425707.5848692197, "dPT-ezETH-27JUN2024": 256.8116004228542, "dGM": 9436398.883431878, "dPT-wstETH-27JUN2024": 589.4523376669475, "dARB": 7394.775160417344, "ezETH": 35903.11054932595, "dPT-weETH-26DEC2024": 153.0748721936179, "RDNT": 710.6371105013369, "dfsGLP": 7.900252655449166, "GRAIL": 14683.092358681293, "dPT-weETH-26SEP2024": 81.19852415077315, "XAI": 1231.192709980077, "PREMIA": 2754.8211465055615, "MAGIC": 2813.0812240675627, "wstETH": 212477.3491399977, "dplvGLP": 136.33500999652261, "USDS": 3715.555637105127, "DPX": 7.337541804984554, "tBTC": 462.3187626348149, "dPT-weETH-27JUN2024": 665.2848517880947, "dGMX": 620913.4499752646, "dGLV [WBTC-USDC]": 474948.8966624525, "ARB": 219262.04406722216, "dPT-ezETH-26SEP2024": 3761.2320491259816, "dPT-weETH-25APR2024": 50.64822752788374, "USDC": 129827695.15664974, "AAVE": 12325.393256460482, "dPT-rETH-26JUN2025": 5.911822414352113, "dPT-rsETH-26SEP2024": 976.5518474376593, "WOETH": 24.97146628364447, "DAI": 33175.14680905592, "sUSDS": 20.16098736074597, "rETH": 41128.813991278206, "LINK": 726810.1161179713, "UNI": 1024090.3364085123, "GMX": 12012.862286692041, "USDT": 443668.45749085065, "MIM": 1406.0266995220213, "dPT-wstETH-26JUN2025": 30.311548883641855, "stcUSD": 19910.53279045335, "USD1": 194446434.3195923, "cbBTC": 30779.902573915944, "cUSD": 25.178368731959797, "wsrUSD": 230.37266087996744, "CRV": 19968.520860997854, "mETH": 3522199.27556871, "WLFI": 405515720.775639, "dPT-mETH-26DEC2024": 309.52246629481795, "USDY": 411.85044455836885, "dWMNT": 2.2718200368860098, "WMNT": 9734.616771324067, "dPT-cmETH-13FEB2025": 306.3024933062199, "dPT-USDe-25JUL2024": 11.165079787422387, "FBTC": 1646.1963952750352, "dPT-sMNT-3OCT2024": 19.684338619022856, "cmETH": 6689.909410327725, "dPT-USDe-26DEC2024": 61.900056475485584, "POL": 24.37370165258883, "USDC.E": 1341.9329187198425, "MATIC": 412.57096720216725, "WOKB": 369.75811608119017}}], "chainTokensInUsd": {"Berachain": {"WBTC": 988690.6173580916, "rUSD": 31952.186159591143, "DOLO": 421332.57562597963, "sWBERA": 325256.8989472962, "OHM": 96841.093535799, "NECT": 16984.161011072152, "pumpBTC.bera": 1937.1623030950357, "sUSDe": 49377.29360023864, "sUSDa": 2.5650367756000048, "WETH": 847355.8481524205, "rsETH": 7.73323371733219, "SolvBTC": 32224.263365607163, "srUSD": 6032.680525010295, "USDC.e": 4220696.030157729, "diBGT": 186463.2351979029, "USDe": 30430.506259360845, "pol-rUSD": 434.93348250532284, "eBTC": 388.1829359711704, "BYUSD": 84221.39754957141, "WBERA": 1374788.7881193457, "oriBGT": 457660.5008925355, "beraETH": 248519.31700694433, "USD\u20ae0": 641096.4928975687, "weETH": 301634.69825609186, "rswETH": 12142.842474967667, "SBTC": 11.494433640022791, "iBERA": 14765.131795375117, "IR": 122.99197775358441, "savUSD": 4200017.654640707, "ylstETH": 2.337739360987576, "HENLO": 55.400394587943005, "KDK": 2335.659809351997, "PT-iBGT-25DEC2025": 5.74123339162813, "uniBTC": 47655.69206536822, "SolvBTC.BBN": 114.81996974063138, "wgBERA": 1934.353536614149, "ylpumpBTC": 4.594793490004088, "ylBTCLST": 126.76393976105217, "STONE": 18655.815524274953, "LBTC": 31334.80529781731, "stBTC": 25741782.384404123, "HONEY": 447421.3566963311, "USDa": 2885.4385869267744}, "Arbitrum": {"dPT-GLP-26SEP2024": 15113.595364562727, "PENDLE": 422361.87055631296, "JONES": 43.50127527135749, "dGLV [WETH-USDC]": 425707.5848692197, "dPT-ezETH-27JUN2024": 256.8116004228542, "dGM": 9436398.883431878, "dPT-wstETH-27JUN2024": 589.4523376669475, "dARB": 7394.775160417344, "ezETH": 35903.11054932595, "dPT-weETH-26DEC2024": 153.0748721936179, "WBTC": 4153200.949305544, "RDNT": 710.6371105013369, "dfsGLP": 7.900252655449166, "weETH": 30133.539338095496, "GRAIL": 14683.092358681293, "rsETH": 360.2992845819907, "dPT-weETH-26SEP2024": 81.19852415077315, "XAI": 1231.192709980077, "PREMIA": 2754.8211465055615, "MAGIC": 2813.0812240675627, "wstETH": 212477.3491399977, "dplvGLP": 136.33500999652261, "USDe": 2143.78781107073, "USDS": 3715.555637105127, "uniBTC": 149.27549083528163, "DPX": 7.337541804984554, "tBTC": 462.3187626348149, "dPT-weETH-27JUN2024": 665.2848517880947, "dGMX": 620913.4499752646, "dGLV [WBTC-USDC]": 474948.8966624525, "WETH": 5705176.700295259, "ARB": 219262.04406722216, "dPT-ezETH-26SEP2024": 3761.2320491259816, "dPT-weETH-25APR2024": 50.64822752788374, "USDC": 4065354.5470142867, "AAVE": 12325.393256460482, "dPT-rETH-26JUN2025": 5.911822414352113, "dPT-rsETH-26SEP2024": 976.5518474376593, "WOETH": 24.97146628364447, "DAI": 32968.01771812945, "sUSDS": 20.16098736074597, "rETH": 41128.813991278206, "LINK": 717550.0565882769, "UNI": 1024090.3364085123, "GMX": 12012.862286692041, "USDT": 233577.88426577582, "MIM": 1406.0266995220213, "dPT-wstETH-26JUN2025": 30.311548883641855, "USDC.e": 122100.6935975494}, "Ethereum": {"rUSD": 5.119431816387696, "DOLO": 122281.45916367037, "WBTC": 2409834.368549482, "LINK": 9260.059529694352, "srUSD": 825536.5635770205, "stcUSD": 19910.53279045335, "USD1": 194446434.3195923, "sUSDe": 567.652260220454, "USDC": 125761518.07224092, "WETH": 54197502.491033696, "cbBTC": 30779.902573915944, "cUSD": 25.178368731959797, "weETH": 20073295.81644782, "wsrUSD": 230.37266087996744, "CRV": 19968.520860997854, "mETH": 3464311.659917466, "WLFI": 405515720.775639, "USDT": 195845.42629651638}, "Mantle": {"USDC": 768.0796576362347, "USDT": 13687.140350501099, "dPT-mETH-26DEC2024": 309.52246629481795, "USDY": 411.85044455836885, "USDe": 167.23633807973755, "dWMNT": 2.2718200368860098, "WMNT": 9734.616771324067, "dPT-cmETH-13FEB2025": 306.3024933062199, "dPT-USDe-25JUL2024": 11.165079787422387, "FBTC": 1646.1963952750352, "WBTC": 838.9654608134188, "mETH": 57887.61565124418, "WETH": 3745.9522464184492, "dPT-sMNT-3OCT2024": 19.684338619022856, "cmETH": 6689.909410327725, "dPT-USDe-26DEC2024": 61.900056475485584}, "Polygon zkEVM": {"USDT": 396.5440259908066, "POL": 24.37370165258883, "USDC.E": 1341.9329187198425, "WETH": 4884.822507373056, "MATIC": 412.57096720216725, "DAI": 207.12909092647467, "WBTC": 1.7302770038885988}, "X Layer": {"USDT": 161.46255206648038, "WETH": 516.7014388535599, "USDC": 54.457736906055366,