{"currentChainTvls": {"Berachain": 36038113.840138935, "Berachain-borrowed": 4901165.355609091, "Arbitrum": 19834299.662234664, "Arbitrum-borrowed": 8248716.933892909, "Ethereum": 510758956.2787121, "Ethereum-borrowed": 285668002.47870785, "Mantle": 83295.36581074598, "Mantle-borrowed": 13251.356971179517, "Polygon zkEVM": 7134.630963389269, "Polygon zkEVM-borrowed": 134.4725254795557, "X Layer": 922.6706865045943, "X Layer-borrowed": 179.70915740269163, "borrowed": 298831450.30686396}, "tokensInUsd": [{"tokens": {"WBTC": 7708584.334278818, "rUSD": 31961.392803638115, "DOLO": 539677.4736627131, "sWBERA": 321722.814314423, "OHM": 96841.093535799, "NECT": 16984.03818321218, "pumpBTC.bera": 1937.1623030950357, "sUSDe": 49941.77384872625, "sUSDa": 2.5650367756000048, "WETH": 59554944.20758199, "rsETH": 368.03251829932293, "SolvBTC": 32428.582319652367, "srUSD": 831569.2441020309, "USDC.e": 4453810.093448026, "diBGT": 182998.65479052742, "USDe": 32739.929008965082, "pol-rUSD": 434.93348250532284, "eBTC": 388.1829359711704, "BYUSD": 84911.97409016873, "WBERA": 1347239.454342038, "oriBGT": 462335.32950763265, "beraETH": 233593.26007041166, "USD\u20ae0": 661236.1746354799, "weETH": 17457854.928637207, "rswETH": 12142.842474967667, "SBTC": 11.494433640022791, "iBERA": 13438.894605542006, "IR": 122.99197775358441, "savUSD": 4200017.654640707, "ylstETH": 2.337739360987576, "HENLO": 55.400394587943005, "KDK": 2335.659809351997, "PT-iBGT-25DEC2025": 5.74123339162813, "uniBTC": 47804.9675562035, "SolvBTC.BBN": 114.81996974063138, "wgBERA": 1934.353536614149, "ylpumpBTC": 4.594793490004088, "ylBTCLST": 126.76393976105217, "STONE": 17463.59335540562, "LBTC": 29858.90051945301, "stBTC": 25741782.384404123, "HONEY": 447506.96211748547, "USDa": 2885.437841995265, "dPT-GLP-26SEP2024": 15113.595364562727, "PENDLE": 404622.7836356901, "JONES": 43.50127527135749, "dGLV [WETH-USDC]": 425707.5848692197, "dPT-ezETH-27JUN2024": 256.8116004228542, "dGM": 9431047.087871095, "dPT-wstETH-27JUN2024": 589.4523376669475, "dARB": 7394.775160417344, "ezETH": 35903.11054932595, "dPT-weETH-26DEC2024": 153.0748721936179, "RDNT": 683.3376166340071, "dfsGLP": 7.900252655449166, "GRAIL": 14758.372506950227, "dPT-weETH-26SEP2024": 81.19852415077315, "XAI": 1231.192709980077, "PREMIA": 2754.8211465055615, "MAGIC": 2768.7595482798492, "wstETH": 210773.58604150152, "dplvGLP": 136.33500999652261, "USDS": 3715.386217403536, "DPX": 7.337541804984554, "tBTC": 462.3187626348149, "dPT-weETH-27JUN2024": 665.2848517880947, "dGMX": 634844.9263816806, "dGLV [WBTC-USDC]": 474948.8966624525, "ARB": 211933.877722267, "dPT-ezETH-26SEP2024": 3761.2320491259816, "dPT-weETH-25APR2024": 50.64822752788374, "USDC": 130023412.19060382, "AAVE": 12325.393256460482, "dPT-rETH-26JUN2025": 5.911822414352113, "dPT-rsETH-26SEP2024": 976.5518474376593, "WOETH": 24.97146628364447, "DAI": 33475.34118364972, "sUSDS": 20.16098736074597, "rETH": 40615.87463363264, "LINK": 702768.3781551257, "UNI": 1002516.1828587878, "GMX": 10399.2721695055, "USDT": 509927.9243697613, "MIM": 1405.7096994461626, "dPT-wstETH-26JUN2025": 30.311548883641855, "stcUSD": 19910.53279045335, "USD1": 191855111.87642208, "cbBTC": 30779.902573915944, "cUSD": 25.178368731959797, "wsrUSD": 230.37266087996744, "CRV": 19968.520860997854, "mETH": 3522199.27556871, "WLFI": 401239904.9435528, "dPT-mETH-26DEC2024": 309.52246629481795, "USDY": 411.85044455836885, "dWMNT": 2.2718200368860098, "WMNT": 9991.92570983809, "dPT-cmETH-13FEB2025": 306.3024933062199, "dPT-USDe-25JUL2024": 11.165079787422387, "FBTC": 1646.1963952750352, "dPT-sMNT-3OCT2024": 19.684338619022856, "cmETH": 6689.909410327725, "dPT-USDe-26DEC2024": 61.900056475485584, "POL": 24.37370165258883, "USDC.E": 1341.9329187198425, "MATIC": 412.57096720216725, "WOKB": 369.75811608119017}}], "chainTokensInUsd": {"Berachain": {"WBTC": 992205.481176776, "rUSD": 31956.273371821728, "DOLO": 409809.5318994296, "sWBERA": 321722.814314423, "OHM": 96841.093535799, "NECT": 16984.03818321218, "pumpBTC.bera": 1937.1623030950357, "sUSDe": 49374.12158850579, "sUSDa": 2.5650367756000048, "WETH": 824921.9588115583, "rsETH": 7.73323371733219, "SolvBTC": 32428.582319652367, "srUSD": 6032.680525010295, "USDC.e": 4331718.710127816, "diBGT": 182998.65479052742, "USDe": 30428.904859814615, "pol-rUSD": 434.93348250532284, "eBTC": 388.1829359711704, "BYUSD": 84911.97409016873, "WBERA": 1347239.454342038, "oriBGT": 462335.32950763265, "beraETH": 233593.26007041166, "USD\u20ae0": 661236.1746354799, "weETH": 302303.0607531456, "rswETH": 12142.842474967667, "SBTC": 11.494433640022791, "iBERA": 13438.894605542006, "IR": 122.99197775358441, "savUSD": 4200017.654640707, "ylstETH": 2.337739360987576, "HENLO": 55.400394587943005, "KDK": 2335.659809351997, "PT-iBGT-25DEC2025": 5.74123339162813, "uniBTC": 47655.69206536822, "SolvBTC.BBN": 114.81996974063138, "wgBERA": 1934.353536614149, "ylpumpBTC": 4.594793490004088, "ylBTCLST": 126.76393976105217, "STONE": 17463.59335540562, "LBTC": 29858.90051945301, "stBTC": 25741782.384404123, "HONEY": 447506.96211748547, "USDa": 2885.437841995265}, "Arbitrum": {"dPT-GLP-26SEP2024": 15113.595364562727, "PENDLE": 404622.7836356901, "JONES": 43.50127527135749, "dGLV [WETH-USDC]": 425707.5848692197, "dPT-ezETH-27JUN2024": 256.8116004228542, "dGM": 9431047.087871095, "dPT-wstETH-27JUN2024": 589.4523376669475, "dARB": 7394.775160417344, "ezETH": 35903.11054932595, "dPT-weETH-26DEC2024": 153.0748721936179, "WBTC": 4305703.788814743, "RDNT": 683.3376166340071, "dfsGLP": 7.900252655449166, "weETH": 30133.539338095496, "GRAIL": 14758.372506950227, "rsETH": 360.2992845819907, "dPT-weETH-26SEP2024": 81.19852415077315, "XAI": 1231.192709980077, "PREMIA": 2754.8211465055615, "MAGIC": 2768.7595482798492, "wstETH": 210773.58604150152, "dplvGLP": 136.33500999652261, "USDe": 2143.78781107073, "USDS": 3715.386217403536, "uniBTC": 149.27549083528163, "DPX": 7.337541804984554, "tBTC": 462.3187626348149, "dPT-weETH-27JUN2024": 665.2848517880947, "dGMX": 634844.9263816806, "dGLV [WBTC-USDC]": 474948.8966624525, "WETH": 5607232.97801355, "ARB": 211933.877722267, "dPT-ezETH-26SEP2024": 3761.2320491259816, "dPT-weETH-25APR2024": 50.64822752788374, "USDC": 4087659.1679069535, "AAVE": 12325.393256460482, "dPT-rETH-26JUN2025": 5.911822414352113, "dPT-rsETH-26SEP2024": 976.5518474376593, "WOETH": 24.97146628364447, "DAI": 33268.212092723246, "sUSDS": 20.16098736074597, "rETH": 40615.87463363264, "LINK": 693529.5769601965, "UNI": 1002516.1828587878, "GMX": 10399.2721695055, "USDT": 248007.05749519466, "MIM": 1405.7096994461626, "dPT-wstETH-26JUN2025": 30.311548883641855, "USDC.e": 122091.38332021031}, "Ethereum": {"rUSD": 5.119431816387696, "DOLO": 129867.94176328341, "WBTC": 2409834.368549482, "LINK": 9238.801194929114, "srUSD": 825536.5635770205, "stcUSD": 19910.53279045335, "USD1": 191855111.87642208, "sUSDe": 567.652260220454, "USDC": 125934930.48530233, "WETH": 53113641.79456424, "cbBTC": 30779.902573915944, "cUSD": 25.178368731959797, "weETH": 17125418.328545965, "wsrUSD": 230.37266087996744, "CRV": 19968.520860997854, "mETH": 3464311.659917466, "WLFI": 401239904.9435528, "USDT": 247674.71508329493}, "Mantle": {"USDC": 768.0796576362347, "USDT": 13688.145213214402, "dPT-mETH-26DEC2024": 309.52246629481795, "USDY": 411.85044455836885, "USDe": 167.23633807973755, "dWMNT": 2.2718200368860098, "WMNT": 9991.92570983809, "dPT-cmETH-13FEB2025": 306.3024933062199, "dPT-USDe-25JUL2024": 11.165079787422387, "FBTC": 1646.1963952750352, "WBTC": 838.9654608134188, "mETH": 57887.61565124418, "WETH": 3745.9522464184492, "dPT-sMNT-3OCT2024": 19.684338619022856, "cmETH": 6689.909410327725, "dPT-USDe-26DEC2024": 61.900056475485584}, "Polygon zkEVM": {"USDT": 396.5440259908066, "POL": 24.37370165258883, "USDC.E": 1341.9329187198425, "WETH": 4884.822507373056, "MATIC": 412.57096720216725, "DAI": 207.12909092647467, "WBTC": 1.7302770038885988}, "X Layer": {"USDT": 161.46255206648038, "WETH": 516.7014388535599, "USDC": 54.457736906055366,