{"currentChainTvls": {"Berachain": 36198704.9103015, "Berachain-borrowed": 4947504.446158371, "Arbitrum": 20259577.690387875, "Arbitrum-borrowed": 8091447.423651198, "Ethereum": 514986949.08634037, "Ethereum-borrowed": 288686228.4351415, "Mantle": 83143.73483443387, "Mantle-borrowed": 13137.629062335624, "Polygon zkEVM": 7134.630963389269, "Polygon zkEVM-borrowed": 134.4725254795557, "X Layer": 922.6706865045943, "X Layer-borrowed": 179.70915740269163, "borrowed": 301738632.1156963}, "tokensInUsd": [{"tokens": {"WBTC": 7601004.524832425, "rUSD": 31772.092402787708, "DOLO": 589072.4087834153, "sWBERA": 349484.7202216387, "OHM": 96520.68827150862, "NECT": 16984.546227622348, "pumpBTC.bera": 1937.1623030950357, "sUSDe": 49936.94400411829, "sUSDa": 2.5650367756000048, "WETH": 61796713.43951865, "rsETH": 371.1964556352289, "SolvBTC": 33579.12488024928, "srUSD": 794849.5217471918, "USDC.e": 4345495.220847862, "diBGT": 216366.90720024297, "USDe": 30968.179810692545, "pol-rUSD": 434.93348250532284, "eBTC": 388.1829359711704, "BYUSD": 84449.07055325314, "WBERA": 1451931.4862082566, "oriBGT": 489128.8866068632, "beraETH": 257953.65227069883, "USD\u20ae0": 640779.3147122781, "weETH": 22733465.31130359, "rswETH": 12142.842474967667, "SBTC": 11.494433640022791, "iBERA": 14263.529041800964, "IR": 132.97857784570368, "savUSD": 4200017.654640707, "ylstETH": 2.337739360987576, "HENLO": 55.400394587943005, "KDK": 2335.659809351997, "PT-iBGT-25DEC2025": 5.74123339162813, "uniBTC": 52360.20193575974, "SolvBTC.BBN": 114.81996974063138, "wgBERA": 1934.353536614149, "ylpumpBTC": 4.594793490004088, "ylBTCLST": 126.76393976105217, "STONE": 18655.815524274953, "LBTC": 31334.80529781731, "stBTC": 25741782.384404123, "HONEY": 453459.0071672288, "USDa": 2885.4443993032437, "dPT-GLP-26SEP2024": 15113.595364562727, "PENDLE": 563844.0322369793, "JONES": 43.50127527135749, "dGLV [WETH-USDC]": 425707.5848692197, "dPT-ezETH-27JUN2024": 256.8116004228542, "dGM": 8950251.951489726, "dPT-wstETH-27JUN2024": 589.4523376669475, "dARB": 7394.775160417344, "ezETH": 37162.718276794585, "dPT-weETH-26DEC2024": 153.0748721936179, "RDNT": 726.4352020501889, "dfsGLP": 7.900252655449166, "GRAIL": 18182.146287769963, "dPT-weETH-26SEP2024": 81.19852415077315, "XAI": 1375.7659998014096, "PREMIA": 2754.8211465055615, "MAGIC": 3175.2921303533326, "wstETH": 218097.1433712213, "dplvGLP": 136.33500999652261, "USDS": 3716.0046550408324, "tBTC": 503.8916854454632, "dPT-weETH-27JUN2024": 665.2848517880947, "dGMX": 651391.8180523058, "dGLV [WBTC-USDC]": 474948.8966624525, "ARB": 242430.30066656644, "dPT-ezETH-26SEP2024": 3761.2320491259816, "dPT-weETH-25APR2024": 50.64822752788374, "USDC": 132760799.20397922, "AAVE": 14341.317383047442, "dPT-rETH-26JUN2025": 5.911822414352113, "dPT-rsETH-26SEP2024": 976.5518474376593, "WOETH": 24.97146628364447, "DAI": 33197.78153069107, "sUSDS": 20.16098736074597, "rETH": 42216.222252960535, "LINK": 745410.7392833405, "UNI": 1104204.0809220534, "GMX": 11402.292721315458, "USDT": 450432.47265856934, "MIM": 1406.4597289682874, "dPT-wstETH-26JUN2025": 30.311548883641855, "stcUSD": 19910.53279045335, "USD1": 184534229.87477168, "cbBTC": 32814.369421967705, "cUSD": 25.178368731959797, "wsrUSD": 230.37266087996744, "CRV": 19968.520860997854, "mETH": 3522199.27556871, "WLFI": 406192048.75002694, "dPT-mETH-26DEC2024": 309.52246629481795, "USDY": 411.85044455836885, "dWMNT": 2.2718200368860098, "WMNT": 9812.136387351746, "dPT-cmETH-13FEB2025": 306.3024933062199, "dPT-USDe-25JUL2024": 11.165079787422387, "FBTC": 1434.493367647839, "dPT-sMNT-3OCT2024": 19.684338619022856, "cmETH": 6913.002260579907, "dPT-USDe-26DEC2024": 61.900056475485584, "POL": 24.37370165258883, "USDC.E": 1341.9329187198425, "MATIC": 412.57096720216725, "WOKB": 369.75811608119017}}], "chainTokensInUsd": {"Berachain": {"WBTC": 1023225.3160564529, "rUSD": 31766.97297097132, "DOLO": 453269.68676794297, "sWBERA": 349484.7202216387, "OHM": 96520.68827150862, "NECT": 16984.546227622348, "pumpBTC.bera": 1937.1623030950357, "sUSDe": 49369.29174389783, "sUSDa": 2.5650367756000048, "WETH": 846786.2770187329, "rsETH": 7.73323371733219, "SolvBTC": 33579.12488024928, "srUSD": 6032.680525010295, "USDC.e": 4224968.402094865, "diBGT": 216366.90720024297, "USDe": 28678.72028273484, "pol-rUSD": 434.93348250532284, "eBTC": 388.1829359711704, "BYUSD": 84449.07055325314, "WBERA": 1451931.4862082566, "oriBGT": 489128.8866068632, "beraETH": 257953.65227069883, "USD\u20ae0": 640779.3147122781, "weETH": 310686.48103165417, "rswETH": 12142.842474967667, "SBTC": 11.494433640022791, "iBERA": 14263.529041800964, "IR": 132.97857784570368, "savUSD": 4200017.654640707, "ylstETH": 2.337739360987576, "HENLO": 55.400394587943005, "KDK": 2335.659809351997, "PT-iBGT-25DEC2025": 5.74123339162813, "uniBTC": 52210.92644492446, "SolvBTC.BBN": 114.81996974063138, "wgBERA": 1934.353536614149, "ylpumpBTC": 4.594793490004088, "ylBTCLST": 126.76393976105217, "STONE": 18655.815524274953, "LBTC": 31334.80529781731, "stBTC": 25741782.384404123, "HONEY": 453459.0071672288, "USDa": 2885.4443993032437}, "Arbitrum": {"dPT-GLP-26SEP2024": 15113.595364562727, "PENDLE": 563844.0322369793, "JONES": 43.50127527135749, "dGLV [WETH-USDC]": 425707.5848692197, "dPT-ezETH-27JUN2024": 256.8116004228542, "dGM": 8950251.951489726, "dPT-wstETH-27JUN2024": 589.4523376669475, "dARB": 7394.775160417344, "ezETH": 37162.718276794585, "dPT-weETH-26DEC2024": 153.0748721936179, "WBTC": 4286292.453986317, "RDNT": 726.4352020501889, "dfsGLP": 7.900252655449166, "weETH": 29874.66281791311, "GRAIL": 18182.146287769963, "rsETH": 363.4632219178967, "dPT-weETH-26SEP2024": 81.19852415077315, "XAI": 1375.7659998014096, "PREMIA": 2754.8211465055615, "MAGIC": 3175.2921303533326, "wstETH": 218097.1433712213, "dplvGLP": 136.33500999652261, "USDe": 2122.22318987797, "USDS": 3716.0046550408324, "uniBTC": 149.27549083528163, "tBTC": 503.8916854454632, "dPT-weETH-27JUN2024": 665.2848517880947, "dGMX": 651391.8180523058, "dGLV [WBTC-USDC]": 474948.8966624525, "WETH": 5868012.749171721, "ARB": 242430.30066656644, "dPT-ezETH-26SEP2024": 3761.2320491259816, "dPT-weETH-25APR2024": 50.64822752788374, "USDC": 4203769.574914755, "AAVE": 14341.317383047442, "dPT-rETH-26JUN2025": 5.911822414352113, "dPT-rsETH-26SEP2024": 976.5518474376593, "WOETH": 24.97146628364447, "DAI": 32990.6524397646, "sUSDS": 20.16098736074597, "rETH": 42216.222252960535, "LINK": 745019.2775643106, "UNI": 1104204.0809220534, "GMX": 11402.292721315458, "USDT": 264753.06954992365, "MIM": 1406.4597289682874, "dPT-wstETH-26JUN2025": 30.311548883641855, "USDC.e": 120526.8187529965}, "Ethereum": {"rUSD": 5.119431816387696, "DOLO": 135802.72201547242, "WBTC": 2290646.0590518373, "LINK": 391.46171902990847, "srUSD": 788816.8412221815, "stcUSD": 19910.53279045335, "USD1": 184534229.87477168, "sUSDe": 567.652260220454, "USDC": 128556206.90301363, "WETH": 55072864.52103317, "cbBTC": 32814.369421967705, "cUSD": 25.178368731959797, "weETH": 22392904.167454023, "wsrUSD": 230.37266087996744, "CRV": 19968.520860997854, "mETH": 3464311.659917466, "WLFI": 406192048.75002694, "USDT": 171432.81546134868}, "Mantle": {"USDC": 768.268313928074, "USDT": 13688.581069239724, "dPT-mETH-26DEC2024": 309.52246629481795, "USDY": 411.85044455836885, "USDe": 167.23633807973755, "dWMNT": 2.2718200368860098, "WMNT": 9812.136387351746, "dPT-cmETH-13FEB2025": 306.3024933062199, "dPT-USDe-25JUL2024": 11.165079787422387, "FBTC": 1434.493367647839, "WBTC": 838.9654608134188, "mETH": 57887.61565124418, "WETH": 3648.3683488066577, "dPT-sMNT-3OCT2024": 19.684338619022856, "cmETH": 6913.002260579907, "dPT-USDe-26DEC2024": 61.900056475485584}, "Polygon zkEVM": {"USDT": 396.5440259908066, "POL": 24.37370165258883, "USDC.E": 1341.9329187198425, "WETH": 4884.822507373056, "MATIC": 412.57096720216725, "DAI": 207.12909092647467, "WBTC": 1.7302770038885988}, "X Layer": {"USDT": 161.46255206648038, "WETH": 516.7014388535599, "USDC": 54.457736906055366, "WOKB": 369.75811608119017}},