{"currentChainTvls": {"Berachain": 35046964.1858378, "Berachain-borrowed": 4901007.865641124, "Arbitrum": 19917303.698007934, "Arbitrum-borrowed": 9356889.05720755, "Ethereum": 457308767.9365954, "Ethereum-borrowed": 302548111.70824414, "Botanix": 139820.88606332024, "Botanix-borrowed": 53460.92961661019, "Mantle": 67607.96034690605, "Mantle-borrowed": 12537.965738951858, "Polygon zkEVM": 7134.630963389269, "Polygon zkEVM-borrowed": 134.4725254795557, "X Layer": 922.6706865045943, "X Layer-borrowed": 179.70915740269163, "borrowed": 316872321.7081313}, "tokensInUsd": [{"tokens": {"WBTC": 6292528.539767815, "rUSD": 31746.671740776626, "DOLO": 550917.3399455317, "sWBERA": 297988.3545294513, "OHM": 18098.874653545976, "NECT": 16977.566275870562, "pumpBTC.bera": 1232.7918840818518, "sUSDe": 97085.90922438483, "sUSDa": 2.5650367756000048, "WETH": 55926149.70907397, "rsETH": 360.61340423447047, "SolvBTC": 33417.49240770537, "srUSD": 765225.3562402454, "USDC.e": 3966782.6531940475, "diBGT": 161830.31255380966, "USDe": 30037.676590264546, "pol-rUSD": 434.93348250532284, "eBTC": 388.1829359711704, "BYUSD": 83510.60754749933, "WBERA": 1208472.9157361127, "oriBGT": 433008.70364958607, "beraETH": 255616.1805526688, "USD\u20ae0": 614019.7474357225, "weETH": 37192032.928048536, "rswETH": 12142.842474967667, "SBTC": 11.494433640022791, "iBERA": 12107.718773539342, "IR": 112.29056132803387, "savUSD": 4151313.6482202257, "ylstETH": 2.337739360987576, "HENLO": 55.400394587943005, "KDK": 2335.659809351997, "PT-iBGT-25DEC2025": 5.74123339162813, "uniBTC": 54162.03163663201, "SolvBTC.BBN": 114.81996974063138, "wgBERA": 1934.353536614149, "ylpumpBTC": 4.594793490004088, "ylBTCLST": 126.76393976105217, "STONE": 18216.173082853136, "LBTC": 32142.837287731254, "stBTC": 25860220.650055133, "HONEY": 392062.0509613615, "USDa": 2885.46376790037, "dPT-GLP-26SEP2024": 15113.595364562727, "PENDLE": 499835.10186559026, "JONES": 44.00771258680652, "dGLV [WETH-USDC]": 417430.8052866089, "dPT-ezETH-27JUN2024": 256.8116004228542, "dGM": 8346187.622774111, "dPT-wstETH-27JUN2024": 589.4523376669475, "dARB": 7394.775160417344, "ezETH": 39612.14924657627, "dPT-weETH-26DEC2024": 153.0748721936179, "RDNT": 608.0973113947463, "dfsGLP": 7.900252655449166, "GRAIL": 18303.178658703455, "dPT-weETH-26SEP2024": 81.19852415077315, "XAI": 1416.761793807924, "PREMIA": 2754.8211465055615, "MAGIC": 2959.9754364984697, "wstETH": 4350810.452878131, "dplvGLP": 136.33500999652261, "USDS": 3703.170038588857, "tBTC": 516.1418855260528, "dPT-weETH-27JUN2024": 665.2848517880947, "dGMX": 758335.3340408284, "dGLV [WBTC-USDC]": 516056.3072643081, "ARB": 227930.6379898936, "dPT-ezETH-26SEP2024": 3761.2320491259816, "dPT-weETH-25APR2024": 50.64822752788374, "USDC": 127500765.05004905, "AAVE": 11869.748296139012, "dPT-rETH-26JUN2025": 5.911822414352113, "dPT-rsETH-26SEP2024": 976.5518474376593, "WOETH": 24.97146628364447, "DAI": 33093.93520114239, "sUSDS": 30.429191586671323, "rETH": 39947.47326150064, "LINK": 669741.8463162862, "UNI": 1018360.8705302933, "GMX": 12213.63427783424, "USDT": 377656.1627799249, "MIM": 1404.0157395123792, "dPT-wstETH-26JUN2025": 30.311548883641855, "stcUSD": 18503.458046033007, "USD1": 182727667.91821313, "cbBTC": 30494.6678028892, "cUSD": 25.178368731959797, "wsrUSD": 230.37266087996744, "CRV": 19968.520860997854, "mETH": 3607389.922564521, "WLFI": 359526233.0518926, "pBTC": 12042.503401831616, "oUSDT": 17.268456841796652, "dPT-mETH-26DEC2024": 309.52246629481795, "USDY": 411.953455008837, "dWMNT": 2.2718200368860098, "WMNT": 9651.50691374227, "dPT-cmETH-13FEB2025": 306.3024933062199, "dPT-USDe-25JUL2024": 11.165079787422387, "FBTC": 1406.6279212633817, "dPT-sMNT-3OCT2024": 19.684338619022856, "cmETH": 5281.9596246580695, "dPT-USDe-26DEC2024": 61.900056475485584, "POL": 24.37370165258883, "USDC.E": 1341.9329187198425, "MATIC": 412.57096720216725, "WOKB": 369.75811608119017}}], "chainTokensInUsd": {"Berachain": {"WBTC": 970282.8538756621, "rUSD": 31741.55230896024, "DOLO": 445003.7306991082, "sWBERA": 297988.3545294513, "OHM": 18098.874653545976, "NECT": 16977.566275870562, "pumpBTC.bera": 1232.7918840818518, "sUSDe": 48205.41167268832, "sUSDa": 2.5650367756000048, "WETH": 795941.0073155307, "rsETH": 7.73323371733219, "SolvBTC": 33417.49240770537, "srUSD": 6059.552331468267, "USDC.e": 3780699.2913084785, "diBGT": 161830.31255380966, "USDe": 28735.83960291321, "pol-rUSD": 434.93348250532284, "eBTC": 388.1829359711704, "BYUSD": 83510.60754749933, "WBERA": 1208472.9157361127, "oriBGT": 433008.70364958607, "beraETH": 255616.1805526688, "USD\u20ae0": 614019.7474357225, "weETH": 294935.50429335574, "rswETH": 12142.842474967667, "SBTC": 11.494433640022791, "iBERA": 12107.718773539342, "IR": 112.29056132803387, "savUSD": 4151313.6482202257, "ylstETH": 2.337739360987576, "HENLO": 55.400394587943005, "KDK": 2335.659809351997, "PT-iBGT-25DEC2025": 5.74123339162813, "uniBTC": 54003.77077177241, "SolvBTC.BBN": 114.81996974063138, "wgBERA": 1934.353536614149, "ylpumpBTC": 4.594793490004088, "ylBTCLST": 126.76393976105217, "STONE": 18216.173082853136, "LBTC": 32142.837287731254, "stBTC": 25741782.384404123, "HONEY": 392062.0509613615, "USDa": 2885.46376790037}, "Arbitrum": {"dPT-GLP-26SEP2024": 15113.595364562727, "PENDLE": 499835.10186559026, "JONES": 44.00771258680652, "dGLV [WETH-USDC]": 417430.8052866089, "dPT-ezETH-27JUN2024": 256.8116004228542, "dGM": 8346187.622774111, "dPT-wstETH-27JUN2024": 589.4523376669475, "dARB": 7394.775160417344, "ezETH": 39612.14924657627, "dPT-weETH-26DEC2024": 153.0748721936179, "WBTC": 4417297.182048667, "RDNT": 608.0973113947463, "dfsGLP": 7.900252655449166, "weETH": 2268467.7684659585, "GRAIL": 18303.178658703455, "rsETH": 352.88017051713825, "dPT-weETH-26SEP2024": 81.19852415077315, "XAI": 1416.761793807924, "PREMIA": 2754.8211465055615, "MAGIC": 2959.9754364984697, "wstETH": 206514.6941108426, "dplvGLP": 136.33500999652261, "USDe": 1266.7747698951875, "USDS": 3703.170038588857, "uniBTC": 158.26086485960292, "tBTC": 516.1418855260528, "dPT-weETH-27JUN2024": 665.2848517880947, "dGMX": 758335.3340408284, "dGLV [WBTC-USDC]": 516056.3072643081, "WETH": 5805904.619505537, "ARB": 227930.6379898936, "dPT-ezETH-26SEP2024": 3761.2320491259816, "dPT-weETH-25APR2024": 50.64822752788374, "USDC": 3572881.5271286527, "AAVE": 11869.748296139012, "dPT-rETH-26JUN2025": 5.911822414352113, "dPT-rsETH-26SEP2024": 976.5518474376593, "WOETH": 24.97146628364447, "DAI": 32886.80611021592, "sUSDS": 30.429191586671323, "rETH": 39947.47326150064, "LINK": 669568.9481349568, "UNI": 1018360.8705302933, "GMX": 12213.63427783424, "USDT": 226819.26894465263, "MIM": 1404.0157395123792, "dPT-wstETH-26JUN2025": 30.311548883641855, "USDC.e": 123305.68627681537}, "Ethereum": {"rUSD": 5.119431816387696, "DOLO": 105913.60924642348, "WBTC": 904107.8081056683, "LINK": 172.89818132952303, "srUSD": 759165.8039087771, "wstETH": 4144295.758767288, "stcUSD": 18503.458046033007, "USD1": 182727667.91821313, "sUSDe": 48880.497551696506, "USDC": 123927060.63995063, "WETH": 49315339.89258475, "cbBTC": 30494.6678028892, "cUSD": 25.178368731959797, "weETH": 34628629.655289225, "wsrUSD": 230.37266087996744, "CRV": 19968.520860997854, "mETH": 3563629.70548496, "WLFI": 359526233.0518926, "USDT": 136555.08849166255}, "Botanix": {"pBTC": 12042.503401831616, "oUSDT": 17.268456841796652, "USDC.e": 62777.6756087537, "WETH": 6.1025614950012566, "stBTC": 118438.26565100832}, "Mantle": {"USDC": 768.4252328519468, "USDT": 13723.798765552474, "dPT-mETH-26DEC2024": 309.52246629481795, "USDY": 411.953455008837, "USDe": 35.062217456149604, "dWMNT": 2.2718200368860098, "WMNT": 9651.50691374227, "dPT-cmETH-13FEB2025": 306.3024933062199, "dPT-USDe-25JUL2024": 11.165079787422387, "FBTC": 1406.6279212633817, "WBTC": 838.9654608134188, "mETH": 43760.21707956085, "WETH": 3556.5631604306677, "dPT-sMNT-3OCT2024": 19.684338619022856, "cmETH": 5281.9596246580695, "dPT-USDe-26DEC2024": 61.900056475485584},