{"currentChainTvls": {"Berachain": 34484156.45037207, "Berachain-borrowed": 4073205.192202169, "Arbitrum": 21087803.42379441, "Arbitrum-borrowed": 8701426.88619123, "Ethereum": 383769717.434244, "Ethereum-borrowed": 290723777.91013473, "Botanix": 142160.81426389818, "Botanix-borrowed": 53514.808052231376, "Mantle": 67679.47597904889, "Mantle-borrowed": 12534.049753794781, "Polygon zkEVM": 7134.630963389269, "Polygon zkEVM-borrowed": 134.4725254795557, "X Layer": 922.6706865045943, "X Layer-borrowed": 179.70915740269163, "borrowed": 303564773.02801704}, "tokensInUsd": [{"tokens": {"WBTC": 6146278.097902235, "rUSD": 31116.535514506446, "DOLO": 489371.70564290835, "sWBERA": 304871.9102846297, "OHM": 19798.48344088328, "NECT": 16978.59461371026, "pumpBTC.bera": 1232.7918840818518, "sUSDe": 97162.69492593623, "sUSDa": 2.5650367756000048, "WETH": 56379517.781376675, "rsETH": 365.1709018566398, "SolvBTC": 34021.77469434782, "srUSD": 748236.6386661088, "USDC.e": 3875667.904960704, "diBGT": 164246.87563459697, "USDe": 30053.94744391622, "pol-rUSD": 434.93348250532284, "eBTC": 388.1829359711704, "BYUSD": 82263.28203841452, "WBERA": 1160679.983465236, "oriBGT": 437964.1357666865, "beraETH": 249520.06803233197, "USD\u20ae0": 614327.6813116516, "weETH": 37991890.11401622, "rswETH": 12142.842474967667, "SBTC": 11.494433640022791, "iBERA": 11926.731618830509, "IR": 108.97792491155258, "savUSD": 3282390.111558113, "ylstETH": 2.337739360987576, "HENLO": 55.400394587943005, "KDK": 2335.659809351997, "PT-iBGT-25DEC2025": 5.74123339162813, "uniBTC": 53609.889635105494, "SolvBTC.BBN": 114.81996974063138, "wgBERA": 1934.353536614149, "ylpumpBTC": 4.594793490004088, "ylBTCLST": 126.76393976105217, "STONE": 17894.804158573716, "LBTC": 32142.837287731254, "stBTC": 25862599.816499352, "HONEY": 260114.65805581288, "USDa": 2885.46376790037, "dPT-GLP-26SEP2024": 15113.595364562727, "PENDLE": 600154.6221211612, "JONES": 44.00771258680652, "dGLV [WETH-USDC]": 405848.1433000529, "dPT-ezETH-27JUN2024": 256.8116004228542, "dGM": 8431611.603571571, "dPT-wstETH-27JUN2024": 589.4523376669475, "dARB": 7394.775160417344, "ezETH": 39597.2992156984, "dPT-weETH-26DEC2024": 153.0748721936179, "RDNT": 940.4951631120069, "dfsGLP": 7.900252655449166, "GRAIL": 17456.66176645227, "dPT-weETH-26SEP2024": 81.19852415077315, "XAI": 1355.1372362048442, "PREMIA": 2754.8211465055615, "MAGIC": 2912.1335345562497, "wstETH": 208543.45926422294, "dplvGLP": 136.33500999652261, "USDS": 3712.4787521544463, "tBTC": 502.44306112350944, "dPT-weETH-27JUN2024": 665.2848517880947, "dGMX": 679203.6726323538, "dGLV [WBTC-USDC]": 554871.4552936528, "ARB": 279464.8898862158, "dPT-ezETH-26SEP2024": 3761.2320491259816, "dPT-weETH-25APR2024": 50.64822752788374, "USDC": 130599605.94697064, "AAVE": 11447.590709668137, "dPT-rETH-26JUN2025": 5.911822414352113, "dPT-rsETH-26SEP2024": 976.5518474376593, "WOETH": 24.97146628364447, "DAI": 32912.72198765227, "sUSDS": 30.437700610678704, "rETH": 40306.86936684483, "LINK": 614051.4205053501, "UNI": 1022929.9686834542, "GMX": 12060.269276779878, "USDT": 394275.44102775236, "MIM": 1403.7228817082105, "dPT-wstETH-26JUN2025": 30.311548883641855, "stcUSD": 14492.925073452903, "USD1": 177782737.21417406, "cbBTC": 30445.677292719625, "cUSD": 25.178368731959797, "wsrUSD": 230.37266087996744, "CRV": 19968.520860997854, "mETH": 3607471.6701400406, "WLFI": 279233403.75705606, "pBTC": 12013.452438002387, "oUSDT": 17.15248969398468, "dPT-mETH-26DEC2024": 309.52246629481795, "USDY": 411.953455008837, "dWMNT": 2.2718200368860098, "WMNT": 9537.064298814741, "dPT-cmETH-13FEB2025": 306.3024933062199, "dPT-USDe-25JUL2024": 11.165079787422387, "FBTC": 1406.6279212633817, "dPT-sMNT-3OCT2024": 19.684338619022856, "cmETH": 5281.9596246580695, "dPT-USDe-26DEC2024": 61.900056475485584, "POL": 24.37370165258883, "USDC.E": 1341.9329187198425, "MATIC": 412.57096720216725, "WOKB": 369.75811608119017}}], "chainTokensInUsd": {"Berachain": {"WBTC": 754140.9703683135, "rUSD": 31111.41608269006, "DOLO": 397207.46098473953, "sWBERA": 304871.9102846297, "OHM": 19798.48344088328, "NECT": 16978.59461371026, "pumpBTC.bera": 1232.7918840818518, "sUSDe": 48217.770761646585, "sUSDa": 2.5650367756000048, "WETH": 796671.926562292, "rsETH": 8.10916864373367, "SolvBTC": 34021.77469434782, "srUSD": 6061.816418200125, "USDC.e": 3694491.7231239663, "diBGT": 164246.87563459697, "USDe": 28749.609425550752, "pol-rUSD": 434.93348250532284, "eBTC": 388.1829359711704, "BYUSD": 82263.28203841452, "WBERA": 1160679.983465236, "oriBGT": 437964.1357666865, "beraETH": 249520.06803233197, "USD\u20ae0": 614327.6813116516, "weETH": 294534.27602895384, "rswETH": 12142.842474967667, "SBTC": 11.494433640022791, "iBERA": 11926.731618830509, "IR": 108.97792491155258, "savUSD": 3282390.111558113, "ylstETH": 2.337739360987576, "HENLO": 55.400394587943005, "KDK": 2335.659809351997, "PT-iBGT-25DEC2025": 5.74123339162813, "uniBTC": 53455.32392651944, "SolvBTC.BBN": 114.81996974063138, "wgBERA": 1934.353536614149, "ylpumpBTC": 4.594793490004088, "ylBTCLST": 126.76393976105217, "STONE": 17894.804158573716, "LBTC": 32142.837287731254, "stBTC": 25741782.384404123, "HONEY": 260114.65805581288, "USDa": 2885.46376790037}, "Arbitrum": {"dPT-GLP-26SEP2024": 15113.595364562727, "PENDLE": 600154.6221211612, "JONES": 44.00771258680652, "dGLV [WETH-USDC]": 405848.1433000529, "dPT-ezETH-27JUN2024": 256.8116004228542, "dGM": 8431611.603571571, "dPT-wstETH-27JUN2024": 589.4523376669475, "dARB": 7394.775160417344, "ezETH": 39597.2992156984, "dPT-weETH-26DEC2024": 153.0748721936179, "WBTC": 4501852.848072102, "RDNT": 940.4951631120069, "dfsGLP": 7.900252655449166, "weETH": 1633211.2712463168, "GRAIL": 17456.66176645227, "rsETH": 357.0617332129061, "dPT-weETH-26SEP2024": 81.19852415077315, "XAI": 1355.1372362048442, "PREMIA": 2754.8211465055615, "MAGIC": 2912.1335345562497, "wstETH": 208543.45926422294, "dplvGLP": 136.33500999652261, "USDe": 1267.5571083336404, "USDS": 3712.4787521544463, "uniBTC": 154.56570858604996, "tBTC": 502.44306112350944, "dPT-weETH-27JUN2024": 665.2848517880947, "dGMX": 679203.6726323538, "dGLV [WBTC-USDC]": 554871.4552936528, "WETH": 5882804.9584029345, "ARB": 279464.8898862158, "dPT-ezETH-26SEP2024": 3761.2320491259816, "dPT-weETH-25APR2024": 50.64822752788374, "USDC": 4406185.59938062, "AAVE": 11447.590709668137, "dPT-rETH-26JUN2025": 5.911822414352113, "dPT-rsETH-26SEP2024": 976.5518474376593, "WOETH": 24.97146628364447, "DAI": 32705.5928967258, "sUSDS": 30.437700610678704, "rETH": 40306.86936684483, "LINK": 612542.9498474238, "UNI": 1022929.9686834542, "GMX": 12060.269276779878, "USDT": 253392.96927214222, "MIM": 1403.7228817082105, "dPT-wstETH-26JUN2025": 30.311548883641855, "USDC.e": 118354.69910502924}, "Ethereum": {"rUSD": 5.119431816387696, "DOLO": 92164.2446581688, "WBTC": 889443.5837240011, "LINK": 1508.4706579263186, "srUSD": 742174.8222479087, "stcUSD": 14492.925073452903, "USD1": 177782737.21417406, "sUSDe": 48944.924164289645, "USDC": 126192597.46471636, "WETH": 49690980.04050869, "cbBTC": 30445.677292719625, "cUSD": 25.178368731959797, "weETH": 36064144.56674095, "wsrUSD": 230.37266087996744, "CRV": 19968.520860997854, "mETH": 3563629.70548496, "WLFI": 279233403.75705606, "USDT": 126598.7565566901}, "Botanix": {"pBTC": 12013.452438002387, "oUSDT": 17.15248969398468, "USDC.e": 62821.48273170842, "WETH": 6.1025614950012566, "stBTC": 120817.43209522976}, "Mantle": {"USDC": 768.4251367478689, "USDT": 13725.708620862746, "dPT-mETH-26DEC2024": 309.52246629481795, "USDY": 411.953455008837, "USDe": 36.78091003182738, "dWMNT": 2.2718200368860098, "WMNT": 9537.064298814741, "dPT-cmETH-13FEB2025": 306.3024933062199, "dPT-USDe-25JUL2024": 11.165079787422387, "FBTC": 1406.6279212633817, "WBTC": 838.9654608134188, "mETH": 43841.964655080184, "WETH": 3653.229395042763, "dPT-sMNT-3OCT2024": 19.684338619022856, "cmETH": 5281.9596246580695, "dPT-USDe-26DEC2024": 61.900056475485584}, "Polygon zkEVM": {"USDT": 396.5440259908066,