{"currentChainTvls": {"Berachain": 36000936.400273494, "Berachain-borrowed": 4901500.882519454, "Arbitrum": 19152769.071659856, "Arbitrum-borrowed": 7814171.180750276, "Ethereum": 489187541.9899867, "Ethereum-borrowed": 291428088.66413707, "Mantle": 78436.4113319879, "Mantle-borrowed": 13041.83957583347, "Polygon zkEVM": 7134.630963389269, "Polygon zkEVM-borrowed": 134.4725254795557, "X Layer": 922.6706865045943, "X Layer-borrowed": 179.70915740269163, "borrowed": 304157116.7486655}, "tokensInUsd": [{"tokens": {"WBTC": 7490764.182256614, "rUSD": 31955.60598822933, "DOLO": 526796.2634450924, "sWBERA": 323745.21727567463, "OHM": 95445.38127382688, "NECT": 16983.767771023995, "pumpBTC.bera": 1937.1623030950357, "sUSDe": 49951.49576364821, "sUSDa": 2.5650367756000048, "WETH": 57117297.04610281, "rsETH": 330.53992951525424, "SolvBTC": 30855.62448714097, "srUSD": 832762.1026831494, "USDC.e": 4448525.731824846, "diBGT": 185132.07965655188, "USDe": 32727.60436661355, "pol-rUSD": 434.93348250532284, "eBTC": 388.1829359711704, "BYUSD": 83542.93052029448, "WBERA": 1381850.2499863072, "oriBGT": 459815.770046853, "beraETH": 233593.26007041166, "USD\u20ae0": 681364.321216199, "weETH": 15748347.920652444, "rswETH": 12142.842474967667, "SBTC": 11.494433640022791, "iBERA": 14433.926276708527, "IR": 114.76769797799949, "savUSD": 4200017.654640707, "ylstETH": 2.337739360987576, "HENLO": 112.62532919316604, "KDK": 2335.659809351997, "PT-iBGT-25DEC2025": 5.74123339162813, "uniBTC": 47804.9675562035, "SolvBTC.BBN": 114.81996974063138, "wgBERA": 1934.353536614149, "ylpumpBTC": 4.594793490004088, "ylBTCLST": 126.76393976105217, "STONE": 17027.77187263913, "LBTC": 29858.90051945301, "stBTC": 25741782.384404123, "HONEY": 470283.3386882358, "USDa": 2885.4350347316017, "dPT-GLP-26SEP2024": 15113.595364562727, "PENDLE": 423673.477198923, "JONES": 43.50127527135749, "dGLV [WETH-USDC]": 413088.8786325777, "dPT-ezETH-27JUN2024": 256.8116004228542, "dGM": 8866266.634821417, "dPT-wstETH-27JUN2024": 589.4523376669475, "dARB": 7394.775160417344, "ezETH": 33740.50904492553, "dPT-weETH-26DEC2024": 153.0748721936179, "RDNT": 737.6011759427739, "dfsGLP": 7.900252655449166, "GRAIL": 14046.206407345415, "dPT-weETH-26SEP2024": 81.19852415077315, "XAI": 1213.6458071859704, "PREMIA": 2754.8211465055615, "MAGIC": 2629.859240873497, "wstETH": 6527195.277003648, "dplvGLP": 136.33500999652261, "USDS": 3714.899254085651, "DPX": 6.551456991563027, "tBTC": 462.3187626348149, "dPT-weETH-27JUN2024": 665.2848517880947, "dGMX": 620871.2052520708, "dGLV [WBTC-USDC]": 327204.8631539901, "ARB": 210133.0677188794, "dPT-ezETH-26SEP2024": 3761.2320491259816, "dPT-weETH-25APR2024": 50.64822752788374, "USDC": 124397533.6639615, "AAVE": 12110.533879182762, "dPT-rETH-26JUN2025": 5.911822414352113, "dPT-rsETH-26SEP2024": 976.5518474376593, "WOETH": 24.97146628364447, "DAI": 33667.89148760735, "sUSDS": 20.16098736074597, "rETH": 39099.407885075634, "LINK": 691537.334006499, "UNI": 992289.6683048079, "GMX": 21451.375377886743, "USDT": 506785.46642377286, "MIM": 1406.0910514679686, "dPT-wstETH-26JUN2025": 30.311548883641855, "stcUSD": 19910.53279045335, "USD1": 179016146.3551042, "cbBTC": 30779.902573915944, "cUSD": 25.178368731959797, "wsrUSD": 230.37266087996744, "CRV": 19968.520860997854, "mETH": 3517733.967030765, "WLFI": 401470344.84058386, "dPT-mETH-26DEC2024": 309.52246629481795, "USDY": 411.85044455836885, "dWMNT": 2.2718200368860098, "WMNT": 9918.37535867788, "dPT-cmETH-13FEB2025": 306.3024933062199, "dPT-USDe-25JUL2024": 11.165079787422387, "FBTC": 1646.1963952750352, "dPT-sMNT-3OCT2024": 19.684338619022856, "cmETH": 6399.064757095076, "dPT-USDe-26DEC2024": 61.900056475485584, "POL": 24.37370165258883, "USDC.E": 1341.9329187198425, "MATIC": 412.57096720216725, "WOKB": 369.75811608119017}}], "chainTokensInUsd": {"Berachain": {"WBTC": 967035.9927973363, "rUSD": 31950.486556412943, "DOLO": 396928.321681809, "sWBERA": 323745.21727567463, "OHM": 95445.38127382688, "NECT": 16983.767771023995, "pumpBTC.bera": 1937.1623030950357, "sUSDe": 49383.84350342775, "sUSDa": 2.5650367756000048, "WETH": 774844.9981508113, "rsETH": 7.73323371733219, "SolvBTC": 30855.62448714097, "srUSD": 6032.680525010295, "USDC.e": 4327116.131305893, "diBGT": 185132.07965655188, "USDe": 30417.504776499674, "pol-rUSD": 434.93348250532284, "eBTC": 388.1829359711704, "BYUSD": 83542.93052029448, "WBERA": 1381850.2499863072, "oriBGT": 459815.770046853, "beraETH": 233593.26007041166, "USD\u20ae0": 681364.321216199, "weETH": 282777.0397399449, "rswETH": 12142.842474967667, "SBTC": 11.494433640022791, "iBERA": 14433.926276708527, "IR": 114.76769797799949, "savUSD": 4200017.654640707, "ylstETH": 2.337739360987576, "HENLO": 112.62532919316604, "KDK": 2335.659809351997, "PT-iBGT-25DEC2025": 5.74123339162813, "uniBTC": 47655.69206536822, "SolvBTC.BBN": 114.81996974063138, "wgBERA": 1934.353536614149, "ylpumpBTC": 4.594793490004088, "ylBTCLST": 126.76393976105217, "STONE": 17027.77187263913, "LBTC": 29858.90051945301, "stBTC": 25741782.384404123, "HONEY": 470283.3386882358, "USDa": 2885.4350347316017}, "Arbitrum": {"dPT-GLP-26SEP2024": 15113.595364562727, "PENDLE": 423673.477198923, "JONES": 43.50127527135749, "dGLV [WETH-USDC]": 413088.8786325777, "dPT-ezETH-27JUN2024": 256.8116004228542, "dGM": 8866266.634821417, "dPT-wstETH-27JUN2024": 589.4523376669475, "dARB": 7394.775160417344, "ezETH": 33740.50904492553, "dPT-weETH-26DEC2024": 153.0748721936179, "WBTC": 4190242.835182004, "RDNT": 737.6011759427739, "dfsGLP": 7.900252655449166, "weETH": 28259.840266748117, "GRAIL": 14046.206407345415, "rsETH": 322.80669579792203, "dPT-weETH-26SEP2024": 81.19852415077315, "XAI": 1213.6458071859704, "PREMIA": 2754.8211465055615, "MAGIC": 2629.859240873497, "wstETH": 199951.11740428495, "dplvGLP": 136.33500999652261, "USDe": 2142.8632520341394, "USDS": 3714.899254085651, "uniBTC": 149.27549083528163, "DPX": 6.551456991563027, "tBTC": 462.3187626348149, "dPT-weETH-27JUN2024": 665.2848517880947, "dGMX": 620871.2052520708, "dGLV [WBTC-USDC]": 327204.8631539901, "WETH": 5412115.452186244, "ARB": 210133.0677188794, "dPT-ezETH-26SEP2024": 3761.2320491259816, "dPT-weETH-25APR2024": 50.64822752788374, "USDC": 4040447.063715378, "AAVE": 12110.533879182762, "dPT-rETH-26JUN2025": 5.911822414352113, "dPT-rsETH-26SEP2024": 976.5518474376593, "WOETH": 24.97146628364447, "DAI": 33460.762396680875, "sUSDS": 20.16098736074597, "rETH": 39099.407885075634, "LINK": 682298.5328115699, "UNI": 992289.6683048079, "GMX": 21451.375377886743, "USDT": 239926.76971866484, "MIM": 1406.0910514679686, "dPT-wstETH-26JUN2025": 30.311548883641855, "USDC.e": 121409.60051895323}, "Ethereum": {"rUSD": 5.119431816387696, "DOLO": 129867.94176328341, "WBTC": 2332644.6585394563, "LINK": 9238.801194929114, "srUSD": 826729.4221581391, "wstETH": 6327244.159599363, "stcUSD": 19910.53279045335, "USD1": 179016146.3551042, "sUSDe": 567.652260220454, "USDC": 120356264.35595693, "WETH": 50921420.78030439, "cbBTC": 30779.902573915944, "cUSD": 25.178368731959797, "weETH": 15437311.04064575, "wsrUSD": 230.37266087996744, "CRV": 19968.520860997854, "mETH": 3464311.659917466, "WLFI": 401470344.84058386, "USDT": 252619.35940896987}, "Mantle": {"USDC": 767.7865522778284, "USDT": 13681.330718080886, "dPT-mETH-26DEC2024": 309.52246629481795, "USDY": 411.85044455836885, "USDe": 167.23633807973755, "dWMNT": 2.2718200368860098, "WMNT": 9918.37535867788, "dPT-cmETH-13FEB2025": 306.3024933062199, "dPT-USDe-25JUL2024": 11.165079787422387, "FBTC": 1646.1963952750352, "WBTC": 838.9654608134188, "mETH": 53422.30711329911, "WETH": 3514.291515144167, "dPT-sMNT-3OCT2024": 19.684338619022856, "cmETH": 6399.064757095076, "dPT-USDe-26DEC2024": 61.900056475485584}, "Polygon zkEVM": {"USDT": 396.5440259908066, "POL": 24.37370165258883, "USDC.E": 1341.9329187198425, "WETH": 4884.822507373056, "MATIC": 412.57096720216725, "DAI": 207.12909092647467, "WBTC": 1.7302770038885988}, "X Layer": {"USDT": 161.46255206648038, "WETH": 516.7014388535599,