{"currentChainTvls": {"Berachain": 34900930.95343046, "Berachain-borrowed": 4893435.030359037, "Arbitrum": 20653072.869892966, "Arbitrum-borrowed": 9000384.992892087, "Ethereum": 416011389.89305884, "Ethereum-borrowed": 293189942.0879771, "Botanix": 139818.41502634855, "Botanix-borrowed": 53488.94279366948, "Mantle": 65871.7631143751, "Mantle-borrowed": 12406.771917308753, "Polygon zkEVM": 7134.630963389269, "Polygon zkEVM-borrowed": 134.4725254795557, "X Layer": 922.6706865045943, "X Layer-borrowed": 179.70915740269163, "borrowed": 307149972.00762206}, "tokensInUsd": [{"tokens": {"WBTC": 6170508.436971903, "rUSD": 31638.624910998453, "DOLO": 496626.08113993955, "sWBERA": 290490.51294815226, "OHM": 19810.498320181334, "NECT": 16978.00642597346, "pumpBTC.bera": 1232.7918840818518, "sUSDe": 97149.33216854442, "sUSDa": 2.5650367756000048, "WETH": 55166210.07782623, "rsETH": 351.87879201315945, "SolvBTC": 32969.175400110595, "srUSD": 757395.7635654719, "USDC.e": 3965896.9005080336, "diBGT": 158070.73924828105, "USDe": 30045.1851703688, "pol-rUSD": 434.93348250532284, "eBTC": 388.1829359711704, "BYUSD": 81442.94237983944, "WBERA": 1155722.753994474, "oriBGT": 429633.17448121845, "beraETH": 249520.06803233197, "USD\u20ae0": 613959.4205723628, "weETH": 34625784.113630846, "rswETH": 12142.842474967667, "SBTC": 11.494433640022791, "iBERA": 15252.328130753845, "IR": 95.43522881957297, "savUSD": 4151313.6482202257, "ylstETH": 2.337739360987576, "HENLO": 55.400394587943005, "KDK": 2335.659809351997, "PT-iBGT-25DEC2025": 5.74123339162813, "uniBTC": 54158.33648035846, "SolvBTC.BBN": 114.81996974063138, "wgBERA": 1934.353536614149, "ylpumpBTC": 4.594793490004088, "ylBTCLST": 126.76393976105217, "STONE": 17894.804158573716, "LBTC": 32142.837287731254, "stBTC": 25860220.650055133, "HONEY": 392804.4039150263, "USDa": 2885.46376790037, "dPT-GLP-26SEP2024": 15113.595364562727, "PENDLE": 506415.1411303421, "JONES": 44.00771258680652, "dGLV [WETH-USDC]": 401764.2120052393, "dPT-ezETH-27JUN2024": 256.8116004228542, "dGM": 8224158.780363733, "dPT-wstETH-27JUN2024": 589.4523376669475, "dARB": 7394.775160417344, "ezETH": 39355.870293026506, "dPT-weETH-26DEC2024": 153.0748721936179, "RDNT": 609.44430133012, "dfsGLP": 7.900252655449166, "GRAIL": 17690.87118646065, "dPT-weETH-26SEP2024": 81.19852415077315, "XAI": 1423.607879784784, "PREMIA": 2754.8211465055615, "MAGIC": 2985.359445902677, "wstETH": 2411085.335661854, "dplvGLP": 136.33500999652261, "USDS": 3712.4787521544463, "tBTC": 499.40381042181843, "dPT-weETH-27JUN2024": 665.2848517880947, "dGMX": 755131.7163624254, "dGLV [WBTC-USDC]": 503056.43913549953, "ARB": 228678.21146550882, "dPT-ezETH-26SEP2024": 3761.2320491259816, "dPT-weETH-25APR2024": 50.64822752788374, "USDC": 128435370.10367982, "AAVE": 11869.748296139012, "dPT-rETH-26JUN2025": 5.911822414352113, "dPT-rsETH-26SEP2024": 976.5518474376593, "WOETH": 24.97146628364447, "DAI": 32891.222212357454, "sUSDS": 30.437700610678704, "rETH": 39343.6432482066, "LINK": 614483.4345979439, "UNI": 1014692.7261685821, "GMX": 12412.477449224754, "USDT": 394460.80587846576, "MIM": 1404.0880739805382, "dPT-wstETH-26JUN2025": 30.311548883641855, "stcUSD": 18503.458046033007, "USD1": 183031536.03233173, "cbBTC": 29523.126676364544, "cUSD": 25.178368731959797, "wsrUSD": 230.37266087996744, "CRV": 19968.520860997854, "mETH": 3605815.2023892445, "WLFI": 313570638.5177342, "pBTC": 12042.503401831616, "oUSDT": 17.268456841796652, "dPT-mETH-26DEC2024": 309.52246629481795, "USDY": 411.953455008837, "dWMNT": 2.2718200368860098, "WMNT": 9516.48161928081, "dPT-cmETH-13FEB2025": 306.3024933062199, "dPT-USDe-25JUL2024": 11.165079787422387, "FBTC": 1406.6279212633817, "dPT-sMNT-3OCT2024": 19.684338619022856, "cmETH": 5281.9596246580695, "dPT-USDe-26DEC2024": 61.900056475485584, "POL": 24.37370165258883, "USDC.E": 1341.9329187198425, "MATIC": 412.57096720216725, "WOKB": 369.75811608119017}}], "chainTokensInUsd": {"Berachain": {"WBTC": 957965.9524020889, "rUSD": 31633.505479182066, "DOLO": 390712.4718935161, "sWBERA": 290490.51294815226, "OHM": 19810.498320181334, "NECT": 16978.00642597346, "pumpBTC.bera": 1232.7918840818518, "sUSDe": 48217.770761646585, "sUSDa": 2.5650367756000048, "WETH": 784450.4706215169, "rsETH": 8.10916864373367, "SolvBTC": 32969.175400110595, "srUSD": 6061.816418200125, "USDC.e": 3783134.073975753, "diBGT": 158070.73924828105, "USDe": 28743.240285943826, "pol-rUSD": 434.93348250532284, "eBTC": 388.1829359711704, "BYUSD": 81442.94237983944, "WBERA": 1155722.753994474, "oriBGT": 429633.17448121845, "beraETH": 249520.06803233197, "USD\u20ae0": 613959.4205723628, "weETH": 287873.72343091306, "rswETH": 12142.842474967667, "SBTC": 11.494433640022791, "iBERA": 15252.328130753845, "IR": 95.43522881957297, "savUSD": 4151313.6482202257, "ylstETH": 2.337739360987576, "HENLO": 55.400394587943005, "KDK": 2335.659809351997, "PT-iBGT-25DEC2025": 5.74123339162813, "uniBTC": 54003.77077177241, "SolvBTC.BBN": 114.81996974063138, "wgBERA": 1934.353536614149, "ylpumpBTC": 4.594793490004088, "ylBTCLST": 126.76393976105217, "STONE": 17894.804158573716, "LBTC": 32142.837287731254, "stBTC": 25741782.384404123, "HONEY": 392804.4039150263, "USDa": 2885.46376790037}, "Arbitrum": {"dPT-GLP-26SEP2024": 15113.595364562727, "PENDLE": 506415.1411303421, "JONES": 44.00771258680652, "dGLV [WETH-USDC]": 401764.2120052393, "dPT-ezETH-27JUN2024": 256.8116004228542, "dGM": 8224158.780363733, "dPT-wstETH-27JUN2024": 589.4523376669475, "dARB": 7394.775160417344, "ezETH": 39355.870293026506, "dPT-weETH-26DEC2024": 153.0748721936179, "WBTC": 4371394.74950186, "RDNT": 609.44430133012, "dfsGLP": 7.900252655449166, "weETH": 2244847.561308969, "GRAIL": 17690.87118646065, "rsETH": 343.7696233694258, "dPT-weETH-26SEP2024": 81.19852415077315, "XAI": 1423.607879784784, "PREMIA": 2754.8211465055615, "MAGIC": 2985.359445902677, "wstETH": 203657.96272228486, "dplvGLP": 136.33500999652261, "USDe": 1266.8826669688228, "USDS": 3712.4787521544463, "uniBTC": 154.56570858604996, "tBTC": 499.40381042181843, "dPT-weETH-27JUN2024": 665.2848517880947, "dGMX": 755131.7163624254, "dGLV [WBTC-USDC]": 503056.43913549953, "WETH": 5728039.626724831, "ARB": 228678.21146550882, "dPT-ezETH-26SEP2024": 3761.2320491259816, "dPT-weETH-25APR2024": 50.64822752788374, "USDC": 4297365.401374444, "AAVE": 11869.748296139012, "dPT-rETH-26JUN2025": 5.911822414352113, "dPT-rsETH-26SEP2024": 976.5518474376593, "WOETH": 24.97146628364447, "DAI": 32684.09312143098, "sUSDS": 30.437700610678704, "rETH": 39343.6432482066, "LINK": 612886.080798665, "UNI": 1014692.7261685821, "GMX": 12412.477449224754, "USDT": 243576.0195870089, "MIM": 1404.0880739805382, "dPT-wstETH-26JUN2025": 30.311548883641855, "USDC.e": 119959.60878343905}, "Ethereum": {"rUSD": 5.119431816387696, "DOLO": 105913.60924642348, "WBTC": 840307.0393301366, "LINK": 1597.3537992789393, "srUSD": 751333.9471472717, "wstETH": 2207427.3729395694, "stcUSD": 18503.458046033007, "USD1": 183031536.03233173, "sUSDe": 48931.56140689784, "USDC": 124137181.81933561, "WETH": 48644912.788879275, "cbBTC": 29523.126676364544, "cUSD": 25.178368731959797, "weETH": 32093062.82889096, "wsrUSD": 230.37266087996744, "CRV": 19968.520860997854, "mETH": 3563629.70548496, "WLFI": 313570638.5177342, "USDT": 136603.62846473872}, "Botanix": {"pBTC": 12042.503401831616, "oUSDT": 17.268456841796652, "USDC.e": 62803.21774884129, "WETH": 6.1025614950012566, "stBTC": 118438.26565100832}, "Mantle": {"USDC": 768.4252328519468, "USDT": 13723.15124866085, "dPT-mETH-26DEC2024": 309.52246629481795, "USDY": 411.953455008837, "USDe": 35.062217456149604, "dWMNT": 2.2718200368860098, "WMNT": 9516.48161928081, "dPT-cmETH-13FEB2025": 306.3024933062199, "dPT-USDe-25JUL2024": 11.165079787422387, "FBTC": 1406.6279212633817, "WBTC": 838.9654608134188, "mETH": 42185.49690428431, "WETH": 3399.565092886235, "dPT-sMNT-3OCT2024": 19.684338619022856, "cmETH": 5281.9596246580695, "dPT-USDe-26DEC2024": 61.900056475485584},