{"currentChainTvls": {"Berachain": 36183346.209026344, "Berachain-borrowed": 5049366.275611871, "Arbitrum": 20076956.082157236, "Arbitrum-borrowed": 8145912.097053551, "Ethereum": 492005857.985192, "Ethereum-borrowed": 293492328.8461924, "Mantle": 78969.44947493165, "Mantle-borrowed": 13098.090309379206, "Polygon zkEVM": 7134.630963389269, "Polygon zkEVM-borrowed": 134.4725254795557, "X Layer": 922.6706865045943, "X Layer-borrowed": 179.70915740269163, "borrowed": 306701019.4908501}, "tokensInUsd": [{"tokens": {"WBTC": 8140399.471912227, "rUSD": 32416.73434324199, "DOLO": 560654.2292733112, "sWBERA": 334284.906515537, "OHM": 95655.7695838804, "NECT": 16983.254972410858, "pumpBTC.bera": 1937.1623030950357, "sUSDe": 49955.781332999315, "sUSDa": 2.5650367756000048, "WETH": 57704386.32343353, "rsETH": 330.53992951525424, "SolvBTC": 31737.221431857153, "srUSD": 882822.0587785727, "USDC.e": 4423357.897322512, "diBGT": 192478.8330071134, "USDe": 32976.594036722905, "pol-rUSD": 434.93348250532284, "eBTC": 388.1829359711704, "BYUSD": 80484.14332288768, "WBERA": 1420367.7489142455, "oriBGT": 475713.29017815506, "beraETH": 233966.048735845, "USD\u20ae0": 830448.0603118435, "weETH": 15308637.920902694, "rswETH": 12142.842474967667, "SBTC": 11.494433640022791, "iBERA": 13482.506714470495, "IR": 98.27181381880946, "savUSD": 4200059.659437781, "ylstETH": 2.337739360987576, "HENLO": 112.62532919316604, "KDK": 2335.659809351997, "PT-iBGT-25DEC2025": 5.74123339162813, "uniBTC": 47791.94252639805, "SolvBTC.BBN": 114.81996974063138, "wgBERA": 1934.353536614149, "ylpumpBTC": 4.594793490004088, "ylBTCLST": 126.76393976105217, "STONE": 15086.672426046065, "LBTC": 30592.98628290208, "stBTC": 25741782.384404123, "HONEY": 472863.439135097, "USDa": 2885.4297100357126, "dPT-GLP-26SEP2024": 15113.595364562727, "PENDLE": 428361.75199605955, "JONES": 43.50127527135749, "dGLV [WETH-USDC]": 564456.9760294807, "dPT-ezETH-27JUN2024": 256.8116004228542, "dGM": 9126041.8411554, "dPT-wstETH-27JUN2024": 589.4523376669475, "dARB": 5632.791592093791, "ezETH": 36906.9734963495, "dPT-weETH-26DEC2024": 153.0748721936179, "RDNT": 848.5533302860979, "dfsGLP": 7.900252655449166, "GRAIL": 16185.377850632854, "dPT-weETH-26SEP2024": 81.19852415077315, "XAI": 1267.4523651219451, "PREMIA": 2754.8211465055615, "MAGIC": 2629.859240873497, "wstETH": 6539160.925936303, "dplvGLP": 136.33500999652261, "USDS": 3714.6869233372386, "DPX": 6.551456991563027, "tBTC": 462.3187626348149, "dPT-weETH-27JUN2024": 665.2848517880947, "dGMX": 634620.3295346866, "dGLV [WBTC-USDC]": 464598.2015742784, "ARB": 225368.8991994043, "dPT-ezETH-26SEP2024": 3761.2320491259816, "dPT-weETH-25APR2024": 50.64822752788374, "USDC": 124862741.00284088, "AAVE": 11985.953361877799, "dPT-rETH-26JUN2025": 5.911822414352113, "dPT-rsETH-26SEP2024": 976.5518474376593, "WOETH": 24.97146628364447, "DAI": 44413.323194556746, "sUSDS": 20.16098736074597, "rETH": 39272.3666680763, "LINK": 738401.7419639553, "UNI": 1007568.7775643178, "GMX": 29522.444649473327, "USDT": 569855.8426534281, "MIM": 1405.5448093319192, "dPT-wstETH-26JUN2025": 30.311548883641855, "stcUSD": 19910.53279045335, "USD1": 191750030.4823304, "cbBTC": 31385.662920293915, "cUSD": 25.178368731959797, "wsrUSD": 230.37266087996744, "CRV": 21399.712633912775, "mETH": 3517736.76798732, "WLFI": 392919632.7037405, "dPT-mETH-26DEC2024": 309.52246629481795, "USDY": 411.85044455836885, "dWMNT": 2.2718200368860098, "WMNT": 10182.06232117025, "dPT-cmETH-13FEB2025": 306.3024933062199, "dPT-USDe-25JUL2024": 11.165079787422387, "FBTC": 1646.1963952750352, "dPT-sMNT-3OCT2024": 19.684338619022856, "cmETH": 6399.064757095076, "dPT-USDe-26DEC2024": 61.900056475485584, "POL": 24.37370165258883, "USDC.E": 1341.9329187198425, "MATIC": 412.57096720216725, "WOKB": 369.75811608119017}}], "chainTokensInUsd": {"Berachain": {"WBTC": 1033291.2840201395, "rUSD": 32140.124316589383, "DOLO": 430786.28751002776, "sWBERA": 334284.906515537, "OHM": 95655.7695838804, "NECT": 16983.254972410858, "pumpBTC.bera": 1937.1623030950357, "sUSDe": 49388.12907277886, "sUSDa": 2.5650367756000048, "WETH": 802502.170340402, "rsETH": 7.73323371733219, "SolvBTC": 31737.221431857153, "srUSD": 6032.680525010295, "USDC.e": 4301664.1226422535, "diBGT": 192478.8330071134, "USDe": 30649.537630753024, "pol-rUSD": 434.93348250532284, "eBTC": 388.1829359711704, "BYUSD": 80484.14332288768, "WBERA": 1420367.7489142455, "oriBGT": 475713.29017815506, "beraETH": 233966.048735845, "USD\u20ae0": 830448.0603118435, "weETH": 290070.01936526544, "rswETH": 12142.842474967667, "SBTC": 11.494433640022791, "iBERA": 13482.506714470495, "IR": 98.27181381880946, "savUSD": 4200059.659437781, "ylstETH": 2.337739360987576, "HENLO": 112.62532919316604, "KDK": 2335.659809351997, "PT-iBGT-25DEC2025": 5.74123339162813, "uniBTC": 47655.69206536822, "SolvBTC.BBN": 114.81996974063138, "wgBERA": 1934.353536614149, "ylpumpBTC": 4.594793490004088, "ylBTCLST": 126.76393976105217, "STONE": 15086.672426046065, "LBTC": 30592.98628290208, "stBTC": 25741782.384404123, "HONEY": 472863.439135097, "USDa": 2885.4297100357126}, "Arbitrum": {"dPT-GLP-26SEP2024": 15113.595364562727, "PENDLE": 428361.75199605955, "JONES": 43.50127527135749, "dGLV [WETH-USDC]": 564456.9760294807, "dPT-ezETH-27JUN2024": 256.8116004228542, "dGM": 9126041.8411554, "dPT-wstETH-27JUN2024": 589.4523376669475, "dARB": 5632.791592093791, "ezETH": 36906.9734963495, "dPT-weETH-26DEC2024": 153.0748721936179, "WBTC": 4446191.911383671, "RDNT": 848.5533302860979, "dfsGLP": 7.900252655449166, "weETH": 28259.840266748117, "GRAIL": 16185.377850632854, "rsETH": 322.80669579792203, "dPT-weETH-26SEP2024": 81.19852415077315, "XAI": 1267.4523651219451, "PREMIA": 2754.8211465055615, "MAGIC": 2629.859240873497, "wstETH": 211916.76633694, "dplvGLP": 136.33500999652261, "USDe": 2142.522544085476, "USDS": 3714.6869233372386, "uniBTC": 136.2504610298334, "DPX": 6.551456991563027, "tBTC": 462.3187626348149, "dPT-weETH-27JUN2024": 665.2848517880947, "dGMX": 634620.3295346866, "dGLV [WBTC-USDC]": 464598.2015742784, "WETH": 5729948.38780435, "ARB": 225368.8991994043, "dPT-ezETH-26SEP2024": 3761.2320491259816, "dPT-weETH-25APR2024": 50.64822752788374, "USDC": 3995832.227680627, "AAVE": 11985.953361877799, "dPT-rETH-26JUN2025": 5.911822414352113, "dPT-rsETH-26SEP2024": 976.5518474376593, "WOETH": 24.97146628364447, "DAI": 44206.194103630274, "sUSDS": 20.16098736074597, "rETH": 39272.3666680763, "LINK": 729502.5705712968, "UNI": 1007568.7775643178, "GMX": 29522.444649473327, "USDT": 287185.5119373963, "MIM": 1405.5448093319192, "dPT-wstETH-26JUN2025": 30.311548883641855, "USDC.e": 121693.77468025856}, "Ethereum": {"rUSD": 276.6100266526082, "DOLO": 129867.94176328341, "WBTC": 2660075.5807705983, "LINK": 8899.17139265849, "srUSD": 876789.3782535624, "wstETH": 6327244.159599363, "stcUSD": 19910.53279045335, "USD1": 191750030.4823304, "sUSDe": 567.652260220454, "USDC": 120866086.53087106, "WETH": 51162712.43094882, "cbBTC": 31385.662920293915, "cUSD": 25.178368731959797, "weETH": 14990308.06127068, "wsrUSD": 230.37266087996744, "CRV": 21399.712633912775, "mETH": 3464311.659917466, "WLFI": 392919632.7037405, "USDT": 268433.00886484596}, "Mantle": {"USDC": 767.7865522778284, "USDT": 13679.31527312863, "dPT-mETH-26DEC2024": 309.52246629481795, "USDY": 411.85044455836885, "USDe": 184.5338618844023, "dWMNT": 2.2718200368860098, "WMNT": 10182.06232117025, "dPT-cmETH-13FEB2025": 306.3024933062199, "dPT-USDe-25JUL2024": 11.165079787422387, "FBTC": 1646.1963952750352, "WBTC": 838.9654608134188, "mETH": 53425.108069854345, "WETH": 3821.810393733661, "dPT-sMNT-3OCT2024": 19.684338619022856, "cmETH": 6399.064757095076, "dPT-USDe-26DEC2024": 61.900056475485584}, "Polygon zkEVM": {"USDT": 396.5440259908066, "POL": 24.37370165258883, "USDC.E": 1341.9329187198425, "WETH": 4884.822507373056, "MATIC": 412.57096720216725, "DAI": 207.12909092647467, "WBTC": 1.7302770038885988}, "X Layer": {"USDT": 161.46255206648038, "WETH": 516.7014388535599,