{"currentChainTvls": {"Berachain": 36078247.61399614, "Berachain-borrowed": 5046841.302484294, "Arbitrum": 19972667.990433812, "Arbitrum-borrowed": 8018949.583262596, "Ethereum": 499839166.8021809, "Ethereum-borrowed": 291441635.05726707, "Mantle": 78413.7704435343, "Mantle-borrowed": 13040.32716666453, "Polygon zkEVM": 7134.630963389269, "Polygon zkEVM-borrowed": 134.4725254795557, "X Layer": 922.6706865045943, "X Layer-borrowed": 179.70915740269163, "borrowed": 304520780.4518635}, "tokensInUsd": [{"tokens": {"WBTC": 7627487.05754369, "rUSD": 32227.50229196246, "DOLO": 513592.6482049941, "sWBERA": 336722.6626912107, "OHM": 96460.21005854035, "NECT": 16983.548235755512, "pumpBTC.bera": 1937.1623030950357, "sUSDe": 49951.49576364821, "sUSDa": 2.5650367756000048, "WETH": 56780073.281202205, "rsETH": 330.53992951525424, "SolvBTC": 30869.354231257952, "srUSD": 834120.0510322019, "USDC.e": 4467127.295601174, "diBGT": 184562.79398069982, "USDe": 32721.75257920294, "pol-rUSD": 434.93348250532284, "eBTC": 388.1829359711704, "BYUSD": 83121.02663902352, "WBERA": 1376420.449331203, "oriBGT": 459815.770046853, "beraETH": 238377.36951808387, "USD\u20ae0": 831181.6213771584, "weETH": 14931308.447600543, "rswETH": 12142.842474967667, "SBTC": 11.494433640022791, "iBERA": 13175.443849213212, "IR": 98.27181381880946, "savUSD": 4200059.659437781, "ylstETH": 2.337739360987576, "HENLO": 112.62532919316604, "KDK": 2335.659809351997, "PT-iBGT-25DEC2025": 5.74123339162813, "uniBTC": 47804.9675562035, "SolvBTC.BBN": 114.81996974063138, "wgBERA": 1934.353536614149, "ylpumpBTC": 4.594793490004088, "ylBTCLST": 126.76393976105217, "STONE": 17027.77187263913, "LBTC": 30754.990735815165, "stBTC": 25741782.384404123, "HONEY": 489731.12228965946, "USDa": 2885.432755335255, "dPT-GLP-26SEP2024": 15113.595364562727, "PENDLE": 420176.5491581731, "JONES": 43.50127527135749, "dGLV [WETH-USDC]": 564456.9760294807, "dPT-ezETH-27JUN2024": 256.8116004228542, "dGM": 9129061.05258367, "dPT-wstETH-27JUN2024": 589.4523376669475, "dARB": 7394.775160417344, "ezETH": 36798.997813330156, "dPT-weETH-26DEC2024": 153.0748721936179, "RDNT": 755.7809130541317, "dfsGLP": 7.900252655449166, "GRAIL": 15533.3267098678, "dPT-weETH-26SEP2024": 81.19852415077315, "XAI": 1213.6458071859704, "PREMIA": 2754.8211465055615, "MAGIC": 2629.859240873497, "wstETH": 6526355.910398435, "dplvGLP": 136.33500999652261, "USDS": 3715.23345629073, "DPX": 6.551456991563027, "tBTC": 462.3187626348149, "dPT-weETH-27JUN2024": 665.2848517880947, "dGMX": 637378.0552612669, "dGLV [WBTC-USDC]": 467766.18287260155, "ARB": 210112.07273141074, "dPT-ezETH-26SEP2024": 3761.2320491259816, "dPT-weETH-25APR2024": 50.64822752788374, "USDC": 126257500.54380035, "AAVE": 11644.22286572896, "dPT-rETH-26JUN2025": 5.911822414352113, "dPT-rsETH-26SEP2024": 976.5518474376593, "WOETH": 24.97146628364447, "DAI": 33679.024456451254, "sUSDS": 20.16098736074597, "rETH": 38257.84155496123, "LINK": 695360.1399287547, "UNI": 972278.4205777891, "GMX": 29483.280798059703, "USDT": 575219.905965011, "MIM": 1406.5987431963915, "dPT-wstETH-26JUN2025": 30.311548883641855, "stcUSD": 19910.53279045335, "USD1": 190087529.82869053, "cbBTC": 30779.902573915944, "cUSD": 25.178368731959797, "wsrUSD": 230.37266087996744, "CRV": 21399.712633912775, "mETH": 3517733.967030765, "WLFI": 400648865.42552996, "dPT-mETH-26DEC2024": 309.52246629481795, "USDY": 411.85044455836885, "dWMNT": 2.2718200368860098, "WMNT": 9894.386911872527, "dPT-cmETH-13FEB2025": 306.3024933062199, "dPT-USDe-25JUL2024": 11.165079787422387, "FBTC": 1646.1963952750352, "dPT-sMNT-3OCT2024": 19.684338619022856, "cmETH": 6399.064757095076, "dPT-USDe-26DEC2024": 61.900056475485584, "POL": 24.37370165258883, "USDC.E": 1341.9329187198425, "MATIC": 412.57096720216725, "WOKB": 369.75811608119017}}], "chainTokensInUsd": {"Berachain": {"WBTC": 995964.3459305051, "rUSD": 31950.892265309853, "DOLO": 383724.7064417107, "sWBERA": 336722.6626912107, "OHM": 96460.21005854035, "NECT": 16983.548235755512, "pumpBTC.bera": 1937.1623030950357, "sUSDe": 49383.84350342775, "sUSDa": 2.5650367756000048, "WETH": 781078.431574265, "rsETH": 7.73323371733219, "SolvBTC": 30869.354231257952, "srUSD": 6032.680525010295, "USDC.e": 4345648.483928575, "diBGT": 184562.79398069982, "USDe": 30411.652989089067, "pol-rUSD": 434.93348250532284, "eBTC": 388.1829359711704, "BYUSD": 83121.02663902352, "WBERA": 1376420.449331203, "oriBGT": 459815.770046853, "beraETH": 238377.36951808387, "USD\u20ae0": 831181.6213771584, "weETH": 283646.4937374299, "rswETH": 12142.842474967667, "SBTC": 11.494433640022791, "iBERA": 13175.443849213212, "IR": 98.27181381880946, "savUSD": 4200059.659437781, "ylstETH": 2.337739360987576, "HENLO": 112.62532919316604, "KDK": 2335.659809351997, "PT-iBGT-25DEC2025": 5.74123339162813, "uniBTC": 47655.69206536822, "SolvBTC.BBN": 114.81996974063138, "wgBERA": 1934.353536614149, "ylpumpBTC": 4.594793490004088, "ylBTCLST": 126.76393976105217, "STONE": 17027.77187263913, "LBTC": 30754.990735815165, "stBTC": 25741782.384404123, "HONEY": 489731.12228965946, "USDa": 2885.432755335255}, "Arbitrum": {"dPT-GLP-26SEP2024": 15113.595364562727, "PENDLE": 420176.5491581731, "JONES": 43.50127527135749, "dGLV [WETH-USDC]": 564456.9760294807, "dPT-ezETH-27JUN2024": 256.8116004228542, "dGM": 9129061.05258367, "dPT-wstETH-27JUN2024": 589.4523376669475, "dARB": 7394.775160417344, "ezETH": 36798.997813330156, "dPT-weETH-26DEC2024": 153.0748721936179, "WBTC": 4341234.364180475, "RDNT": 755.7809130541317, "dfsGLP": 7.900252655449166, "weETH": 28259.840266748117, "GRAIL": 15533.3267098678, "rsETH": 322.80669579792203, "dPT-weETH-26SEP2024": 81.19852415077315, "XAI": 1213.6458071859704, "PREMIA": 2754.8211465055615, "MAGIC": 2629.859240873497, "wstETH": 199111.7507990724, "dplvGLP": 136.33500999652261, "USDe": 2142.8632520341394, "USDS": 3715.23345629073, "uniBTC": 149.27549083528163, "DPX": 6.551456991563027, "tBTC": 462.3187626348149, "dPT-weETH-27JUN2024": 665.2848517880947, "dGMX": 637378.0552612669, "dGLV [WBTC-USDC]": 467766.18287260155, "WETH": 5523433.336549955, "ARB": 210112.07273141074, "dPT-ezETH-26SEP2024": 3761.2320491259816, "dPT-weETH-25APR2024": 50.64822752788374, "USDC": 4172039.394520544, "AAVE": 11644.22286572896, "dPT-rETH-26JUN2025": 5.911822414352113, "dPT-rsETH-26SEP2024": 976.5518474376593, "WOETH": 24.97146628364447, "DAI": 33471.89536552478, "sUSDS": 20.16098736074597, "rETH": 38257.84155496123, "LINK": 686121.3387338255, "UNI": 972278.4205777891, "GMX": 29483.280798059703, "USDT": 308648.39048775536, "MIM": 1406.5987431963915, "dPT-wstETH-26JUN2025": 30.311548883641855, "USDC.e": 121478.81167259869}, "Ethereum": {"rUSD": 276.6100266526082, "DOLO": 129867.94176328341, "WBTC": 2289447.6516948934, "LINK": 9238.801194929114, "srUSD": 828087.3705071915, "wstETH": 6327244.159599363, "stcUSD": 19910.53279045335, "USD1": 190087529.82869053, "sUSDe": 567.652260220454, "USDC": 122084638.90499061, "WETH": 50466645.697616614, "cbBTC": 30779.902573915944, "cUSD": 25.178368731959797, "weETH": 14619402.113596365, "wsrUSD": 230.37266087996744, "CRV": 21399.712633912775, "mETH": 3464311.659917466, "WLFI": 400648865.42552996, "USDT": 252332.34303193472}, "Mantle": {"USDC": 767.7865522778284, "USDT": 13681.165867263719, "dPT-mETH-26DEC2024": 309.52246629481795, "USDY": 411.85044455836885, "USDe": 167.23633807973755, "dWMNT": 2.2718200368860098, "WMNT": 9894.386911872527, "dPT-cmETH-13FEB2025": 306.3024933062199, "dPT-USDe-25JUL2024": 11.165079787422387, "FBTC": 1646.1963952750352, "WBTC": 838.9654608134188, "mETH": 53422.30711329911, "WETH": 3514.291515144167, "dPT-sMNT-3OCT2024": 19.684338619022856, "cmETH": 6399.064757095076, "dPT-USDe-26DEC2024": 61.900056475485584}, "Polygon zkEVM": {"USDT": 396.5440259908066, "POL": 24.37370165258883, "USDC.E": 1341.9329187198425, "WETH": 4884.822507373056, "MATIC": 412.57096720216725, "DAI": 207.12909092647467, "WBTC": 1.7302770038885988}, "X Layer": {"USDT": 161.46255206648038, "WETH": 516.7014388535599,