{"currentChainTvls": {"Berachain": 34476719.84965011, "Berachain-borrowed": 4071018.7568371976, "Arbitrum": 21029245.33162439, "Arbitrum-borrowed": 8614445.505133739, "Ethereum": 372965020.8064618, "Ethereum-borrowed": 290732447.25726974, "Botanix": 142160.81426389818, "Botanix-borrowed": 53514.808052231376, "Mantle": 66638.49475700005, "Mantle-borrowed": 12499.933040880822, "Polygon zkEVM": 7134.630963389269, "Polygon zkEVM-borrowed": 134.4725254795557, "X Layer": 922.6706865045943, "X Layer-borrowed": 179.70915740269163, "borrowed": 303484240.44201666}, "tokensInUsd": [{"tokens": {"WBTC": 6135501.972833752, "rUSD": 31108.969003244, "DOLO": 490614.36718742066, "sWBERA": 304871.9102846297, "OHM": 19798.48344088328, "NECT": 16978.471737996446, "pumpBTC.bera": 1232.7918840818518, "sUSDe": 97162.69492593623, "sUSDa": 2.5650367756000048, "WETH": 56236370.33570233, "rsETH": 365.1709018566398, "SolvBTC": 34061.04420670446, "srUSD": 748236.6386661088, "USDC.e": 3876242.155550349, "diBGT": 163543.4085394136, "USDe": 30049.69627207199, "pol-rUSD": 434.93348250532284, "eBTC": 388.1829359711704, "BYUSD": 81566.09243668102, "WBERA": 1157847.138033601, "oriBGT": 435631.3773197938, "beraETH": 249520.06803233197, "USD\u20ae0": 614220.7313875813, "weETH": 35521109.935132094, "rswETH": 12142.842474967667, "SBTC": 11.494433640022791, "iBERA": 11926.731618830509, "IR": 108.97792491155258, "savUSD": 3282390.111558113, "ylstETH": 2.337739360987576, "HENLO": 55.400394587943005, "KDK": 2335.659809351997, "PT-iBGT-25DEC2025": 5.74123339162813, "uniBTC": 53609.889635105494, "SolvBTC.BBN": 114.81996974063138, "wgBERA": 1934.353536614149, "ylpumpBTC": 4.594793490004088, "ylBTCLST": 126.76393976105217, "STONE": 17894.804158573716, "LBTC": 32142.837287731254, "stBTC": 25862599.816499352, "HONEY": 256245.54195794853, "USDa": 2885.46376790037, "dPT-GLP-26SEP2024": 15113.595364562727, "PENDLE": 583959.8393275227, "JONES": 44.00771258680652, "dGLV [WETH-USDC]": 405848.1433000529, "dPT-ezETH-27JUN2024": 256.8116004228542, "dGM": 8340285.289401361, "dPT-wstETH-27JUN2024": 589.4523376669475, "dARB": 7394.775160417344, "ezETH": 39445.477432892185, "dPT-weETH-26DEC2024": 153.0748721936179, "RDNT": 924.7013707199328, "dfsGLP": 7.900252655449166, "GRAIL": 17568.833420107527, "dPT-weETH-26SEP2024": 81.19852415077315, "XAI": 1355.1372362048442, "PREMIA": 2754.8211465055615, "MAGIC": 2912.1335345562497, "wstETH": 2415970.8322037924, "dplvGLP": 136.33500999652261, "USDS": 3712.4787521544463, "tBTC": 502.44306112350944, "dPT-weETH-27JUN2024": 665.2848517880947, "dGMX": 676748.8182829067, "dGLV [WBTC-USDC]": 554040.7098716781, "ARB": 286772.9800354834, "dPT-ezETH-26SEP2024": 3761.2320491259816, "dPT-weETH-25APR2024": 50.64822752788374, "USDC": 124889767.49049596, "AAVE": 11433.163458786312, "dPT-rETH-26JUN2025": 5.911822414352113, "dPT-rsETH-26SEP2024": 976.5518474376593, "WOETH": 24.97146628364447, "DAI": 32904.27797947526, "sUSDS": 30.437700610678704, "rETH": 40306.86936684483, "LINK": 613536.4482767851, "UNI": 1025684.0520604318, "GMX": 12197.462296065109, "USDT": 394206.5932184957, "MIM": 1403.7228817082105, "dPT-wstETH-26JUN2025": 30.311548883641855, "stcUSD": 14492.925073452903, "USD1": 178649046.54648107, "cbBTC": 30445.677292719625, "cUSD": 25.178368731959797, "wsrUSD": 230.37266087996744, "CRV": 19968.520860997854, "mETH": 3606577.509118812, "WLFI": 273652843.6543407, "pBTC": 12013.452438002387, "oUSDT": 17.15248969398468, "dPT-mETH-26DEC2024": 309.52246629481795, "USDY": 411.953455008837, "dWMNT": 2.2718200368860098, "WMNT": 9499.491911874302, "dPT-cmETH-13FEB2025": 306.3024933062199, "dPT-USDe-25JUL2024": 11.165079787422387, "FBTC": 1406.6279212633817, "dPT-sMNT-3OCT2024": 19.684338619022856, "cmETH": 5281.9596246580695, "dPT-USDe-26DEC2024": 61.900056475485584, "POL": 24.37370165258883, "USDC.E": 1341.9329187198425, "MATIC": 412.57096720216725, "WOKB": 369.75811608119017}}], "chainTokensInUsd": {"Berachain": {"WBTC": 755019.6415332054, "rUSD": 31103.849571427614, "DOLO": 399206.39310080535, "sWBERA": 304871.9102846297, "OHM": 19798.48344088328, "NECT": 16978.471737996446, "pumpBTC.bera": 1232.7918840818518, "sUSDe": 48217.770761646585, "sUSDa": 2.5650367756000048, "WETH": 795316.0453434178, "rsETH": 8.10916864373367, "SolvBTC": 34061.04420670446, "srUSD": 6061.816418200125, "USDC.e": 3694349.2007259354, "diBGT": 163543.4085394136, "USDe": 28747.16297292102, "pol-rUSD": 434.93348250532284, "eBTC": 388.1829359711704, "BYUSD": 81566.09243668102, "WBERA": 1157847.138033601, "oriBGT": 435631.3773197938, "beraETH": 249520.06803233197, "USD\u20ae0": 614220.7313875813, "weETH": 294045.2332025875, "rswETH": 12142.842474967667, "SBTC": 11.494433640022791, "iBERA": 11926.731618830509, "IR": 108.97792491155258, "savUSD": 3282390.111558113, "ylstETH": 2.337739360987576, "HENLO": 55.400394587943005, "KDK": 2335.659809351997, "PT-iBGT-25DEC2025": 5.74123339162813, "uniBTC": 53455.32392651944, "SolvBTC.BBN": 114.81996974063138, "wgBERA": 1934.353536614149, "ylpumpBTC": 4.594793490004088, "ylBTCLST": 126.76393976105217, "STONE": 17894.804158573716, "LBTC": 32142.837287731254, "stBTC": 25741782.384404123, "HONEY": 256245.54195794853, "USDa": 2885.46376790037}, "Arbitrum": {"dPT-GLP-26SEP2024": 15113.595364562727, "PENDLE": 583959.8393275227, "JONES": 44.00771258680652, "dGLV [WETH-USDC]": 405848.1433000529, "dPT-ezETH-27JUN2024": 256.8116004228542, "dGM": 8340285.289401361, "dPT-wstETH-27JUN2024": 589.4523376669475, "dARB": 7394.775160417344, "ezETH": 39445.477432892185, "dPT-weETH-26DEC2024": 153.0748721936179, "WBTC": 4492589.6827063905, "RDNT": 924.7013707199328, "dfsGLP": 7.900252655449166, "weETH": 1630034.4795885454, "GRAIL": 17568.833420107527, "rsETH": 357.0617332129061, "dPT-weETH-26SEP2024": 81.19852415077315, "XAI": 1355.1372362048442, "PREMIA": 2754.8211465055615, "MAGIC": 2912.1335345562497, "wstETH": 208543.45926422294, "dplvGLP": 136.33500999652261, "USDe": 1267.4710816948186, "USDS": 3712.4787521544463, "uniBTC": 154.56570858604996, "tBTC": 502.44306112350944, "dPT-weETH-27JUN2024": 665.2848517880947, "dGMX": 676748.8182829067, "dGLV [WBTC-USDC]": 554040.7098716781, "WETH": 5891568.680177961, "ARB": 286772.9800354834, "dPT-ezETH-26SEP2024": 3761.2320491259816, "dPT-weETH-25APR2024": 50.64822752788374, "USDC": 4364967.716414074, "AAVE": 11433.163458786312, "dPT-rETH-26JUN2025": 5.911822414352113, "dPT-rsETH-26SEP2024": 976.5518474376593, "WOETH": 24.97146628364447, "DAI": 32697.148888548785, "sUSDS": 30.437700610678704, "rETH": 40306.86936684483, "LINK": 611913.333562593, "UNI": 1025684.0520604318, "GMX": 12197.462296065109, "USDT": 253346.1889537602, "MIM": 1403.7228817082105, "dPT-wstETH-26JUN2025": 30.311548883641855, "USDC.e": 119071.47209270531}, "Ethereum": {"rUSD": 5.119431816387696, "DOLO": 91407.9740866153, "WBTC": 887051.9528563386, "LINK": 1623.1147141921674, "srUSD": 742174.8222479087, "wstETH": 2207427.3729395694, "stcUSD": 14492.925073452903, "USD1": 178649046.54648107, "sUSDe": 48944.924164289645, "USDC": 120523976.89120823, "WETH": 49540566.400112405, "cbBTC": 30445.677292719625, "cUSD": 25.178368731959797, "weETH": 33597030.222340964, "wsrUSD": 230.37266087996744, "CRV": 19968.520860997854, "mETH": 3563629.70548496, "WLFI": 273652843.6543407, "USDT": 126576.68906581549}, "Botanix": {"pBTC": 12013.452438002387, "oUSDT": 17.15248969398468, "USDC.e": 62821.48273170842, "WETH": 6.1025614950012566, "stBTC": 120817.43209522976}, "Mantle": {"USDC": 768.4251367478689, "USDT": 13725.708620862746, "dPT-mETH-26DEC2024": 309.52246629481795, "USDY": 411.953455008837, "USDe": 35.062217456149604, "dWMNT": 2.2718200368860098, "WMNT": 9499.491911874302, "dPT-cmETH-13FEB2025": 306.3024933062199, "dPT-USDe-25JUL2024": 11.165079787422387, "FBTC": 1406.6279212633817, "WBTC": 838.9654608134188, "mETH": 42947.80363385171, "WETH": 3511.5835608245397, "dPT-sMNT-3OCT2024": 19.684338619022856, "cmETH": 5281.9596246580695, "dPT-USDe-26DEC2024": 61.900056475485584},