{"currentChainTvls": {"Berachain": 34685726.9218469, "Berachain-borrowed": 4138686.1400552415, "Arbitrum": 22251708.177859984, "Arbitrum-borrowed": 8282496.364415304, "Ethereum": 463170799.7214239, "Ethereum-borrowed": 280187185.15281016, "Botanix": 146257.68774907294, "Botanix-borrowed": 53618.347429935, "Mantle": 68465.2271693051, "Mantle-borrowed": 12574.577514271763, "Polygon zkEVM": 7134.630963389269, "Polygon zkEVM-borrowed": 134.4725254795557, "X Layer": 922.6706865045943, "X Layer-borrowed": 179.70915740269163, "borrowed": 292674874.7639078}, "tokensInUsd": [{"tokens": {"WBTC": 6903243.926224153, "rUSD": 29274.02142875772, "DOLO": 533791.4281853794, "sWBERA": 310775.88794423436, "OHM": 19927.384548586146, "NECT": 16979.22100306554, "pumpBTC.bera": 1232.7918840818518, "sUSDe": 97182.53738600278, "sUSDa": 2.5650367756000048, "WETH": 57290018.75651348, "rsETH": 374.1540195924623, "SolvBTC": 35450.01764525851, "srUSD": 748236.6386661088, "USDC.e": 3874631.8155513867, "diBGT": 176195.70343610467, "USDe": 30070.94132186179, "pol-rUSD": 434.93348250532284, "eBTC": 388.1829359711704, "BYUSD": 83349.72596769614, "WBERA": 1221708.507236851, "oriBGT": 461925.6220613453, "beraETH": 249520.06803233197, "USD\u20ae0": 645320.2432049781, "weETH": 27454411.766372655, "rswETH": 12142.842474967667, "SBTC": 11.494433640022791, "iBERA": 22914.02313538849, "IR": 107.21034758910943, "savUSD": 3282390.111558113, "ylstETH": 2.337739360987576, "HENLO": 55.400394587943005, "KDK": 2335.659809351997, "PT-iBGT-25DEC2025": 5.74123339162813, "uniBTC": 53618.693759745154, "SolvBTC.BBN": 114.81996974063138, "wgBERA": 1934.353536614149, "ylpumpBTC": 4.594793490004088, "ylBTCLST": 126.76393976105217, "STONE": 17894.804158573716, "LBTC": 32142.837287731254, "stBTC": 25866654.248690084, "HONEY": 302743.2856104972, "USDa": 2885.4823346095372, "dPT-GLP-26SEP2024": 15113.595364562727, "PENDLE": 688705.0567451027, "JONES": 44.00771258680652, "dGLV [WETH-USDC]": 435446.3995106013, "dPT-ezETH-27JUN2024": 256.8116004228542, "dGM": 8576199.542106124, "dPT-wstETH-27JUN2024": 589.4523376669475, "dARB": 6501.771211626431, "ezETH": 37347.7812570528, "dPT-weETH-26DEC2024": 153.0748721936179, "RDNT": 944.8775400128991, "dfsGLP": 7.900252655449166, "GRAIL": 18647.07203309198, "dPT-weETH-26SEP2024": 81.19852415077315, "XAI": 1445.9874244809214, "PREMIA": 2754.8211465055615, "MAGIC": 3060.2498405867527, "wstETH": 211901.88250365455, "dplvGLP": 136.33500999652261, "USDS": 3705.038528222248, "tBTC": 502.44306112350944, "dPT-weETH-27JUN2024": 665.2848517880947, "dGMX": 695026.1421405035, "dGLV [WBTC-USDC]": 607766.1217347527, "ARB": 240855.56327528117, "dPT-ezETH-26SEP2024": 3761.2320491259816, "dPT-weETH-25APR2024": 50.64822752788374, "USDC": 132586434.51275796, "AAVE": 11459.3739171051, "dPT-rETH-26JUN2025": 5.911822414352113, "dPT-rsETH-26SEP2024": 976.5518474376593, "WOETH": 24.97146628364447, "DAI": 32739.821691817433, "sUSDS": 30.437700610678704, "rETH": 41382.71560765881, "LINK": 679187.5213223285, "UNI": 1100548.94644389, "GMX": 162607.80479535993, "USDT": 375748.20148717205, "MIM": 1405.7181837527069, "dPT-wstETH-26JUN2025": 30.311548883641855, "stcUSD": 14492.925073452903, "USD1": 187439995.03272456, "cbBTC": 30587.68284261275, "cUSD": 25.178368731959797, "wsrUSD": 230.37266087996744, "CRV": 19968.520860997854, "mETH": 3607616.5589132733, "WLFI": 345533985.73309886, "pBTC": 12039.615499748495, "oUSDT": 17.15248969398468, "dPT-mETH-26DEC2024": 309.52246629481795, "USDY": 411.953455008837, "dWMNT": 2.2718200368860098, "WMNT": 10095.029331121994, "dPT-cmETH-13FEB2025": 306.3024933062199, "dPT-USDe-25JUL2024": 11.165079787422387, "FBTC": 1406.6279212633817, "dPT-sMNT-3OCT2024": 19.684338619022856, "cmETH": 5373.299658062176, "dPT-USDe-26DEC2024": 61.900056475485584, "POL": 24.37370165258883, "USDC.E": 1341.9329187198425, "MATIC": 412.57096720216725, "WOKB": 369.75811608119017}}], "chainTokensInUsd": {"Berachain": {"WBTC": 777451.926892783, "rUSD": 29268.90199694133, "DOLO": 437043.38507257676, "sWBERA": 310775.88794423436, "OHM": 19927.384548586146, "NECT": 16979.22100306554, "pumpBTC.bera": 1232.7918840818518, "sUSDe": 48237.61322171314, "sUSDa": 2.5650367756000048, "WETH": 812018.9874677747, "rsETH": 8.10916864373367, "SolvBTC": 35450.01764525851, "srUSD": 6061.816418200125, "USDC.e": 3692030.490484979, "diBGT": 176195.70343610467, "USDe": 28765.865054677713, "pol-rUSD": 434.93348250532284, "eBTC": 388.1829359711704, "BYUSD": 83349.72596769614, "WBERA": 1221708.507236851, "oriBGT": 461925.6220613453, "beraETH": 249520.06803233197, "USD\u20ae0": 645320.2432049781, "weETH": 297265.64061601734, "rswETH": 12142.842474967667, "SBTC": 11.494433640022791, "iBERA": 22914.02313538849, "IR": 107.21034758910943, "savUSD": 3282390.111558113, "ylstETH": 2.337739360987576, "HENLO": 55.400394587943005, "KDK": 2335.659809351997, "PT-iBGT-25DEC2025": 5.74123339162813, "uniBTC": 53455.32392651944, "SolvBTC.BBN": 114.81996974063138, "wgBERA": 1934.353536614149, "ylpumpBTC": 4.594793490004088, "ylBTCLST": 126.76393976105217, "STONE": 17894.804158573716, "LBTC": 32142.837287731254, "stBTC": 25741782.384404123, "HONEY": 302743.2856104972, "USDa": 2885.4823346095372}, "Arbitrum": {"dPT-GLP-26SEP2024": 15113.595364562727, "PENDLE": 688705.0567451027, "JONES": 44.00771258680652, "dGLV [WETH-USDC]": 435446.3995106013, "dPT-ezETH-27JUN2024": 256.8116004228542, "dGM": 8576199.542106124, "dPT-wstETH-27JUN2024": 589.4523376669475, "dARB": 6501.771211626431, "ezETH": 37347.7812570528, "dPT-weETH-26DEC2024": 153.0748721936179, "WBTC": 5221815.872962136, "RDNT": 944.8775400128991, "dfsGLP": 7.900252655449166, "weETH": 1052566.429032328, "GRAIL": 18647.07203309198, "rsETH": 366.04485094872865, "dPT-weETH-26SEP2024": 81.19852415077315, "XAI": 1445.9874244809214, "PREMIA": 2754.8211465055615, "MAGIC": 3060.2498405867527, "wstETH": 211901.88250365455, "dplvGLP": 136.33500999652261, "USDe": 1268.2953571522485, "USDS": 3705.038528222248, "uniBTC": 163.36983322571064, "tBTC": 502.44306112350944, "dPT-weETH-27JUN2024": 665.2848517880947, "dGMX": 695026.1421405035, "dGLV [WBTC-USDC]": 607766.1217347527, "WETH": 5869528.2497135615, "ARB": 240855.56327528117, "dPT-ezETH-26SEP2024": 3761.2320491259816, "dPT-weETH-25APR2024": 50.64822752788374, "USDC": 4433374.498171176, "AAVE": 11459.3739171051, "dPT-rETH-26JUN2025": 5.911822414352113, "dPT-rsETH-26SEP2024": 976.5518474376593, "WOETH": 24.97146628364447, "DAI": 32532.692600890958, "sUSDS": 30.437700610678704, "rETH": 41382.71560765881, "LINK": 679113.3469025047, "UNI": 1100548.94644389, "GMX": 162607.80479535993, "USDT": 253672.68393226352, "MIM": 1405.7181837527069, "dPT-wstETH-26JUN2025": 30.311548883641855, "USDC.e": 119660.02472429704}, "Ethereum": {"rUSD": 5.119431816387696, "DOLO": 96748.04311280255, "WBTC": 903135.4306314156, "LINK": 74.17441982378249, "srUSD": 742174.8222479087, "stcUSD": 14492.925073452903, "USD1": 187439995.03272456, "sUSDe": 48944.924164289645, "USDC": 128152237.07661532, "WETH": 50599393.16127282, "cbBTC": 30587.68284261275, "cUSD": 25.178368731959797, "weETH": 26104579.69672431, "wsrUSD": 230.37266087996744, "CRV": 19968.520860997854, "mETH": 3563629.70548496, "WLFI": 345533985.73309886, "USDT": 107777.27449856326}, "Botanix": {"pBTC": 12039.615499748495, "oUSDT": 17.15248969398468, "USDC.e": 62941.300342110364, "WETH": 6.1025614950012566, "stBTC": 124871.8642859601}, "Mantle": {"USDC": 768.4802345522354, "USDT": 13740.236478287976, "dPT-mETH-26DEC2024": 309.52246629481795, "USDY": 411.953455008837, "USDe": 36.78091003182738, "dWMNT": 2.2718200368860098, "WMNT": 10095.029331121994, "dPT-cmETH-13FEB2025": 306.3024933062199, "dPT-USDe-25JUL2024": 11.165079787422387, "FBTC": 1406.6279212633817, "WBTC": 838.9654608134188, "mETH": 43986.85342831325, "WETH": 3670.73155160193, "dPT-sMNT-3OCT2024": 19.684338619022856, "cmETH": 5373.299658062176, "dPT-USDe-26DEC2024": 61.900056475485584}, "Polygon zkEVM": {"USDT": 396.5440259908066, "POL": 24.37370165258883,