{"currentChainTvls": {"Berachain": 35613690.04265556, "Berachain-borrowed": 4913503.970942333, "Arbitrum": 20166220.292661935, "Arbitrum-borrowed": 9420489.761278883, "Ethereum": 462034120.11747134, "Ethereum-borrowed": 298815081.40567577, "Botanix": 180365.60129296052, "Botanix-borrowed": 58510.563310513615, "Mantle": 68639.32832152583, "Mantle-borrowed": 12775.247770776805, "Polygon zkEVM": 7134.630963389269, "Polygon zkEVM-borrowed": 134.4725254795557, "X Layer": 922.6706865045943, "X Layer-borrowed": 179.70915740269163, "borrowed": 313220675.1306612}, "tokensInUsd": [{"tokens": {"WBTC": 6554682.927655525, "rUSD": 31830.629889192092, "DOLO": 553066.9716325782, "sWBERA": 320602.96558295365, "OHM": 18098.874653545976, "NECT": 16976.851693666755, "pumpBTC.bera": 1232.7918840818518, "sUSDe": 97049.51242964773, "sUSDa": 2.5650367756000048, "WETH": 56401837.098639525, "rsETH": 365.50811123004945, "SolvBTC": 33812.18327498816, "srUSD": 769392.7289989273, "USDC.e": 4391104.83455332, "diBGT": 171749.19343629904, "USDe": 30026.657352931965, "pol-rUSD": 434.93348250532284, "eBTC": 388.1829359711704, "BYUSD": 78029.7501334037, "WBERA": 1310502.864185191, "oriBGT": 462170.506418175, "beraETH": 247991.2712075249, "USD\u20ae0": 613906.1586358781, "weETH": 32151194.676031582, "rswETH": 12142.842474967667, "SBTC": 11.494433640022791, "iBERA": 13119.359657646231, "IR": 103.99870562444893, "savUSD": 4151313.6482202257, "ylstETH": 2.337739360987576, "HENLO": 55.400394587943005, "KDK": 2335.659809351997, "PT-iBGT-25DEC2025": 5.74123339162813, "uniBTC": 52031.66271442898, "SolvBTC.BBN": 114.81996974063138, "wgBERA": 1934.353536614149, "ylpumpBTC": 4.594793490004088, "ylBTCLST": 126.76393976105217, "STONE": 18216.173082853136, "LBTC": 32142.837287731254, "stBTC": 25905731.646729015, "HONEY": 373196.9112321092, "USDa": 2885.4560749526945, "dPT-GLP-26SEP2024": 15113.595364562727, "PENDLE": 499297.2792325947, "JONES": 44.00771258680652, "dGLV [WETH-USDC]": 433031.14365554816, "dPT-ezETH-27JUN2024": 256.8116004228542, "dGM": 8360065.966655169, "dPT-wstETH-27JUN2024": 589.4523376669475, "dARB": 7394.775160417344, "ezETH": 37771.42760796922, "dPT-weETH-26DEC2024": 153.0748721936179, "RDNT": 658.5197147318893, "dfsGLP": 7.900252655449166, "GRAIL": 17763.86744830582, "dPT-weETH-26SEP2024": 81.19852415077315, "XAI": 1320.0131505334718, "PREMIA": 2754.8211465055615, "MAGIC": 3175.2921303533326, "wstETH": 4355593.269026325, "dplvGLP": 136.33500999652261, "USDS": 3701.6683003444755, "tBTC": 882.9774855502533, "dPT-weETH-27JUN2024": 665.2848517880947, "dGMX": 719891.288974158, "dGLV [WBTC-USDC]": 506106.01108549366, "ARB": 239949.0539886914, "dPT-ezETH-26SEP2024": 3761.2320491259816, "dPT-weETH-25APR2024": 50.64822752788374, "USDC": 123698479.28340122, "AAVE": 12317.904611109498, "dPT-rETH-26JUN2025": 5.911822414352113, "dPT-rsETH-26SEP2024": 976.5518474376593, "WOETH": 24.97146628364447, "DAI": 33081.24941324011, "sUSDS": 20.16098736074597, "rETH": 40725.216885994974, "LINK": 674096.8870843985, "UNI": 1037389.6187519173, "GMX": 11870.791171370183, "USDT": 459705.6241430043, "MIM": 1405.2431480528078, "dPT-wstETH-26JUN2025": 30.311548883641855, "stcUSD": 18503.458046033007, "USD1": 175601273.9406908, "cbBTC": 32668.57916834641, "cUSD": 25.178368731959797, "wsrUSD": 230.37266087996744, "CRV": 19968.520860997854, "mETH": 3607808.2840324445, "WLFI": 375976393.87638855, "pBTC": 12146.42215193086, "oUSDT": 17.268456841796652, "dPT-mETH-26DEC2024": 309.52246629481795, "USDY": 411.953455008837, "dWMNT": 2.2718200368860098, "WMNT": 9506.081457820703, "dPT-cmETH-13FEB2025": 306.3024933062199, "dPT-USDe-25JUL2024": 11.165079787422387, "FBTC": 1405.2801585787383, "dPT-sMNT-3OCT2024": 19.684338619022856, "cmETH": 6276.135126309989, "dPT-USDe-26DEC2024": 61.900056475485584, "POL": 24.37370165258883, "USDC.E": 1341.9329187198425, "MATIC": 412.57096720216725, "WOKB": 369.75811608119017}}], "chainTokensInUsd": {"Berachain": {"WBTC": 993499.2911257996, "rUSD": 31825.510457375705, "DOLO": 432633.71640360553, "sWBERA": 320602.96558295365, "OHM": 18098.874653545976, "NECT": 16976.851693666755, "pumpBTC.bera": 1232.7918840818518, "sUSDe": 48169.01487795122, "sUSDa": 2.5650367756000048, "WETH": 803881.5355984548, "rsETH": 7.73323371733219, "SolvBTC": 33812.18327498816, "srUSD": 6042.024007090418, "USDC.e": 4205940.131168508, "diBGT": 171749.19343629904, "USDe": 28725.672936382958, "pol-rUSD": 434.93348250532284, "eBTC": 388.1829359711704, "BYUSD": 78029.7501334037, "WBERA": 1310502.864185191, "oriBGT": 462170.506418175, "beraETH": 247991.2712075249, "USD\u20ae0": 613906.1586358781, "weETH": 299196.8934844063, "rswETH": 12142.842474967667, "SBTC": 11.494433640022791, "iBERA": 13119.359657646231, "IR": 103.99870562444893, "savUSD": 4151313.6482202257, "ylstETH": 2.337739360987576, "HENLO": 55.400394587943005, "KDK": 2335.659809351997, "PT-iBGT-25DEC2025": 5.74123339162813, "uniBTC": 51878.62075346951, "SolvBTC.BBN": 114.81996974063138, "wgBERA": 1934.353536614149, "ylpumpBTC": 4.594793490004088, "ylBTCLST": 126.76393976105217, "STONE": 18216.173082853136, "LBTC": 32142.837287731254, "stBTC": 25741782.384404123, "HONEY": 373196.9112321092, "USDa": 2885.4560749526945}, "Arbitrum": {"dPT-GLP-26SEP2024": 15113.595364562727, "PENDLE": 499297.2792325947, "JONES": 44.00771258680652, "dGLV [WETH-USDC]": 433031.14365554816, "dPT-ezETH-27JUN2024": 256.8116004228542, "dGM": 8360065.966655169, "dPT-wstETH-27JUN2024": 589.4523376669475, "dARB": 7394.775160417344, "ezETH": 37771.42760796922, "dPT-weETH-26DEC2024": 153.0748721936179, "WBTC": 4344821.777142981, "RDNT": 658.5197147318893, "dfsGLP": 7.900252655449166, "weETH": 2470487.6579252426, "GRAIL": 17763.86744830582, "rsETH": 357.77487751271724, "dPT-weETH-26SEP2024": 81.19852415077315, "XAI": 1320.0131505334718, "PREMIA": 2754.8211465055615, "MAGIC": 3175.2921303533326, "wstETH": 211297.510259037, "dplvGLP": 136.33500999652261, "USDe": 1265.922199092857, "USDS": 3701.6683003444755, "uniBTC": 153.04196095946716, "tBTC": 882.9774855502533, "dPT-weETH-27JUN2024": 665.2848517880947, "dGMX": 719891.288974158, "dGLV [WBTC-USDC]": 506106.01108549366, "WETH": 5556627.084397719, "ARB": 239949.0539886914, "dPT-ezETH-26SEP2024": 3761.2320491259816, "dPT-weETH-25APR2024": 50.64822752788374, "USDC": 3982818.2044262695, "AAVE": 12317.904611109498, "dPT-rETH-26JUN2025": 5.911822414352113, "dPT-rsETH-26SEP2024": 976.5518474376593, "WOETH": 24.97146628364447, "DAI": 32874.12032231364, "sUSDS": 20.16098736074597, "rETH": 40725.216885994974, "LINK": 673923.988903069, "UNI": 1037389.6187519173, "GMX": 11870.791171370183, "USDT": 230285.04847024844, "MIM": 1405.2431480528078, "dPT-wstETH-26JUN2025": 30.311548883641855, "USDC.e": 122407.59427649759}, "Ethereum": {"rUSD": 5.119431816387696, "DOLO": 120433.25522897267, "WBTC": 1215521.1636489264, "LINK": 172.89818132952303, "srUSD": 763350.7049918369, "wstETH": 4144295.758767288, "stcUSD": 18503.458046033007, "USD1": 175601273.9406908, "sUSDe": 48880.497551696506, "USDC": 119714838.3359319, "WETH": 50032356.538928375, "cbBTC": 32668.57916834641, "cUSD": 25.178368731959797, "weETH": 29381510.12462193, "wsrUSD": 230.37266087996744, "CRV": 19968.520860997854, "mETH": 3563629.70548496, "WLFI": 375976393.87638855, "USDT": 215143.4941937796}, "Botanix": {"pBTC": 12146.42215193086, "oUSDT": 17.268456841796652, "USDC.e": 62757.10910831477, "WETH": 6.1025614950012566, "stBTC": 163949.2623248917}, "Mantle": {"USDC": 768.2853061370416, "USDT": 13719.074900919008, "dPT-mETH-26DEC2024": 309.52246629481795, "USDY": 411.953455008837, "USDe": 35.062217456149604, "dWMNT": 2.2718200368860098, "WMNT": 9506.081457820703, "dPT-cmETH-13FEB2025": 306.3024933062199, "dPT-USDe-25JUL2024": 11.165079787422387, "FBTC": 1405.2801585787383, "WBTC": 838.9654608134188, "mETH": 44178.57854748403, "WETH": 3564.3132072548665, "dPT-sMNT-3OCT2024": 19.684338619022856, "cmETH": 6276.135126309989, "dPT-USDe-26DEC2024": 61.900056475485584},