{"currentChainTvls": {"Berachain": 34992802.33929863, "Berachain-borrowed": 4898119.492014622, "Arbitrum": 20860431.36314826, "Arbitrum-borrowed": 9410250.49552301, "Ethereum": 451464377.3508611, "Ethereum-borrowed": 300183682.68398476, "Botanix": 139818.9530242956, "Botanix-borrowed": 53471.20286572216, "Mantle": 66944.04529302183, "Mantle-borrowed": 12530.662344540733, "Polygon zkEVM": 7134.630963389269, "Polygon zkEVM-borrowed": 134.4725254795557, "X Layer": 922.6706865045943, "X Layer-borrowed": 179.70915740269163, "borrowed": 314558368.7184155}, "tokensInUsd": [{"tokens": {"WBTC": 6263075.30576893, "rUSD": 31634.24077498494, "DOLO": 498200.7566824077, "sWBERA": 300520.76195947704, "OHM": 19777.744776720567, "NECT": 16977.827586931468, "pumpBTC.bera": 1232.7918840818518, "sUSDe": 97139.12804358453, "sUSDa": 2.5650367756000048, "WETH": 56120023.23404552, "rsETH": 360.61340423447047, "SolvBTC": 33772.81006024406, "srUSD": 763888.9609014416, "USDC.e": 3965297.0389572647, "diBGT": 164119.67170179618, "USDe": 30039.832826938426, "pol-rUSD": 434.93348250532284, "eBTC": 388.1829359711704, "BYUSD": 81377.26567957015, "WBERA": 1187158.6699863193, "oriBGT": 447799.8741127771, "beraETH": 249520.06803233197, "USD\u20ae0": 614016.1693975627, "weETH": 35800491.524176925, "rswETH": 12142.842474967667, "SBTC": 11.494433640022791, "iBERA": 12175.969314760172, "IR": 95.43522881957297, "savUSD": 4151313.6482202257, "ylstETH": 2.337739360987576, "HENLO": 55.400394587943005, "KDK": 2335.659809351997, "PT-iBGT-25DEC2025": 5.74123339162813, "uniBTC": 54158.33648035846, "SolvBTC.BBN": 114.81996974063138, "wgBERA": 1934.353536614149, "ylpumpBTC": 4.594793490004088, "ylBTCLST": 126.76393976105217, "STONE": 18753.210865103185, "LBTC": 32142.837287731254, "stBTC": 25860220.650055133, "HONEY": 392427.1643559204, "USDa": 2885.46376790037, "dPT-GLP-26SEP2024": 15113.595364562727, "PENDLE": 508901.1061743594, "JONES": 44.00771258680652, "dGLV [WETH-USDC]": 418103.6398947958, "dPT-ezETH-27JUN2024": 256.8116004228542, "dGM": 8315064.933046398, "dPT-wstETH-27JUN2024": 589.4523376669475, "dARB": 7394.775160417344, "ezETH": 50412.66078319734, "dPT-weETH-26DEC2024": 153.0748721936179, "RDNT": 608.0973113947463, "dfsGLP": 7.900252655449166, "GRAIL": 18192.407304793836, "dPT-weETH-26SEP2024": 81.19852415077315, "XAI": 1423.607879784784, "PREMIA": 2754.8211465055615, "MAGIC": 2985.359445902677, "wstETH": 2413966.682400598, "dplvGLP": 136.33500999652261, "USDS": 3712.402006430456, "tBTC": 499.40381042181843, "dPT-weETH-27JUN2024": 665.2848517880947, "dGMX": 755131.7163624254, "dGLV [WBTC-USDC]": 515961.7025232638, "ARB": 233177.29859224102, "dPT-ezETH-26SEP2024": 3761.2320491259816, "dPT-weETH-25APR2024": 50.64822752788374, "USDC": 127722332.72829044, "AAVE": 11869.748296139012, "dPT-rETH-26JUN2025": 5.911822414352113, "dPT-rsETH-26SEP2024": 976.5518474376593, "WOETH": 24.97146628364447, "DAI": 32902.85628740517, "sUSDS": 30.429191586671323, "rETH": 40894.048555850655, "LINK": 644393.0865534011, "UNI": 1024056.3140301158, "GMX": 12607.877495499124, "USDT": 384460.3366984212, "MIM": 1404.0880739805382, "dPT-wstETH-26JUN2025": 30.311548883641855, "stcUSD": 18503.458046033007, "USD1": 188098163.60597292, "cbBTC": 30110.680822550963, "cUSD": 25.178368731959797, "wsrUSD": 230.37266087996744, "CRV": 19968.520860997854, "mETH": 3606799.8289030725, "WLFI": 349912110.63785183, "pBTC": 12042.503401831616, "oUSDT": 17.268456841796652, "dPT-mETH-26DEC2024": 309.52246629481795, "USDY": 411.953455008837, "dWMNT": 2.2718200368860098, "WMNT": 9571.882466301726, "dPT-cmETH-13FEB2025": 306.3024933062199, "dPT-USDe-25JUL2024": 11.165079787422387, "FBTC": 1406.6279212633817, "dPT-sMNT-3OCT2024": 19.684338619022856, "cmETH": 5281.9596246580695, "dPT-USDe-26DEC2024": 61.900056475485584, "POL": 24.37370165258883, "USDC.E": 1341.9329187198425, "MATIC": 412.57096720216725, "WOKB": 369.75811608119017}}], "chainTokensInUsd": {"Berachain": {"WBTC": 967098.7725890087, "rUSD": 31629.121343168554, "DOLO": 392287.1474359842, "sWBERA": 300520.76195947704, "OHM": 19777.744776720567, "NECT": 16977.827586931468, "pumpBTC.bera": 1232.7918840818518, "sUSDe": 48207.566636686686, "sUSDa": 2.5650367756000048, "WETH": 796486.5789937518, "rsETH": 7.73323371733219, "SolvBTC": 33772.81006024406, "srUSD": 6059.552331468267, "USDC.e": 3781579.671273489, "diBGT": 164119.67170179618, "USDe": 28737.892333042688, "pol-rUSD": 434.93348250532284, "eBTC": 388.1829359711704, "BYUSD": 81377.26567957015, "WBERA": 1187158.6699863193, "oriBGT": 447799.8741127771, "beraETH": 249520.06803233197, "USD\u20ae0": 614016.1693975627, "weETH": 299414.56596861786, "rswETH": 12142.842474967667, "SBTC": 11.494433640022791, "iBERA": 12175.969314760172, "IR": 95.43522881957297, "savUSD": 4151313.6482202257, "ylstETH": 2.337739360987576, "HENLO": 55.400394587943005, "KDK": 2335.659809351997, "PT-iBGT-25DEC2025": 5.74123339162813, "uniBTC": 54003.77077177241, "SolvBTC.BBN": 114.81996974063138, "wgBERA": 1934.353536614149, "ylpumpBTC": 4.594793490004088, "ylBTCLST": 126.76393976105217, "STONE": 18753.210865103185, "LBTC": 32142.837287731254, "stBTC": 25741782.384404123, "HONEY": 392427.1643559204, "USDa": 2885.46376790037}, "Arbitrum": {"dPT-GLP-26SEP2024": 15113.595364562727, "PENDLE": 508901.1061743594, "JONES": 44.00771258680652, "dGLV [WETH-USDC]": 418103.6398947958, "dPT-ezETH-27JUN2024": 256.8116004228542, "dGM": 8315064.933046398, "dPT-wstETH-27JUN2024": 589.4523376669475, "dARB": 7394.775160417344, "ezETH": 50412.66078319734, "dPT-weETH-26DEC2024": 153.0748721936179, "WBTC": 4396691.901494296, "RDNT": 608.0973113947463, "dfsGLP": 7.900252655449166, "weETH": 2364042.3229549755, "GRAIL": 18192.407304793836, "rsETH": 352.88017051713825, "dPT-weETH-26SEP2024": 81.19852415077315, "XAI": 1423.607879784784, "PREMIA": 2754.8211465055615, "MAGIC": 2985.359445902677, "wstETH": 206539.30946102872, "dplvGLP": 136.33500999652261, "USDe": 1266.8782764395883, "USDS": 3712.402006430456, "uniBTC": 154.56570858604996, "tBTC": 499.40381042181843, "dPT-weETH-27JUN2024": 665.2848517880947, "dGMX": 755131.7163624254, "dGLV [WBTC-USDC]": 515961.7025232638, "WETH": 5815872.417929815, "ARB": 233177.29859224102, "dPT-ezETH-26SEP2024": 3761.2320491259816, "dPT-weETH-25APR2024": 50.64822752788374, "USDC": 4507223.518248467, "AAVE": 11869.748296139012, "dPT-rETH-26JUN2025": 5.911822414352113, "dPT-rsETH-26SEP2024": 976.5518474376593, "WOETH": 24.97146628364447, "DAI": 32695.7271964787, "sUSDS": 30.429191586671323, "rETH": 40894.048555850655, "LINK": 644220.1883720716, "UNI": 1024056.3140301158, "GMX": 12607.877495499124, "USDT": 233607.07242046652, "MIM": 1404.0880739805382, "dPT-wstETH-26JUN2025": 30.311548883641855, "USDC.e": 120931.35186493504}, "Ethereum": {"rUSD": 5.119431816387696, "DOLO": 105913.60924642348, "WBTC": 898443.9359478081, "LINK": 172.89818132952303, "srUSD": 757829.4085699733, "wstETH": 2207427.3729395694, "stcUSD": 18503.458046033007, "USD1": 188098163.60597292, "sUSDe": 48931.56140689784, "USDC": 123214286.3270722, "WETH": 49498700.90027632, "cbBTC": 30110.680822550963, "cUSD": 25.178368731959797, "weETH": 33137034.635253333, "wsrUSD": 230.37266087996744, "CRV": 19968.520860997854, "mETH": 3563629.70548496, "WLFI": 349912110.63785183, "USDT": 136572.10645123653}, "Botanix": {"pBTC": 12042.503401831616, "oUSDT": 17.268456841796652, "USDC.e": 62786.01581884102, "WETH": 6.1025614950012566, "stBTC": 118438.26565100832}, "Mantle": {"USDC": 768.4252328519468, "USDT": 13723.15124866085, "dPT-mETH-26DEC2024": 309.52246629481795, "USDY": 411.953455008837, "USDe": 35.062217456149604, "dWMNT": 2.2718200368860098, "WMNT": 9571.882466301726, "dPT-cmETH-13FEB2025": 306.3024933062199, "dPT-USDe-25JUL2024": 11.165079787422387, "FBTC": 1406.6279212633817, "WBTC": 838.9654608134188, "mETH": 43170.123418112446, "WETH": 3555.7103379158975, "dPT-sMNT-3OCT2024": 19.684338619022856, "cmETH": 5281.9596246580695, "dPT-USDe-26DEC2024": 61.900056475485584},