{"currentChainTvls": {"Berachain": 36140878.42398573, "Berachain-borrowed": 4926120.977502564, "Arbitrum": 20010640.366900623, "Arbitrum-borrowed": 8102209.9353421135, "Ethereum": 512570583.616747, "Ethereum-borrowed": 287886057.4204354, "Mantle": 83066.9015660104, "Mantle-borrowed": 13135.693625791602, "Polygon zkEVM": 7134.630963389269, "Polygon zkEVM-borrowed": 134.4725254795557, "X Layer": 922.6706865045943, "X Layer-borrowed": 179.70915740269163, "borrowed": 300927838.2085888}, "tokensInUsd": [{"tokens": {"WBTC": 7359218.748843295, "rUSD": 31766.61161114438, "DOLO": 561303.4845033538, "sWBERA": 331162.69208934857, "OHM": 96499.64325279019, "NECT": 16984.455262873795, "pumpBTC.bera": 1937.1623030950357, "sUSDe": 49944.9458604591, "sUSDa": 2.5650367756000048, "WETH": 59898089.732758366, "rsETH": 368.03251829932293, "SolvBTC": 32480.671098120965, "srUSD": 831569.2441020309, "USDC.e": 4345188.598781708, "diBGT": 204153.0035037356, "USDe": 30986.627240465274, "pol-rUSD": 434.93348250532284, "eBTC": 388.1829359711704, "BYUSD": 84266.23447292624, "WBERA": 1516356.2915929388, "oriBGT": 473769.11750411347, "beraETH": 249113.26529720286, "USD\u20ae0": 641040.7284154336, "weETH": 21110928.529742576, "rswETH": 12142.842474967667, "SBTC": 11.494433640022791, "iBERA": 14418.152439780431, "IR": 132.97857784570368, "savUSD": 4200017.654640707, "ylstETH": 2.337739360987576, "HENLO": 55.400394587943005, "KDK": 2335.659809351997, "PT-iBGT-25DEC2025": 5.74123339162813, "uniBTC": 52360.20193575974, "SolvBTC.BBN": 114.81996974063138, "wgBERA": 1934.353536614149, "ylpumpBTC": 4.594793490004088, "ylBTCLST": 126.76393976105217, "STONE": 18655.815524274953, "LBTC": 31334.80529781731, "stBTC": 25741782.384404123, "HONEY": 452894.3362177305, "USDa": 2885.4405835934867, "dPT-GLP-26SEP2024": 15113.595364562727, "PENDLE": 485779.4218161191, "JONES": 43.50127527135749, "dGLV [WETH-USDC]": 425707.5848692197, "dPT-ezETH-27JUN2024": 256.8116004228542, "dGM": 9326776.702222403, "dPT-wstETH-27JUN2024": 589.4523376669475, "dARB": 7394.775160417344, "ezETH": 35903.11054932595, "dPT-weETH-26DEC2024": 153.0748721936179, "RDNT": 710.6371105013369, "dfsGLP": 7.900252655449166, "GRAIL": 16135.364726625327, "dPT-weETH-26SEP2024": 81.19852415077315, "XAI": 1341.3447437955494, "PREMIA": 2754.8211465055615, "MAGIC": 2813.0812240675627, "wstETH": 211732.49804934306, "dplvGLP": 136.33500999652261, "USDS": 3715.555637105127, "DPX": 7.337541804984554, "tBTC": 489.8537165997376, "dPT-weETH-27JUN2024": 665.2848517880947, "dGMX": 614869.2562811819, "dGLV [WBTC-USDC]": 474948.8966624525, "ARB": 237666.43590535314, "dPT-ezETH-26SEP2024": 3761.2320491259816, "dPT-weETH-25APR2024": 50.64822752788374, "USDC": 134573045.34681568, "AAVE": 14189.331729667369, "dPT-rETH-26JUN2025": 5.911822414352113, "dPT-rsETH-26SEP2024": 976.5518474376593, "WOETH": 24.97146628364447, "DAI": 33187.550655621744, "sUSDS": 20.16098736074597, "rETH": 41237.810226146146, "LINK": 746411.7917690979, "UNI": 1090449.3750662804, "GMX": 12365.386952176765, "USDT": 444031.0429571461, "MIM": 1406.0266995220213, "dPT-wstETH-26JUN2025": 30.311548883641855, "stcUSD": 19910.53279045335, "USD1": 181791977.9759969, "cbBTC": 30779.902573915944, "cUSD": 25.178368731959797, "wsrUSD": 230.37266087996744, "CRV": 19968.520860997854, "mETH": 3522199.27556871, "WLFI": 407108464.3024762, "dPT-mETH-26DEC2024": 309.52246629481795, "USDY": 411.85044455836885, "dWMNT": 2.2718200368860098, "WMNT": 9939.862078152706, "dPT-cmETH-13FEB2025": 306.3024933062199, "dPT-USDe-25JUL2024": 11.165079787422387, "FBTC": 1434.493367647839, "dPT-sMNT-3OCT2024": 19.684338619022856, "cmETH": 6706.507864811452, "dPT-USDe-26DEC2024": 61.900056475485584, "POL": 24.37370165258883, "USDC.E": 1341.9329187198425, "MATIC": 412.57096720216725, "WOKB": 369.75811608119017}}], "chainTokensInUsd": {"Berachain": {"WBTC": 990230.9099975148, "rUSD": 31761.492179327994, "DOLO": 434193.57528844726, "sWBERA": 331162.69208934857, "OHM": 96499.64325279019, "NECT": 16984.455262873795, "pumpBTC.bera": 1937.1623030950357, "sUSDe": 49377.29360023864, "sUSDa": 2.5650367756000048, "WETH": 821444.0067377618, "rsETH": 7.73323371733219, "SolvBTC": 32480.671098120965, "srUSD": 6032.680525010295, "USDC.e": 4224485.171512136, "diBGT": 204153.0035037356, "USDe": 28697.25604624766, "pol-rUSD": 434.93348250532284, "eBTC": 388.1829359711704, "BYUSD": 84266.23447292624, "WBERA": 1516356.2915929388, "oriBGT": 473769.11750411347, "beraETH": 249113.26529720286, "USD\u20ae0": 641040.7284154336, "weETH": 301113.8336643527, "rswETH": 12142.842474967667, "SBTC": 11.494433640022791, "iBERA": 14418.152439780431, "IR": 132.97857784570368, "savUSD": 4200017.654640707, "ylstETH": 2.337739360987576, "HENLO": 55.400394587943005, "KDK": 2335.659809351997, "PT-iBGT-25DEC2025": 5.74123339162813, "uniBTC": 52210.92644492446, "SolvBTC.BBN": 114.81996974063138, "wgBERA": 1934.353536614149, "ylpumpBTC": 4.594793490004088, "ylBTCLST": 126.76393976105217, "STONE": 18655.815524274953, "LBTC": 31334.80529781731, "stBTC": 25741782.384404123, "HONEY": 452894.3362177305, "USDa": 2885.4405835934867}, "Arbitrum": {"dPT-GLP-26SEP2024": 15113.595364562727, "PENDLE": 485779.4218161191, "JONES": 43.50127527135749, "dGLV [WETH-USDC]": 425707.5848692197, "dPT-ezETH-27JUN2024": 256.8116004228542, "dGM": 9326776.702222403, "dPT-wstETH-27JUN2024": 589.4523376669475, "dARB": 7394.775160417344, "ezETH": 35903.11054932595, "dPT-weETH-26DEC2024": 153.0748721936179, "WBTC": 4163351.591308528, "RDNT": 710.6371105013369, "dfsGLP": 7.900252655449166, "weETH": 30133.539338095496, "GRAIL": 16135.364726625327, "rsETH": 360.2992845819907, "dPT-weETH-26SEP2024": 81.19852415077315, "XAI": 1341.3447437955494, "PREMIA": 2754.8211465055615, "MAGIC": 2813.0812240675627, "wstETH": 211732.49804934306, "dplvGLP": 136.33500999652261, "USDe": 2122.1348561378773, "USDS": 3715.555637105127, "uniBTC": 149.27549083528163, "DPX": 7.337541804984554, "tBTC": 489.8537165997376, "dPT-weETH-27JUN2024": 665.2848517880947, "dGMX": 614869.2562811819, "dGLV [WBTC-USDC]": 474948.8966624525, "WETH": 5696903.509430392, "ARB": 237666.43590535314, "dPT-ezETH-26SEP2024": 3761.2320491259816, "dPT-weETH-25APR2024": 50.64822752788374, "USDC": 4055842.6348670996, "AAVE": 14189.331729667369, "dPT-rETH-26JUN2025": 5.911822414352113, "dPT-rsETH-26SEP2024": 976.5518474376593, "WOETH": 24.97146628364447, "DAI": 32980.42156469527, "sUSDS": 20.16098736074597, "rETH": 41237.810226146146, "LINK": 746029.7879880766, "UNI": 1090449.3750662804, "GMX": 12365.386952176765, "USDT": 233962.13077036728, "MIM": 1406.0266995220213, "dPT-wstETH-26JUN2025": 30.311548883641855, "USDC.e": 120703.42726957187}, "Ethereum": {"rUSD": 5.119431816387696, "DOLO": 127109.90921490653, "WBTC": 2204795.5517994342, "LINK": 382.00378102133425, "srUSD": 825536.5635770205, "stcUSD": 19910.53279045335, "USD1": 181791977.9759969, "sUSDe": 567.652260220454, "USDC": 130516379.98589775, "WETH": 53370692.32429518, "cbBTC": 30779.902573915944, "cUSD": 25.178368731959797, "weETH": 20779681.15674013, "wsrUSD": 230.37266087996744, "CRV": 19968.520860997854, "mETH": 3464311.659917466, "WLFI": 407108464.3024762, "USDT": 195822.32453948187}, "Mantle": {"USDC": 768.268313928074, "USDT": 13688.581069239724, "dPT-mETH-26DEC2024": 309.52246629481795, "USDY": 411.85044455836885, "USDe": 167.23633807973755, "dWMNT": 2.2718200368860098, "WMNT": 9939.862078152706, "dPT-cmETH-13FEB2025": 306.3024933062199, "dPT-USDe-25JUL2024": 11.165079787422387, "FBTC": 1434.493367647839, "WBTC": 838.9654608134188, "mETH": 57887.61565124418, "WETH": 3648.3683488066577, "dPT-sMNT-3OCT2024": 19.684338619022856, "cmETH": 6706.507864811452, "dPT-USDe-26DEC2024": 61.900056475485584}, "Polygon zkEVM": {"USDT": 396.5440259908066, "POL": 24.37370165258883, "USDC.E": 1341.9329187198425, "WETH": 4884.822507373056, "MATIC": 412.57096720216725, "DAI": 207.12909092647467, "WBTC": 1.7302770038885988}, "X Layer": {"USDT": 161.46255206648038, "WETH": 516.7014388535599,