{"currentChainTvls": {"Berachain": 34569366.965484306, "Berachain-borrowed": 4110256.351174038, "Arbitrum": 22129929.28169173, "Arbitrum-borrowed": 8719936.95229044, "Ethereum": 437514867.4207758, "Ethereum-borrowed": 290780376.95670104, "Botanix": 142165.4521972935, "Botanix-borrowed": 53581.129057731734, "Mantle": 68466.89969009168, "Mantle-borrowed": 12613.779326486332, "Polygon zkEVM": 7134.630963389269, "Polygon zkEVM-borrowed": 134.4725254795557, "X Layer": 922.6706865045943, "X Layer-borrowed": 179.70915740269163, "borrowed": 303677079.3502326}, "tokensInUsd": [{"tokens": {"WBTC": 6909799.457233896, "rUSD": 29249.191594384272, "DOLO": 520314.8803313746, "sWBERA": 291694.08141961857, "OHM": 19715.508106391895, "NECT": 16979.003853965845, "pumpBTC.bera": 1232.7918840818518, "sUSDe": 97182.53738600278, "sUSDa": 2.5650367756000048, "WETH": 58260095.46999164, "rsETH": 374.1540195924623, "SolvBTC": 34666.903371329296, "srUSD": 748236.6386661088, "USDC.e": 3874222.9252336454, "diBGT": 165900.09309035994, "USDe": 30062.28154998924, "pol-rUSD": 434.93348250532284, "eBTC": 388.1829359711704, "BYUSD": 82777.65539663768, "WBERA": 1188371.9857805439, "oriBGT": 438522.1645873342, "beraETH": 249520.06803233197, "USD\u20ae0": 614493.6366680011, "weETH": 38532311.450638674, "rswETH": 12142.842474967667, "SBTC": 11.494433640022791, "iBERA": 12247.31094728288, "IR": 107.21034758910943, "savUSD": 3282390.111558113, "ylstETH": 2.337739360987576, "HENLO": 55.400394587943005, "KDK": 2335.659809351997, "PT-iBGT-25DEC2025": 5.74123339162813, "uniBTC": 53616.92835017246, "SolvBTC.BBN": 114.81996974063138, "wgBERA": 1934.353536614149, "ylpumpBTC": 4.594793490004088, "ylBTCLST": 126.76393976105217, "STONE": 17894.804158573716, "LBTC": 32142.837287731254, "stBTC": 25862599.816499352, "HONEY": 285954.181034404, "USDa": 2885.480543795949, "dPT-GLP-26SEP2024": 15113.595364562727, "PENDLE": 687153.3824201616, "JONES": 44.00771258680652, "dGLV [WETH-USDC]": 435446.3995106013, "dPT-ezETH-27JUN2024": 256.8116004228542, "dGM": 8520776.441753361, "dPT-wstETH-27JUN2024": 589.4523376669475, "dARB": 6501.771211626431, "ezETH": 38332.76500124279, "dPT-weETH-26DEC2024": 153.0748721936179, "RDNT": 942.2797061673358, "dfsGLP": 7.900252655449166, "GRAIL": 18854.133458730445, "dPT-weETH-26SEP2024": 81.19852415077315, "XAI": 1432.8245032691723, "PREMIA": 2754.8211465055615, "MAGIC": 2912.1335345562497, "wstETH": 214309.7601348022, "dplvGLP": 136.33500999652261, "USDS": 3712.4787521544463, "tBTC": 502.44306112350944, "dPT-weETH-27JUN2024": 665.2848517880947, "dGMX": 679203.6726323538, "dGLV [WBTC-USDC]": 598036.2165309426, "ARB": 233336.9369984859, "dPT-ezETH-26SEP2024": 3761.2320491259816, "dPT-weETH-25APR2024": 50.64822752788374, "USDC": 134667096.08055055, "AAVE": 11624.261810182637, "dPT-rETH-26JUN2025": 5.911822414352113, "dPT-rsETH-26SEP2024": 976.5518474376593, "WOETH": 24.97146628364447, "DAI": 32711.277662453907, "sUSDS": 30.437700610678704, "rETH": 41319.70492021227, "LINK": 644982.7721060131, "UNI": 1044056.2014778011, "GMX": 164724.82613835883, "USDT": 393217.2446773639, "MIM": 1404.047461687658, "dPT-wstETH-26JUN2025": 30.311548883641855, "stcUSD": 14492.925073452903, "USD1": 184902979.70554206, "cbBTC": 30587.68284261275, "cUSD": 25.178368731959797, "wsrUSD": 230.37266087996744, "CRV": 19968.520860997854, "mETH": 3608179.4856845695, "WLFI": 319361457.50492185, "pBTC": 12039.615499748495, "oUSDT": 17.15248969398468, "dPT-mETH-26DEC2024": 309.52246629481795, "USDY": 411.953455008837, "dWMNT": 2.2718200368860098, "WMNT": 9635.941736489533, "dPT-cmETH-13FEB2025": 306.3024933062199, "dPT-USDe-25JUL2024": 11.165079787422387, "FBTC": 1406.6279212633817, "dPT-sMNT-3OCT2024": 19.684338619022856, "cmETH": 5246.671014134116, "dPT-USDe-26DEC2024": 61.900056475485584, "POL": 24.37370165258883, "USDC.E": 1341.9329187198425, "MATIC": 412.57096720216725, "WOKB": 369.75811608119017}}], "chainTokensInUsd": {"Berachain": {"WBTC": 773873.6625850849, "rUSD": 29244.072162567885, "DOLO": 428150.6356732058, "sWBERA": 291694.08141961857, "OHM": 19715.508106391895, "NECT": 16979.003853965845, "pumpBTC.bera": 1232.7918840818518, "sUSDe": 48237.61322171314, "sUSDa": 2.5650367756000048, "WETH": 823191.8417257261, "rsETH": 8.10916864373367, "SolvBTC": 34666.903371329296, "srUSD": 6061.816418200125, "USDC.e": 3693501.231286059, "diBGT": 165900.09309035994, "USDe": 28757.79257325089, "pol-rUSD": 434.93348250532284, "eBTC": 388.1829359711704, "BYUSD": 82777.65539663768, "WBERA": 1188371.9857805439, "oriBGT": 438522.1645873342, "beraETH": 249520.06803233197, "USD\u20ae0": 614493.6366680011, "weETH": 298303.31566501077, "rswETH": 12142.842474967667, "SBTC": 11.494433640022791, "iBERA": 12247.31094728288, "IR": 107.21034758910943, "savUSD": 3282390.111558113, "ylstETH": 2.337739360987576, "HENLO": 55.400394587943005, "KDK": 2335.659809351997, "PT-iBGT-25DEC2025": 5.74123339162813, "uniBTC": 53455.32392651944, "SolvBTC.BBN": 114.81996974063138, "wgBERA": 1934.353536614149, "ylpumpBTC": 4.594793490004088, "ylBTCLST": 126.76393976105217, "STONE": 17894.804158573716, "LBTC": 32142.837287731254, "stBTC": 25741782.384404123, "HONEY": 285954.181034404, "USDa": 2885.480543795949}, "Arbitrum": {"dPT-GLP-26SEP2024": 15113.595364562727, "PENDLE": 687153.3824201616, "JONES": 44.00771258680652, "dGLV [WETH-USDC]": 435446.3995106013, "dPT-ezETH-27JUN2024": 256.8116004228542, "dGM": 8520776.441753361, "dPT-wstETH-27JUN2024": 589.4523376669475, "dARB": 6501.771211626431, "ezETH": 38332.76500124279, "dPT-weETH-26DEC2024": 153.0748721936179, "WBTC": 5267228.619882607, "RDNT": 942.2797061673358, "dfsGLP": 7.900252655449166, "weETH": 1386069.2097239478, "GRAIL": 18854.133458730445, "rsETH": 366.04485094872865, "dPT-weETH-26SEP2024": 81.19852415077315, "XAI": 1432.8245032691723, "PREMIA": 2754.8211465055615, "MAGIC": 2912.1335345562497, "wstETH": 214309.7601348022, "dplvGLP": 136.33500999652261, "USDe": 1267.7080667065236, "USDS": 3712.4787521544463, "uniBTC": 161.60442365301563, "tBTC": 502.44306112350944, "dPT-weETH-27JUN2024": 665.2848517880947, "dGMX": 679203.6726323538, "dGLV [WBTC-USDC]": 598036.2165309426, "WETH": 6078867.430192494, "ARB": 233336.9369984859, "dPT-ezETH-26SEP2024": 3761.2320491259816, "dPT-weETH-25APR2024": 50.64822752788374, "USDC": 4338066.371854752, "AAVE": 11624.261810182637, "dPT-rETH-26JUN2025": 5.911822414352113, "dPT-rsETH-26SEP2024": 976.5518474376593, "WOETH": 24.97146628364447, "DAI": 32504.148571527432, "sUSDS": 30.437700610678704, "rETH": 41319.70492021227, "LINK": 644926.3218186337, "UNI": 1044056.2014778011, "GMX": 164724.82613835883, "USDT": 253288.13190553477, "MIM": 1404.047461687658, "dPT-wstETH-26JUN2025": 30.311548883641855, "USDC.e": 117855.41533872811}, "Ethereum": {"rUSD": 5.119431816387696, "DOLO": 92164.2446581688, "WBTC": 867856.4790283865, "LINK": 56.450287379460676, "srUSD": 742174.8222479087, "stcUSD": 14492.925073452903, "USD1": 184902979.70554206, "sUSDe": 48944.924164289645, "USDC": 130328206.82582213, "WETH": 51348888.02742311, "cbBTC": 30587.68284261275, "cUSD": 25.178368731959797, "weETH": 36847938.92524972, "wsrUSD": 230.37266087996744, "CRV": 19968.520860997854, "mETH": 3563629.70548496, "WLFI": 319361457.50492185, "USDT": 125636.96340839041}, "Botanix": {"pBTC": 12039.615499748495, "oUSDT": 17.15248969398468, "USDC.e": 62866.27860885797, "WETH": 6.1025614950012566, "stBTC": 120817.43209522976}, "Mantle": {"USDC": 768.4251367478689, "USDT": 13734.142785381404, "dPT-mETH-26DEC2024": 309.52246629481795, "USDY": 411.953455008837, "USDe": 36.78091003182738, "dWMNT": 2.2718200368860098, "WMNT": 9635.941736489533, "dPT-cmETH-13FEB2025": 306.3024933062199, "dPT-USDe-25JUL2024": 11.165079787422387, "FBTC": 1406.6279212633817, "WBTC": 838.9654608134188, "mETH": 44549.78019960916, "WETH": 3740.544142578624, "dPT-sMNT-3OCT2024": 19.684338619022856, "cmETH": 5246.671014134116, "dPT-USDe-26DEC2024": 61.900056475485584}, "Polygon zkEVM": {"USDT": 396.5440259908066,