{"currentChainTvls": {"Berachain": 36056152.76573779, "Berachain-borrowed": 4907321.495711591, "Arbitrum": 19915995.27565767, "Arbitrum-borrowed": 8082533.314139859, "Ethereum": 499648524.4361068, "Ethereum-borrowed": 287311146.8575803, "Mantle": 83227.26717050746, "Mantle-borrowed": 13283.170482672549, "Polygon zkEVM": 7134.630963389269, "Polygon zkEVM-borrowed": 134.4725254795557, "X Layer": 922.6706865045943, "X Layer-borrowed": 179.70915740269163, "borrowed": 300314599.01959735}, "tokensInUsd": [{"tokens": {"WBTC": 7356353.940934976, "rUSD": 31765.276940243944, "DOLO": 555269.0337582392, "sWBERA": 331162.69208934857, "OHM": 96032.51782203773, "NECT": 16984.36239824122, "pumpBTC.bera": 1937.1623030950357, "sUSDe": 49944.9458604591, "sUSDa": 2.5650367756000048, "WETH": 60196108.84448074, "rsETH": 368.03251829932293, "SolvBTC": 32461.588482922318, "srUSD": 831569.2441020309, "USDC.e": 4345865.939787666, "diBGT": 193819.71645260192, "USDe": 32736.789678233446, "pol-rUSD": 434.93348250532284, "eBTC": 388.1829359711704, "BYUSD": 84266.23447292624, "WBERA": 1438013.5861403546, "oriBGT": 473769.11750411347, "beraETH": 249113.26529720286, "USD\u20ae0": 640976.0967988798, "weETH": 21111688.204177007, "rswETH": 12142.842474967667, "SBTC": 11.494433640022791, "iBERA": 13573.15338649544, "IR": 122.99197775358441, "savUSD": 4200017.654640707, "ylstETH": 2.337739360987576, "HENLO": 55.400394587943005, "KDK": 2335.659809351997, "PT-iBGT-25DEC2025": 5.74123339162813, "uniBTC": 52360.20193575974, "SolvBTC.BBN": 114.81996974063138, "wgBERA": 1934.353536614149, "ylpumpBTC": 4.594793490004088, "ylBTCLST": 126.76393976105217, "STONE": 18655.815524274953, "LBTC": 31334.80529781731, "stBTC": 25741782.384404123, "HONEY": 453267.1121894586, "USDa": 2885.4405835934867, "dPT-GLP-26SEP2024": 15113.595364562727, "PENDLE": 468249.5837925081, "JONES": 43.50127527135749, "dGLV [WETH-USDC]": 425707.5848692197, "dPT-ezETH-27JUN2024": 256.8116004228542, "dGM": 9305090.800482037, "dPT-wstETH-27JUN2024": 589.4523376669475, "dARB": 7394.775160417344, "ezETH": 35903.11054932595, "dPT-weETH-26DEC2024": 153.0748721936179, "RDNT": 710.6371105013369, "dfsGLP": 7.900252655449166, "GRAIL": 15527.229461423924, "dPT-weETH-26SEP2024": 81.19852415077315, "XAI": 1341.3447437955494, "PREMIA": 2754.8211465055615, "MAGIC": 2813.0812240675627, "wstETH": 211803.90418615312, "dplvGLP": 136.33500999652261, "USDS": 3715.555637105127, "DPX": 7.337541804984554, "tBTC": 462.3187626348149, "dPT-weETH-27JUN2024": 665.2848517880947, "dGMX": 607553.162522249, "dGLV [WBTC-USDC]": 474948.8966624525, "ARB": 241550.3661973733, "dPT-ezETH-26SEP2024": 3761.2320491259816, "dPT-weETH-25APR2024": 50.64822752788374, "USDC": 128971846.51656964, "AAVE": 12325.393256460482, "dPT-rETH-26JUN2025": 5.911822414352113, "dPT-rsETH-26SEP2024": 976.5518474376593, "WOETH": 24.97146628364447, "DAI": 33186.41309719421, "sUSDS": 20.16098736074597, "rETH": 41237.810226146146, "LINK": 741629.5781725238, "UNI": 1059222.4175249336, "GMX": 12365.386952176765, "USDT": 443979.3038075457, "MIM": 1406.0266995220213, "dPT-wstETH-26JUN2025": 30.311548883641855, "stcUSD": 19910.53279045335, "USD1": 173557207.9862811, "cbBTC": 30779.902573915944, "cUSD": 25.178368731959797, "wsrUSD": 230.37266087996744, "CRV": 19968.520860997854, "mETH": 3522199.27556871, "WLFI": 407108301.12291914, "dPT-mETH-26DEC2024": 309.52246629481795, "USDY": 411.85044455836885, "dWMNT": 2.2718200368860098, "WMNT": 9909.595574423925, "dPT-cmETH-13FEB2025": 306.3024933062199, "dPT-USDe-25JUL2024": 11.165079787422387, "FBTC": 1646.1963952750352, "dPT-sMNT-3OCT2024": 19.684338619022856, "cmETH": 6689.909410327725, "dPT-USDe-26DEC2024": 61.900056475485584, "POL": 24.37370165258883, "USDC.E": 1341.9329187198425, "MATIC": 412.57096720216725, "WOKB": 369.75811608119017}}], "chainTokensInUsd": {"Berachain": {"WBTC": 984451.4444761394, "rUSD": 31760.157508427557, "DOLO": 428159.1245433327, "sWBERA": 331162.69208934857, "OHM": 96032.51782203773, "NECT": 16984.36239824122, "pumpBTC.bera": 1937.1623030950357, "sUSDe": 49377.29360023864, "sUSDa": 2.5650367756000048, "WETH": 816275.9241303868, "rsETH": 7.73323371733219, "SolvBTC": 32461.588482922318, "srUSD": 6032.680525010295, "USDC.e": 4225164.419383404, "diBGT": 193819.71645260192, "USDe": 30425.661958912457, "pol-rUSD": 434.93348250532284, "eBTC": 388.1829359711704, "BYUSD": 84266.23447292624, "WBERA": 1438013.5861403546, "oriBGT": 473769.11750411347, "beraETH": 249113.26529720286, "USD\u20ae0": 640976.0967988798, "weETH": 301873.508098783, "rswETH": 12142.842474967667, "SBTC": 11.494433640022791, "iBERA": 13573.15338649544, "IR": 122.99197775358441, "savUSD": 4200017.654640707, "ylstETH": 2.337739360987576, "HENLO": 55.400394587943005, "KDK": 2335.659809351997, "PT-iBGT-25DEC2025": 5.74123339162813, "uniBTC": 52210.92644492446, "SolvBTC.BBN": 114.81996974063138, "wgBERA": 1934.353536614149, "ylpumpBTC": 4.594793490004088, "ylBTCLST": 126.76393976105217, "STONE": 18655.815524274953, "LBTC": 31334.80529781731, "stBTC": 25741782.384404123, "HONEY": 453267.1121894586, "USDa": 2885.4405835934867}, "Arbitrum": {"dPT-GLP-26SEP2024": 15113.595364562727, "PENDLE": 468249.5837925081, "JONES": 43.50127527135749, "dGLV [WETH-USDC]": 425707.5848692197, "dPT-ezETH-27JUN2024": 256.8116004228542, "dGM": 9305090.800482037, "dPT-wstETH-27JUN2024": 589.4523376669475, "dARB": 7394.775160417344, "ezETH": 35903.11054932595, "dPT-weETH-26DEC2024": 153.0748721936179, "WBTC": 4166266.2489215843, "RDNT": 710.6371105013369, "dfsGLP": 7.900252655449166, "weETH": 30133.539338095496, "GRAIL": 15527.229461423924, "rsETH": 360.2992845819907, "dPT-weETH-26SEP2024": 81.19852415077315, "XAI": 1341.3447437955494, "PREMIA": 2754.8211465055615, "MAGIC": 2813.0812240675627, "wstETH": 211803.90418615312, "dplvGLP": 136.33500999652261, "USDe": 2143.8913812412557, "USDS": 3715.555637105127, "uniBTC": 149.27549083528163, "DPX": 7.337541804984554, "tBTC": 462.3187626348149, "dPT-weETH-27JUN2024": 665.2848517880947, "dGMX": 607553.162522249, "dGLV [WBTC-USDC]": 474948.8966624525, "WETH": 5689279.557341834, "ARB": 241550.3661973733, "dPT-ezETH-26SEP2024": 3761.2320491259816, "dPT-weETH-25APR2024": 50.64822752788374, "USDC": 4027347.080151255, "AAVE": 12325.393256460482, "dPT-rETH-26JUN2025": 5.911822414352113, "dPT-rsETH-26SEP2024": 976.5518474376593, "WOETH": 24.97146628364447, "DAI": 32979.284006267735, "sUSDS": 20.16098736074597, "rETH": 41237.810226146146, "LINK": 741247.5743915024, "UNI": 1059222.4175249336, "GMX": 12365.386952176765, "USDT": 233911.8323395054, "MIM": 1406.0266995220213, "dPT-wstETH-26JUN2025": 30.311548883641855, "USDC.e": 120701.5204042626}, "Ethereum": {"rUSD": 5.119431816387696, "DOLO": 127109.90921490653, "WBTC": 2204795.5517994342, "LINK": 382.00378102133425, "srUSD": 825536.5635770205, "stcUSD": 19910.53279045335, "USD1": 173557207.9862811, "sUSDe": 567.652260220454, "USDC": 124943676.75349872, "WETH": 53681358.98247162, "cbBTC": 30779.902573915944, "cUSD": 25.178368731959797, "weETH": 20779681.15674013, "wsrUSD": 230.37266087996744, "CRV": 19968.520860997854, "mETH": 3464311.659917466, "WLFI": 407108301.12291914, "USDT": 195822.32453948187}, "Mantle": {"USDC": 768.2251827619493, "USDT": 13687.140350501099, "dPT-mETH-26DEC2024": 309.52246629481795, "USDY": 411.85044455836885, "USDe": 167.23633807973755, "dWMNT": 2.2718200368860098, "WMNT": 9909.595574423925, "dPT-cmETH-13FEB2025": 306.3024933062199, "dPT-USDe-25JUL2024": 11.165079787422387, "FBTC": 1646.1963952750352, "WBTC": 838.9654608134188, "mETH": 57887.61565124418, "WETH": 3792.856590674729, "dPT-sMNT-3OCT2024": 19.684338619022856, "cmETH": 6689.909410327725, "dPT-USDe-26DEC2024": 61.900056475485584}, "Polygon zkEVM": {"USDT": 396.5440259908066, "POL": 24.37370165258883, "USDC.E": 1341.9329187198425, "WETH": 4884.822507373056, "MATIC": 412.57096720216725, "DAI": 207.12909092647467, "WBTC": 1.7302770038885988}, "X Layer": {"USDT": 161.46255206648038, "WETH": 516.7014388535599,