{"currentChainTvls": {"Berachain": 34875139.79096874, "Berachain-borrowed": 4883966.865990936, "Arbitrum": 20544082.099138446, "Arbitrum-borrowed": 9148867.497634135, "Ethereum": 428548080.2444881, "Ethereum-borrowed": 292324750.9549699, "Botanix": 139818.41502634855, "Botanix-borrowed": 53488.94279366948, "Mantle": 66845.29246169177, "Mantle-borrowed": 12417.869083820206, "Polygon zkEVM": 7134.630963389269, "Polygon zkEVM-borrowed": 134.4725254795557, "X Layer": 922.6706865045943, "X Layer-borrowed": 179.70915740269163, "borrowed": 306423806.3121553}, "tokensInUsd": [{"tokens": {"WBTC": 6153922.874314078, "rUSD": 31636.129729369444, "DOLO": 488925.721598342, "sWBERA": 300520.76195947704, "OHM": 19777.744776720567, "NECT": 16977.90907023718, "pumpBTC.bera": 1232.7918840818518, "sUSDe": 97149.32693200369, "sUSDa": 2.5650367756000048, "WETH": 54609628.71236283, "rsETH": 351.87879201315945, "SolvBTC": 32810.068377479154, "srUSD": 764000.7612444491, "USDC.e": 3965235.2050803583, "diBGT": 155877.860738681, "USDe": 30043.448713963488, "pol-rUSD": 434.93348250532284, "eBTC": 388.1829359711704, "BYUSD": 81424.09137199906, "WBERA": 1147679.5630225074, "oriBGT": 419040.15836992767, "beraETH": 249520.06803233197, "USD\u20ae0": 613913.2477785888, "weETH": 35212144.25905629, "rswETH": 12142.842474967667, "SBTC": 11.494433640022791, "iBERA": 14976.7202870666, "IR": 95.43522881957297, "savUSD": 4151313.6482202257, "ylstETH": 2.337739360987576, "HENLO": 55.400394587943005, "KDK": 2335.659809351997, "PT-iBGT-25DEC2025": 5.74123339162813, "uniBTC": 54158.33648035846, "SolvBTC.BBN": 114.81996974063138, "wgBERA": 1934.353536614149, "ylpumpBTC": 4.594793490004088, "ylBTCLST": 126.76393976105217, "STONE": 17894.804158573716, "LBTC": 32142.837287731254, "stBTC": 25860220.650055133, "HONEY": 393026.12818007474, "USDa": 2885.46376790037, "dPT-GLP-26SEP2024": 15113.595364562727, "PENDLE": 495508.9128986517, "JONES": 44.00771258680652, "dGLV [WETH-USDC]": 409634.28265363537, "dPT-ezETH-27JUN2024": 256.8116004228542, "dGM": 8231719.744374697, "dPT-wstETH-27JUN2024": 589.4523376669475, "dARB": 7394.775160417344, "ezETH": 39355.870293026506, "dPT-weETH-26DEC2024": 153.0748721936179, "RDNT": 608.0973113947463, "dfsGLP": 7.900252655449166, "GRAIL": 17690.87118646065, "dPT-weETH-26SEP2024": 81.19852415077315, "XAI": 1423.607879784784, "PREMIA": 2754.8211465055615, "MAGIC": 2985.359445902677, "wstETH": 2408398.760171803, "dplvGLP": 136.33500999652261, "USDS": 3712.4787521544463, "tBTC": 499.40381042181843, "dPT-weETH-27JUN2024": 665.2848517880947, "dGMX": 755131.7163624254, "dGLV [WBTC-USDC]": 508071.07063062914, "ARB": 225141.6736893051, "dPT-ezETH-26SEP2024": 3761.2320491259816, "dPT-weETH-25APR2024": 50.64822752788374, "USDC": 127899490.90348685, "AAVE": 11869.748296139012, "dPT-rETH-26JUN2025": 5.911822414352113, "dPT-rsETH-26SEP2024": 976.5518474376593, "WOETH": 24.97146628364447, "DAI": 32904.326215334746, "sUSDS": 30.429191586671323, "rETH": 39730.25588917214, "LINK": 627408.8950387686, "UNI": 1001492.0989830751, "GMX": 12252.750803857098, "USDT": 384496.3324605166, "MIM": 1404.0880739805382, "dPT-wstETH-26JUN2025": 30.311548883641855, "stcUSD": 18503.458046033007, "USD1": 188627611.8864633, "cbBTC": 29523.0822212437, "cUSD": 25.178368731959797, "wsrUSD": 230.37266087996744, "CRV": 19968.520860997854, "mETH": 3606799.8289030725, "WLFI": 320192535.9935812, "pBTC": 12042.503401831616, "oUSDT": 17.268456841796652, "dPT-mETH-26DEC2024": 309.52246629481795, "USDY": 411.953455008837, "dWMNT": 2.2718200368860098, "WMNT": 9516.48161928081, "dPT-cmETH-13FEB2025": 306.3024933062199, "dPT-USDe-25JUL2024": 11.165079787422387, "FBTC": 1406.6279212633817, "dPT-sMNT-3OCT2024": 19.684338619022856, "cmETH": 5281.9596246580695, "dPT-USDe-26DEC2024": 61.900056475485584, "POL": 24.37370165258883, "USDC.E": 1341.9329187198425, "MATIC": 412.57096720216725, "WOKB": 369.75811608119017}}], "chainTokensInUsd": {"Berachain": {"WBTC": 953753.0063074761, "rUSD": 31631.010297553057, "DOLO": 383012.11235191853, "sWBERA": 300520.76195947704, "OHM": 19777.744776720567, "NECT": 16977.90907023718, "pumpBTC.bera": 1232.7918840818518, "sUSDe": 48217.765525105846, "sUSDa": 2.5650367756000048, "WETH": 774941.3492814541, "rsETH": 8.10916864373367, "SolvBTC": 32810.068377479154, "srUSD": 6061.816418200125, "USDC.e": 3782489.59809694, "diBGT": 155877.860738681, "USDe": 28741.50822006775, "pol-rUSD": 434.93348250532284, "eBTC": 388.1829359711704, "BYUSD": 81424.09137199906, "WBERA": 1147679.5630225074, "oriBGT": 419040.15836992767, "beraETH": 249520.06803233197, "USD\u20ae0": 613913.2477785888, "weETH": 285795.2338238455, "rswETH": 12142.842474967667, "SBTC": 11.494433640022791, "iBERA": 14976.7202870666, "IR": 95.43522881957297, "savUSD": 4151313.6482202257, "ylstETH": 2.337739360987576, "HENLO": 55.400394587943005, "KDK": 2335.659809351997, "PT-iBGT-25DEC2025": 5.74123339162813, "uniBTC": 54003.77077177241, "SolvBTC.BBN": 114.81996974063138, "wgBERA": 1934.353536614149, "ylpumpBTC": 4.594793490004088, "ylBTCLST": 126.76393976105217, "STONE": 17894.804158573716, "LBTC": 32142.837287731254, "stBTC": 25741782.384404123, "HONEY": 393026.12818007474, "USDa": 2885.46376790037}, "Arbitrum": {"dPT-GLP-26SEP2024": 15113.595364562727, "PENDLE": 495508.9128986517, "JONES": 44.00771258680652, "dGLV [WETH-USDC]": 409634.28265363537, "dPT-ezETH-27JUN2024": 256.8116004228542, "dGM": 8231719.744374697, "dPT-wstETH-27JUN2024": 589.4523376669475, "dARB": 7394.775160417344, "ezETH": 39355.870293026506, "dPT-weETH-26DEC2024": 153.0748721936179, "WBTC": 4328481.150000643, "RDNT": 608.0973113947463, "dfsGLP": 7.900252655449166, "weETH": 2244847.561308969, "GRAIL": 17690.87118646065, "rsETH": 343.7696233694258, "dPT-weETH-26SEP2024": 81.19852415077315, "XAI": 1423.607879784784, "PREMIA": 2754.8211465055615, "MAGIC": 2985.359445902677, "wstETH": 200971.38723223365, "dplvGLP": 136.33500999652261, "USDe": 1266.8782764395883, "USDS": 3712.4787521544463, "uniBTC": 154.56570858604996, "tBTC": 499.40381042181843, "dPT-weETH-27JUN2024": 665.2848517880947, "dGMX": 755131.7163624254, "dGLV [WBTC-USDC]": 508071.07063062914, "WETH": 5645355.818862831, "ARB": 225141.6736893051, "dPT-ezETH-26SEP2024": 3761.2320491259816, "dPT-weETH-25APR2024": 50.64822752788374, "USDC": 4469151.159080421, "AAVE": 11869.748296139012, "dPT-rETH-26JUN2025": 5.911822414352113, "dPT-rsETH-26SEP2024": 976.5518474376593, "WOETH": 24.97146628364447, "DAI": 32697.19712440827, "sUSDS": 30.429191586671323, "rETH": 39730.25588917214, "LINK": 625811.5412394897, "UNI": 1001492.0989830751, "GMX": 12252.750803857098, "USDT": 233616.83475969377, "MIM": 1404.0880739805382, "dPT-wstETH-26JUN2025": 30.311548883641855, "USDC.e": 119942.38923457667}, "Ethereum": {"rUSD": 5.119431816387696, "DOLO": 105913.60924642348, "WBTC": 870848.0222681413, "LINK": 1597.3537992789393, "srUSD": 757938.9448262489, "wstETH": 2207427.3729395694, "stcUSD": 18503.458046033007, "USD1": 188627611.8864633, "sUSDe": 48931.56140689784, "USDC": 123429516.86143667, "WETH": 48180524.35261794, "cbBTC": 29523.0822212437, "cUSD": 25.178368731959797, "weETH": 32681501.46392348, "wsrUSD": 230.37266087996744, "CRV": 19968.520860997854, "mETH": 3563629.70548496, "WLFI": 320192535.9935812, "USDT": 136598.33987410465}, "Botanix": {"pBTC": 12042.503401831616, "oUSDT": 17.268456841796652, "USDC.e": 62803.21774884129, "WETH": 6.1025614950012566, "stBTC": 118438.26565100832}, "Mantle": {"USDC": 768.4252328519468, "USDT": 13723.15124866085, "dPT-mETH-26DEC2024": 309.52246629481795, "USDY": 411.953455008837, "USDe": 35.062217456149604, "dWMNT": 2.2718200368860098, "WMNT": 9516.48161928081, "dPT-cmETH-13FEB2025": 306.3024933062199, "dPT-USDe-25JUL2024": 11.165079787422387, "FBTC": 1406.6279212633817, "WBTC": 838.9654608134188, "mETH": 43170.123418112446, "WETH": 3399.565092886235, "dPT-sMNT-3OCT2024": 19.684338619022856, "cmETH": 5281.9596246580695, "dPT-USDe-26DEC2024": 61.900056475485584},