{"currentChainTvls": {"Berachain": 34913313.140218645, "Berachain-borrowed": 4888424.990496894, "Arbitrum": 20739114.207277916, "Arbitrum-borrowed": 9029721.181714559, "Ethereum": 403589725.6992248, "Ethereum-borrowed": 292078337.06411815, "Botanix": 139818.41502634855, "Botanix-borrowed": 53488.94279366948, "Mantle": 66272.74373815212, "Mantle-borrowed": 12415.620274123914, "Polygon zkEVM": 7134.630963389269, "Polygon zkEVM-borrowed": 134.4725254795557, "X Layer": 922.6706865045943, "X Layer-borrowed": 179.70915740269163, "borrowed": 306062701.9810803}, "tokensInUsd": [{"tokens": {"WBTC": 6201238.108483358, "rUSD": 31629.48953424199, "DOLO": 509451.5541774977, "sWBERA": 291226.2707376284, "OHM": 19822.234322499025, "NECT": 16978.118496117826, "pumpBTC.bera": 1232.7918840818518, "sUSDe": 97149.33216854442, "sUSDa": 2.5650367756000048, "WETH": 55452395.248074904, "rsETH": 351.87879201315945, "SolvBTC": 32969.175400110595, "srUSD": 757364.5910638968, "USDC.e": 3976270.290705855, "diBGT": 159991.83969065905, "USDe": 30041.60032888637, "pol-rUSD": 434.93348250532284, "eBTC": 388.1829359711704, "BYUSD": 81442.94237983944, "WBERA": 1139653.1005111886, "oriBGT": 426589.72035424184, "beraETH": 249520.06803233197, "USD\u20ae0": 614080.1952557075, "weETH": 35501626.694064915, "rswETH": 12142.842474967667, "SBTC": 11.494433640022791, "iBERA": 11753.477493631144, "IR": 95.43522881957297, "savUSD": 4151313.6482202257, "ylstETH": 2.337739360987576, "HENLO": 55.400394587943005, "KDK": 2335.659809351997, "PT-iBGT-25DEC2025": 5.74123339162813, "uniBTC": 54158.33648035846, "SolvBTC.BBN": 114.81996974063138, "wgBERA": 1934.353536614149, "ylpumpBTC": 4.594793490004088, "ylBTCLST": 126.76393976105217, "STONE": 17894.804158573716, "LBTC": 32142.837287731254, "stBTC": 25860220.650055133, "HONEY": 392841.6121670456, "USDa": 2885.46376790037, "dPT-GLP-26SEP2024": 15113.595364562727, "PENDLE": 516276.55185174017, "JONES": 44.00771258680652, "dGLV [WETH-USDC]": 401764.2120052393, "dPT-ezETH-27JUN2024": 256.8116004228542, "dGM": 8229948.370728814, "dPT-wstETH-27JUN2024": 589.4523376669475, "dARB": 7394.775160417344, "ezETH": 37781.71155794416, "dPT-weETH-26DEC2024": 153.0748721936179, "RDNT": 609.44430133012, "dfsGLP": 7.900252655449166, "GRAIL": 17716.620262419285, "dPT-weETH-26SEP2024": 81.19852415077315, "XAI": 1355.1372362048442, "PREMIA": 2754.8211465055615, "MAGIC": 2985.359445902677, "wstETH": 2411787.0340971095, "dplvGLP": 136.33500999652261, "USDS": 3712.4787521544463, "tBTC": 636.9828000536627, "dPT-weETH-27JUN2024": 665.2848517880947, "dGMX": 751736.819057245, "dGLV [WBTC-USDC]": 542861.0288237451, "ARB": 219248.638990074, "dPT-ezETH-26SEP2024": 3761.2320491259816, "dPT-weETH-25APR2024": 50.64822752788374, "USDC": 128428498.87836418, "AAVE": 11869.748296139012, "dPT-rETH-26JUN2025": 5.911822414352113, "dPT-rsETH-26SEP2024": 976.5518474376593, "WOETH": 24.97146628364447, "DAI": 32893.55190546765, "sUSDS": 30.437700610678704, "rETH": 39597.884870481044, "LINK": 617322.7600552683, "UNI": 1019016.4773186367, "GMX": 12601.676548452788, "USDT": 394992.3371869877, "MIM": 1404.0880739805382, "dPT-wstETH-26JUN2025": 30.311548883641855, "stcUSD": 18503.458046033007, "USD1": 180950417.70785418, "cbBTC": 29523.176545887152, "cUSD": 25.178368731959797, "wsrUSD": 230.37266087996744, "CRV": 19968.520860997854, "mETH": 3606273.829196621, "WLFI": 301001989.93631613, "pBTC": 12042.503401831616, "oUSDT": 17.268456841796652, "dPT-mETH-26DEC2024": 309.52246629481795, "USDY": 411.953455008837, "dWMNT": 2.2718200368860098, "WMNT": 9465.200425944708, "dPT-cmETH-13FEB2025": 306.3024933062199, "dPT-USDe-25JUL2024": 11.165079787422387, "FBTC": 1406.6279212633817, "dPT-sMNT-3OCT2024": 19.684338619022856, "cmETH": 5281.9596246580695, "dPT-USDe-26DEC2024": 61.900056475485584, "POL": 24.37370165258883, "USDC.E": 1341.9329187198425, "MATIC": 412.57096720216725, "WOKB": 369.75811608119017}}], "chainTokensInUsd": {"Berachain": {"WBTC": 965277.7742846633, "rUSD": 31624.370102425604, "DOLO": 403537.9449310742, "sWBERA": 291226.2707376284, "OHM": 19822.234322499025, "NECT": 16978.118496117826, "pumpBTC.bera": 1232.7918840818518, "sUSDe": 48217.770761646585, "sUSDa": 2.5650367756000048, "WETH": 781103.2509783289, "rsETH": 8.10916864373367, "SolvBTC": 32969.175400110595, "srUSD": 6061.816418200125, "USDC.e": 3793514.134850799, "diBGT": 159991.83969065905, "USDe": 28739.655444461394, "pol-rUSD": 434.93348250532284, "eBTC": 388.1829359711704, "BYUSD": 81442.94237983944, "WBERA": 1139653.1005111886, "oriBGT": 426589.72035424184, "beraETH": 249520.06803233197, "USD\u20ae0": 614080.1952557075, "weETH": 287873.72343091306, "rswETH": 12142.842474967667, "SBTC": 11.494433640022791, "iBERA": 11753.477493631144, "IR": 95.43522881957297, "savUSD": 4151313.6482202257, "ylstETH": 2.337739360987576, "HENLO": 55.400394587943005, "KDK": 2335.659809351997, "PT-iBGT-25DEC2025": 5.74123339162813, "uniBTC": 54003.77077177241, "SolvBTC.BBN": 114.81996974063138, "wgBERA": 1934.353536614149, "ylpumpBTC": 4.594793490004088, "ylBTCLST": 126.76393976105217, "STONE": 17894.804158573716, "LBTC": 32142.837287731254, "stBTC": 25741782.384404123, "HONEY": 392841.6121670456, "USDa": 2885.46376790037}, "Arbitrum": {"dPT-GLP-26SEP2024": 15113.595364562727, "PENDLE": 516276.55185174017, "JONES": 44.00771258680652, "dGLV [WETH-USDC]": 401764.2120052393, "dPT-ezETH-27JUN2024": 256.8116004228542, "dGM": 8229948.370728814, "dPT-wstETH-27JUN2024": 589.4523376669475, "dARB": 7394.775160417344, "ezETH": 37781.71155794416, "dPT-weETH-26DEC2024": 153.0748721936179, "WBTC": 4388494.879839688, "RDNT": 609.44430133012, "dfsGLP": 7.900252655449166, "weETH": 2239757.940518084, "GRAIL": 17716.620262419285, "rsETH": 343.7696233694258, "dPT-weETH-26SEP2024": 81.19852415077315, "XAI": 1355.1372362048442, "PREMIA": 2754.8211465055615, "MAGIC": 2985.359445902677, "wstETH": 204359.66115753987, "dplvGLP": 136.33500999652261, "USDe": 1266.8826669688228, "USDS": 3712.4787521544463, "uniBTC": 154.56570858604996, "tBTC": 636.9828000536627, "dPT-weETH-27JUN2024": 665.2848517880947, "dGMX": 751736.819057245, "dGLV [WBTC-USDC]": 542861.0288237451, "WETH": 5741657.928193557, "ARB": 219248.638990074, "dPT-ezETH-26SEP2024": 3761.2320491259816, "dPT-weETH-25APR2024": 50.64822752788374, "USDC": 4337134.285306936, "AAVE": 11869.748296139012, "dPT-rETH-26JUN2025": 5.911822414352113, "dPT-rsETH-26SEP2024": 976.5518474376593, "WOETH": 24.97146628364447, "DAI": 32686.422814541173, "sUSDS": 30.437700610678704, "rETH": 39597.884870481044, "LINK": 615725.4062559893, "UNI": 1019016.4773186367, "GMX": 12601.676548452788, "USDT": 244100.15638520836, "MIM": 1404.0880739805382, "dPT-wstETH-26JUN2025": 30.311548883641855, "USDC.e": 119952.93810621461}, "Ethereum": {"rUSD": 5.119431816387696, "DOLO": 105913.60924642348, "WBTC": 846624.7586211896, "LINK": 1597.3537992789393, "srUSD": 751302.7746456966, "wstETH": 2207427.3729395694, "stcUSD": 18503.458046033007, "USD1": 180950417.70785418, "sUSDe": 48931.56140689784, "USDC": 124090541.78409313, "WETH": 48920826.87730241, "cbBTC": 29523.176545887152, "cUSD": 25.178368731959797, "weETH": 32973995.03011592, "wsrUSD": 230.37266087996744, "CRV": 19968.520860997854, "mETH": 3563629.70548496, "WLFI": 301001989.93631613, "USDT": 136608.46560285927}, "Botanix": {"pBTC": 12042.503401831616, "oUSDT": 17.268456841796652, "USDC.e": 62803.21774884129, "WETH": 6.1025614950012566, "stBTC": 118438.26565100832}, "Mantle": {"USDC": 768.3512272015984, "USDT": 13725.708620862746, "dPT-mETH-26DEC2024": 309.52246629481795, "USDY": 411.953455008837, "USDe": 35.062217456149604, "dWMNT": 2.2718200368860098, "WMNT": 9465.200425944708, "dPT-cmETH-13FEB2025": 306.3024933062199, "dPT-USDe-25JUL2024": 11.165079787422387, "FBTC": 1406.6279212633817, "WBTC": 838.9654608134188, "mETH": 42644.12371166105, "WETH": 3399.565092886235, "dPT-sMNT-3OCT2024": 19.684338619022856, "cmETH": 5281.9596246580695, "dPT-USDe-26DEC2024": 61.900056475485584},