{"currentChainTvls": {"Berachain": 34484219.98007941, "Berachain-borrowed": 4077669.7997141397, "Arbitrum": 21267973.775976844, "Arbitrum-borrowed": 8526357.309658932, "Ethereum": 390096018.08065265, "Ethereum-borrowed": 290069545.33728415, "Botanix": 142178.03356026905, "Botanix-borrowed": 53523.75181760662, "Mantle": 67582.01975495648, "Mantle-borrowed": 12554.81203041531, "Polygon zkEVM": 7134.630963389269, "Polygon zkEVM-borrowed": 134.4725254795557, "X Layer": 922.6706865045943, "X Layer-borrowed": 179.70915740269163, "borrowed": 302739965.19218814}, "tokensInUsd": [{"tokens": {"WBTC": 6344268.196790266, "rUSD": 30121.72179978034, "DOLO": 496769.8256732477, "sWBERA": 293442.28024976695, "OHM": 19798.48344088328, "NECT": 16978.69514086573, "pumpBTC.bera": 1232.7918840818518, "sUSDe": 97172.79656881836, "sUSDa": 2.5650367756000048, "WETH": 56911303.73968841, "rsETH": 365.1709018566398, "SolvBTC": 34216.37473895993, "srUSD": 748236.6386661088, "USDC.e": 3875776.68967355, "diBGT": 163955.72023810897, "USDe": 30056.374986918523, "pol-rUSD": 434.93348250532284, "eBTC": 388.1829359711704, "BYUSD": 82291.86193342274, "WBERA": 1157593.8505352617, "oriBGT": 437981.1605154402, "beraETH": 249520.06803233197, "USD\u20ae0": 614317.1852174543, "weETH": 37330385.33494767, "rswETH": 12142.842474967667, "SBTC": 11.494433640022791, "iBERA": 11944.324187528047, "IR": 108.97792491155258, "savUSD": 3282390.111558113, "ylstETH": 2.337739360987576, "HENLO": 55.400394587943005, "KDK": 2335.659809351997, "PT-iBGT-25DEC2025": 5.74123339162813, "uniBTC": 53609.889635105494, "SolvBTC.BBN": 114.81996974063138, "wgBERA": 1934.353536614149, "ylpumpBTC": 4.594793490004088, "ylBTCLST": 126.76393976105217, "STONE": 17894.804158573716, "LBTC": 32142.837287731254, "stBTC": 25862599.816499352, "HONEY": 260182.5365663717, "USDa": 2885.46376790037, "dPT-GLP-26SEP2024": 15113.595364562727, "PENDLE": 593699.636006756, "JONES": 44.00771258680652, "dGLV [WETH-USDC]": 405848.1433000529, "dPT-ezETH-27JUN2024": 256.8116004228542, "dGM": 8442513.67789642, "dPT-wstETH-27JUN2024": 589.4523376669475, "dARB": 7394.775160417344, "ezETH": 39970.092925020326, "dPT-weETH-26DEC2024": 153.0748721936179, "RDNT": 940.4951631120069, "dfsGLP": 7.900252655449166, "GRAIL": 17447.665962435553, "dPT-weETH-26SEP2024": 81.19852415077315, "XAI": 1445.947543870464, "PREMIA": 2754.8211465055615, "MAGIC": 2912.1335345562497, "wstETH": 208543.45926422294, "dplvGLP": 136.33500999652261, "USDS": 3712.4787521544463, "tBTC": 502.44306112350944, "dPT-weETH-27JUN2024": 665.2848517880947, "dGMX": 679203.6726323538, "dGLV [WBTC-USDC]": 555204.1302338346, "ARB": 278137.7785561807, "dPT-ezETH-26SEP2024": 3761.2320491259816, "dPT-weETH-25APR2024": 50.64822752788374, "USDC": 130598277.63062811, "AAVE": 11526.303319531768, "dPT-rETH-26JUN2025": 5.911822414352113, "dPT-rsETH-26SEP2024": 976.5518474376593, "WOETH": 24.97146628364447, "DAI": 32916.472929883006, "sUSDS": 30.437700610678704, "rETH": 40306.86936684483, "LINK": 618668.8781615974, "UNI": 1034695.1224859069, "GMX": 12060.269276779878, "USDT": 394004.4557496978, "MIM": 1403.7228817082105, "dPT-wstETH-26JUN2025": 30.311548883641855, "stcUSD": 14492.925073452903, "USD1": 177927570.04425249, "cbBTC": 30445.677292719625, "cUSD": 25.178368731959797, "wsrUSD": 230.37266087996744, "CRV": 19968.520860997854, "mETH": 3607377.3284613197, "WLFI": 284691221.79565865, "pBTC": 12039.615499748495, "oUSDT": 17.15248969398468, "dPT-mETH-26DEC2024": 309.52246629481795, "USDY": 411.953455008837, "dWMNT": 2.2718200368860098, "WMNT": 9558.824778529992, "dPT-cmETH-13FEB2025": 306.3024933062199, "dPT-USDe-25JUL2024": 11.165079787422387, "FBTC": 1406.6279212633817, "dPT-sMNT-3OCT2024": 19.684338619022856, "cmETH": 5246.671014134116, "dPT-USDe-26DEC2024": 61.900056475485584, "POL": 24.37370165258883, "USDC.E": 1341.9329187198425, "MATIC": 412.57096720216725, "WOKB": 369.75811608119017}}], "chainTokensInUsd": {"Berachain": {"WBTC": 758831.7993594463, "rUSD": 30116.60236796395, "DOLO": 404605.5810150789, "sWBERA": 293442.28024976695, "OHM": 19798.48344088328, "NECT": 16978.69514086573, "pumpBTC.bera": 1232.7918840818518, "sUSDe": 48227.87240452872, "sUSDa": 2.5650367756000048, "WETH": 804165.6228274349, "rsETH": 8.10916864373367, "SolvBTC": 34216.37473895993, "srUSD": 6061.816418200125, "USDC.e": 3694692.415736349, "diBGT": 163955.72023810897, "USDe": 28751.886010180173, "pol-rUSD": 434.93348250532284, "eBTC": 388.1829359711704, "BYUSD": 82291.86193342274, "WBERA": 1157593.8505352617, "oriBGT": 437981.1605154402, "beraETH": 249520.06803233197, "USD\u20ae0": 614317.1852174543, "weETH": 294753.1489972263, "rswETH": 12142.842474967667, "SBTC": 11.494433640022791, "iBERA": 11944.324187528047, "IR": 108.97792491155258, "savUSD": 3282390.111558113, "ylstETH": 2.337739360987576, "HENLO": 55.400394587943005, "KDK": 2335.659809351997, "PT-iBGT-25DEC2025": 5.74123339162813, "uniBTC": 53455.32392651944, "SolvBTC.BBN": 114.81996974063138, "wgBERA": 1934.353536614149, "ylpumpBTC": 4.594793490004088, "ylBTCLST": 126.76393976105217, "STONE": 17894.804158573716, "LBTC": 32142.837287731254, "stBTC": 25741782.384404123, "HONEY": 260182.5365663717, "USDa": 2885.46376790037}, "Arbitrum": {"dPT-GLP-26SEP2024": 15113.595364562727, "PENDLE": 593699.636006756, "JONES": 44.00771258680652, "dGLV [WETH-USDC]": 405848.1433000529, "dPT-ezETH-27JUN2024": 256.8116004228542, "dGM": 8442513.67789642, "dPT-wstETH-27JUN2024": 589.4523376669475, "dARB": 7394.775160417344, "ezETH": 39970.092925020326, "dPT-weETH-26DEC2024": 153.0748721936179, "WBTC": 4705294.13884469, "RDNT": 940.4951631120069, "dfsGLP": 7.900252655449166, "weETH": 1355097.9435609318, "GRAIL": 17447.665962435553, "rsETH": 357.0617332129061, "dPT-weETH-26SEP2024": 81.19852415077315, "XAI": 1445.947543870464, "PREMIA": 2754.8211465055615, "MAGIC": 2912.1335345562497, "wstETH": 208543.45926422294, "dplvGLP": 136.33500999652261, "USDe": 1267.7080667065236, "USDS": 3712.4787521544463, "uniBTC": 154.56570858604996, "tBTC": 502.44306112350944, "dPT-weETH-27JUN2024": 665.2848517880947, "dGMX": 679203.6726323538, "dGLV [WBTC-USDC]": 555204.1302338346, "WETH": 5989107.183510503, "ARB": 278137.7785561807, "dPT-ezETH-26SEP2024": 3761.2320491259816, "dPT-weETH-25APR2024": 50.64822752788374, "USDC": 4359646.594010846, "AAVE": 11526.303319531768, "dPT-rETH-26JUN2025": 5.911822414352113, "dPT-rsETH-26SEP2024": 976.5518474376593, "WOETH": 24.97146628364447, "DAI": 32709.34383895653, "sUSDS": 30.437700610678704, "rETH": 40306.86936684483, "LINK": 617160.4075036711, "UNI": 1034695.1224859069, "GMX": 12060.269276779878, "USDT": 253121.98399408767, "MIM": 1403.7228817082105, "dPT-wstETH-26JUN2025": 30.311548883641855, "USDC.e": 118262.79120549276}, "Ethereum": {"rUSD": 5.119431816387696, "DOLO": 92164.2446581688, "WBTC": 879301.5628483114, "LINK": 1508.4706579263186, "srUSD": 742174.8222479087, "stcUSD": 14492.925073452903, "USD1": 177927570.04425249, "sUSDe": 48944.924164289645, "USDC": 126237808.15374361, "WETH": 50108938.90158565, "cbBTC": 30445.677292719625, "cUSD": 25.178368731959797, "weETH": 35680534.24238951, "wsrUSD": 230.37266087996744, "CRV": 19968.520860997854, "mETH": 3563629.70548496, "WLFI": 284691221.79565865, "USDT": 126598.7565566901}, "Botanix": {"pBTC": 12039.615499748495, "oUSDT": 17.15248969398468, "USDC.e": 62821.48273170842, "WETH": 6.1025614950012566, "stBTC": 120817.43209522976}, "Mantle": {"USDC": 768.4251367478689, "USDT": 13725.708620862746, "dPT-mETH-26DEC2024": 309.52246629481795, "USDY": 411.953455008837, "USDe": 36.78091003182738, "dWMNT": 2.2718200368860098, "WMNT": 9558.824778529992, "dPT-cmETH-13FEB2025": 306.3024933062199, "dPT-USDe-25JUL2024": 11.165079787422387, "FBTC": 1406.6279212633817, "WBTC": 838.9654608134188, "mETH": 43747.62297635932, "WETH": 3684.4052571004486, "dPT-sMNT-3OCT2024": 19.684338619022856, "cmETH": 5246.671014134116, "dPT-USDe-26DEC2024": 61.900056475485584}, "Polygon zkEVM": {"USDT": 396.5440259908066, "POL": 24.37370165258883,