{"currentChainTvls": {"Berachain": 35899985.57259183, "Berachain-borrowed": 5181034.485028451, "Arbitrum": 16358770.574007161, "Arbitrum-borrowed": 7741551.702675119, "Ethereum": 456504946.4919119, "Ethereum-borrowed": 297119412.1675507, "Mantle": 67768.33561066313, "Mantle-borrowed": 13059.252050056586, "Polygon zkEVM": 7134.630963389269, "Polygon zkEVM-borrowed": 134.4725254795557, "X Layer": 922.6706865045943, "X Layer-borrowed": 179.70915740269163, "borrowed": 310055371.78898716}, "tokensInUsd": [{"tokens": {"WBTC": 5806898.556788689, "rUSD": 31784.065732107432, "DOLO": 528086.660155493, "sWBERA": 321066.39823245705, "OHM": 94932.02533326081, "NECT": 16977.52341776382, "pumpBTC.bera": 1232.7918840818518, "sUSDe": 48767.39598229296, "sUSDa": 2.5650367756000048, "WETH": 55324478.33414262, "rsETH": 371.1964556352289, "SolvBTC": 32364.417430380825, "srUSD": 780580.3379987329, "USDC.e": 4330545.20069086, "diBGT": 199095.80416996093, "USDe": 230336.54127952742, "pol-rUSD": 434.93348250532284, "eBTC": 388.1829359711704, "BYUSD": 88534.86603870387, "WBERA": 1338441.4126850744, "oriBGT": 440101.54798246233, "beraETH": 249755.7314413657, "USD\u20ae0": 680306.2792524731, "weETH": 30921294.498717394, "rswETH": 12142.842474967667, "SBTC": 11.494433640022791, "iBERA": 12943.705471952258, "IR": 146.80026238416812, "savUSD": 4151313.6482202257, "ylstETH": 2.337739360987576, "HENLO": 55.400394587943005, "KDK": 2335.659809351997, "PT-iBGT-25DEC2025": 5.74123339162813, "uniBTC": 51464.30920606193, "SolvBTC.BBN": 114.81996974063138, "wgBERA": 1934.353536614149, "ylpumpBTC": 4.594793490004088, "ylBTCLST": 126.76393976105217, "STONE": 18216.173082853136, "LBTC": 31978.790503255594, "stBTC": 25741782.384404123, "HONEY": 610220.0682822486, "USDa": 2885.448873935935, "dPT-GLP-26SEP2024": 15113.595364562727, "PENDLE": 489178.75756380294, "JONES": 43.50127527135749, "dGLV [WETH-USDC]": 433156.46272819606, "dPT-ezETH-27JUN2024": 256.8116004228542, "dGM": 8691682.822042227, "dPT-wstETH-27JUN2024": 589.4523376669475, "dARB": 7394.775160417344, "ezETH": 44137.051302018874, "dPT-weETH-26DEC2024": 153.0748721936179, "RDNT": 668.9898918038934, "dfsGLP": 7.900252655449166, "GRAIL": 17223.235801385363, "dPT-weETH-26SEP2024": 81.19852415077315, "XAI": 1396.008481060575, "PREMIA": 2754.8211465055615, "MAGIC": 3175.2921303533326, "wstETH": 2366948.4982617297, "dplvGLP": 136.33500999652261, "USDS": 3717.0744897669556, "tBTC": 503.8916854454632, "dPT-weETH-27JUN2024": 665.2848517880947, "dGMX": 611278.6864896992, "dGLV [WBTC-USDC]": 494610.24752690544, "ARB": 235711.48531187107, "dPT-ezETH-26SEP2024": 3761.2320491259816, "dPT-weETH-25APR2024": 50.64822752788374, "USDC": 120897108.44190522, "AAVE": 11968.469308653708, "dPT-rETH-26JUN2025": 5.911822414352113, "dPT-rsETH-26SEP2024": 976.5518474376593, "WOETH": 24.97146628364447, "DAI": 33011.32740620028, "sUSDS": 20.16098736074597, "rETH": 40387.5686270822, "LINK": 673077.3477647008, "UNI": 1041540.8162118214, "GMX": 10594.258461374282, "USDT": 1281535.5506572986, "MIM": 1406.0585509626962, "dPT-wstETH-26JUN2025": 30.311548883641855, "stcUSD": 18503.458046033007, "USD1": 156902705.51582184, "cbBTC": 31628.63133209483, "cUSD": 25.178368731959797, "wsrUSD": 230.37266087996744, "CRV": 19968.520860997854, "mETH": 3507762.5511063267, "WLFI": 388873035.10456187, "dPT-mETH-26DEC2024": 309.52246629481795, "USDY": 411.85044455836885, "dWMNT": 2.2718200368860098, "WMNT": 9043.918243040891, "dPT-cmETH-13FEB2025": 306.3024933062199, "dPT-USDe-25JUL2024": 11.165079787422387, "FBTC": 1434.493367647839, "dPT-sMNT-3OCT2024": 19.684338619022856, "cmETH": 6743.503143625543, "dPT-USDe-26DEC2024": 61.900056475485584, "POL": 24.37370165258883, "USDC.E": 1341.9329187198425, "MATIC": 412.57096720216725, "WOKB": 369.75811608119017}}], "chainTokensInUsd": {"Berachain": {"WBTC": 949594.405357064, "rUSD": 31778.946300291045, "DOLO": 418049.91741061304, "sWBERA": 321066.39823245705, "OHM": 94932.02533326081, "NECT": 16977.52341776382, "pumpBTC.bera": 1232.7918840818518, "sUSDe": 48200.15774885328, "sUSDa": 2.5650367756000048, "WETH": 792323.4436284597, "rsETH": 7.73323371733219, "SolvBTC": 32364.417430380825, "srUSD": 6038.924666328342, "USDC.e": 4211141.0996227935, "diBGT": 199095.80416996093, "USDe": 228903.32365363283, "pol-rUSD": 434.93348250532284, "eBTC": 388.1829359711704, "BYUSD": 88534.86603870387, "WBERA": 1338441.4126850744, "oriBGT": 440101.54798246233, "beraETH": 249755.7314413657, "USD\u20ae0": 680306.2792524731, "weETH": 293818.61774590524, "rswETH": 12142.842474967667, "SBTC": 11.494433640022791, "iBERA": 12943.705471952258, "IR": 146.80026238416812, "savUSD": 4151313.6482202257, "ylstETH": 2.337739360987576, "HENLO": 55.400394587943005, "KDK": 2335.659809351997, "PT-iBGT-25DEC2025": 5.74123339162813, "uniBTC": 51307.98150350267, "SolvBTC.BBN": 114.81996974063138, "wgBERA": 1934.353536614149, "ylpumpBTC": 4.594793490004088, "ylBTCLST": 126.76393976105217, "STONE": 18216.173082853136, "LBTC": 31978.790503255594, "stBTC": 25741782.384404123, "HONEY": 610220.0682822486, "USDa": 2885.448873935935}, "Arbitrum": {"dPT-GLP-26SEP2024": 15113.595364562727, "PENDLE": 489178.75756380294, "JONES": 43.50127527135749, "dGLV [WETH-USDC]": 433156.46272819606, "dPT-ezETH-27JUN2024": 256.8116004228542, "dGM": 8691682.822042227, "dPT-wstETH-27JUN2024": 589.4523376669475, "dARB": 7394.775160417344, "ezETH": 44137.051302018874, "dPT-weETH-26DEC2024": 153.0748721936179, "WBTC": 2652554.631530463, "RDNT": 668.9898918038934, "dfsGLP": 7.900252655449166, "weETH": 29376.309984155367, "GRAIL": 17223.235801385363, "rsETH": 363.4632219178967, "dPT-weETH-26SEP2024": 81.19852415077315, "XAI": 1396.008481060575, "PREMIA": 2754.8211465055615, "MAGIC": 3175.2921303533326, "wstETH": 211821.51254336422, "dplvGLP": 136.33500999652261, "USDe": 1265.8456819460282, "USDS": 3717.0744897669556, "uniBTC": 156.3277025592605, "tBTC": 503.8916854454632, "dPT-weETH-27JUN2024": 665.2848517880947, "dGMX": 611278.6864896992, "dGLV [WBTC-USDC]": 494610.24752690544, "WETH": 3969350.541512022, "ARB": 235711.48531187107, "dPT-ezETH-26SEP2024": 3761.2320491259816, "dPT-weETH-25APR2024": 50.64822752788374, "USDC": 4013903.4580253954, "AAVE": 11968.469308653708, "dPT-rETH-26JUN2025": 5.911822414352113, "dPT-rsETH-26SEP2024": 976.5518474376593, "WOETH": 24.97146628364447, "DAI": 32804.19831527381, "sUSDS": 20.16098736074597, "rETH": 40387.5686270822, "LINK": 672906.748134662, "UNI": 1041540.8162118214, "GMX": 10594.258461374282, "USDT": 232011.42401335292, "MIM": 1406.0585509626962, "dPT-wstETH-26JUN2025": 30.311548883641855, "USDC.e": 119404.10106806645}, "Ethereum": {"rUSD": 5.119431816387696, "DOLO": 110036.74274487987, "WBTC": 2203908.824163344, "LINK": 170.59963003866798, "srUSD": 774541.4133324046, "wstETH": 2155126.9857183653, "stcUSD": 18503.458046033007, "USD1": 156902705.51582184, "sUSDe": 567.2382334396826, "USDC": 116882382.23337206, "WETH": 50553844.64363757, "cbBTC": 31628.63133209483, "cUSD": 25.178368731959797, "weETH": 30598099.570987333, "wsrUSD": 230.37266087996744, "CRV": 19968.520860997854, "mETH": 3464311.659917466, "WLFI": 388873035.10456187, "USDT": 1035266.8466413716}, "Mantle": {"USDC": 768.2927708465653, "USDT": 13699.27342451684, "dPT-mETH-26DEC2024": 309.52246629481795, "USDY": 411.85044455836885, "USDe": 167.3719439485649, "dWMNT": 2.2718200368860098, "WMNT": 9043.918243040891, "dPT-cmETH-13FEB2025": 306.3024933062199, "dPT-USDe-25JUL2024": 11.165079787422387, "FBTC": 1434.493367647839, "WBTC": 838.9654608134188, "mETH": 43450.89118886089, "WETH": 3558.181418340947, "dPT-sMNT-3OCT2024": 19.684338619022856, "cmETH": 6743.503143625543, "dPT-USDe-26DEC2024": 61.900056475485584}, "Polygon zkEVM": {"USDT": 396.5440259908066, "POL": 24.37370165258883, "USDC.E": 1341.9329187198425, "WETH": 4884.822507373056, "MATIC": 412.57096720216725, "DAI": 207.12909092647467, "WBTC": 1.7302770038885988}, "X Layer": {"USDT": 161.46255206648038, "WETH": 516.7014388535599,