{"currentChainTvls": {"Berachain": 35987125.408610284, "Berachain-borrowed": 5189985.12914567, "Arbitrum": 19756931.308691233, "Arbitrum-borrowed": 7778297.183585524, "Ethereum": 480831997.32103074, "Ethereum-borrowed": 303335723.3206384, "Mantle": 69742.1997005431, "Mantle-borrowed": 13163.992321584887, "Polygon zkEVM": 7134.630963389269, "Polygon zkEVM-borrowed": 134.4725254795557, "X Layer": 922.6706865045943, "X Layer-borrowed": 179.70915740269163, "borrowed": 316317483.8073741}, "tokensInUsd": [{"tokens": {"WBTC": 7416047.759606746, "rUSD": 31776.968663348936, "DOLO": 561723.3911012432, "sWBERA": 321066.39823245705, "OHM": 94932.02533326081, "NECT": 16977.320409819004, "pumpBTC.bera": 1937.1623030950357, "sUSDe": 49936.94400411829, "sUSDa": 2.5650367756000048, "WETH": 59534964.28364164, "rsETH": 371.1964556352289, "SolvBTC": 32893.05347882452, "srUSD": 790274.5416857367, "USDC.e": 4329115.180887365, "diBGT": 201939.7068598391, "USDe": 231272.95936209583, "pol-rUSD": 434.93348250532284, "eBTC": 388.1829359711704, "BYUSD": 82695.30969435794, "WBERA": 1358356.9525884301, "oriBGT": 451893.24409090297, "beraETH": 249755.7314413657, "USD\u20ae0": 680970.6811771715, "weETH": 26186269.919510044, "rswETH": 12142.842474967667, "SBTC": 11.494433640022791, "iBERA": 13142.845148645882, "IR": 132.97857784570368, "savUSD": 4200017.654640707, "ylstETH": 2.337739360987576, "HENLO": 55.400394587943005, "KDK": 2335.659809351997, "PT-iBGT-25DEC2025": 5.74123339162813, "uniBTC": 51464.30920606193, "SolvBTC.BBN": 114.81996974063138, "wgBERA": 1934.353536614149, "ylpumpBTC": 4.594793490004088, "ylBTCLST": 126.76393976105217, "STONE": 18655.815524274953, "LBTC": 31978.790503255594, "stBTC": 25741782.384404123, "HONEY": 597849.8334119909, "USDa": 2885.4462207093, "dPT-GLP-26SEP2024": 15113.595364562727, "PENDLE": 511007.8442461977, "JONES": 43.50127527135749, "dGLV [WETH-USDC]": 433156.46272819606, "dPT-ezETH-27JUN2024": 256.8116004228542, "dGM": 8692736.625645734, "dPT-wstETH-27JUN2024": 589.4523376669475, "dARB": 7394.775160417344, "ezETH": 44137.051302018874, "dPT-weETH-26DEC2024": 153.0748721936179, "RDNT": 709.2935889223435, "dfsGLP": 7.900252655449166, "GRAIL": 17491.08395435966, "dPT-weETH-26SEP2024": 81.19852415077315, "XAI": 1489.1968625901063, "PREMIA": 2754.8211465055615, "MAGIC": 3175.2921303533326, "wstETH": 14688355.099884115, "dplvGLP": 136.33500999652261, "USDS": 3716.0046550408324, "tBTC": 503.8916854454632, "dPT-weETH-27JUN2024": 665.2848517880947, "dGMX": 622847.9888581311, "dGLV [WBTC-USDC]": 494610.24752690544, "ARB": 231071.3113050027, "dPT-ezETH-26SEP2024": 3761.2320491259816, "dPT-weETH-25APR2024": 50.64822752788374, "USDC": 121499844.88850278, "AAVE": 12413.198826735468, "dPT-rETH-26JUN2025": 5.911822414352113, "dPT-rsETH-26SEP2024": 976.5518474376593, "WOETH": 24.97146628364447, "DAI": 33208.3413523189, "sUSDS": 20.16098736074597, "rETH": 40387.5686270822, "LINK": 698519.2767337383, "UNI": 1049907.3387845217, "GMX": 10787.319362299982, "USDT": 1318104.6947839637, "MIM": 1406.0537579285763, "dPT-wstETH-26JUN2025": 30.311548883641855, "stcUSD": 19910.53279045335, "USD1": 176570862.67825708, "cbBTC": 32814.36942196783, "cUSD": 25.178368731959797, "wsrUSD": 230.37266087996744, "CRV": 19968.520860997854, "mETH": 3509033.2983860783, "WLFI": 389055020.3949298, "dPT-mETH-26DEC2024": 309.52246629481795, "USDY": 411.85044455836885, "dWMNT": 2.2718200368860098, "WMNT": 9729.581072451627, "dPT-cmETH-13FEB2025": 306.3024933062199, "dPT-USDe-25JUL2024": 11.165079787422387, "FBTC": 1434.493367647839, "dPT-sMNT-3OCT2024": 19.684338619022856, "cmETH": 6743.503143625543, "dPT-USDe-26DEC2024": 61.900056475485584, "POL": 24.37370165258883, "USDC.E": 1341.9329187198425, "MATIC": 412.57096720216725, "WOKB": 369.75811608119017}}], "chainTokensInUsd": {"Berachain": {"WBTC": 958110.3073484256, "rUSD": 31771.84923153255, "DOLO": 425920.6690857708, "sWBERA": 321066.39823245705, "OHM": 94932.02533326081, "NECT": 16977.320409819004, "pumpBTC.bera": 1937.1623030950357, "sUSDe": 49369.29174389783, "sUSDa": 2.5650367756000048, "WETH": 798749.0527162952, "rsETH": 7.73323371733219, "SolvBTC": 32893.05347882452, "srUSD": 6038.924666328342, "USDC.e": 4209343.430093517, "diBGT": 201939.7068598391, "USDe": 228984.01804062998, "pol-rUSD": 434.93348250532284, "eBTC": 388.1829359711704, "BYUSD": 82695.30969435794, "WBERA": 1358356.9525884301, "oriBGT": 451893.24409090297, "beraETH": 249755.7314413657, "USD\u20ae0": 680970.6811771715, "weETH": 300084.25627109804, "rswETH": 12142.842474967667, "SBTC": 11.494433640022791, "iBERA": 13142.845148645882, "IR": 132.97857784570368, "savUSD": 4200017.654640707, "ylstETH": 2.337739360987576, "HENLO": 55.400394587943005, "KDK": 2335.659809351997, "PT-iBGT-25DEC2025": 5.74123339162813, "uniBTC": 51307.98150350267, "SolvBTC.BBN": 114.81996974063138, "wgBERA": 1934.353536614149, "ylpumpBTC": 4.594793490004088, "ylBTCLST": 126.76393976105217, "STONE": 18655.815524274953, "LBTC": 31978.790503255594, "stBTC": 25741782.384404123, "HONEY": 597849.8334119909, "USDa": 2885.4462207093}, "Arbitrum": {"dPT-GLP-26SEP2024": 15113.595364562727, "PENDLE": 511007.8442461977, "JONES": 43.50127527135749, "dGLV [WETH-USDC]": 433156.46272819606, "dPT-ezETH-27JUN2024": 256.8116004228542, "dGM": 8692736.625645734, "dPT-wstETH-27JUN2024": 589.4523376669475, "dARB": 7394.775160417344, "ezETH": 44137.051302018874, "dPT-weETH-26DEC2024": 153.0748721936179, "WBTC": 4237851.593298387, "RDNT": 709.2935889223435, "dfsGLP": 7.900252655449166, "weETH": 29376.309984155367, "GRAIL": 17491.08395435966, "rsETH": 363.4632219178967, "dPT-weETH-26SEP2024": 81.19852415077315, "XAI": 1489.1968625901063, "PREMIA": 2754.8211465055615, "MAGIC": 3175.2921303533326, "wstETH": 210388.67730817106, "dplvGLP": 136.33500999652261, "USDe": 2121.5693775173004, "USDS": 3716.0046550408324, "uniBTC": 156.3277025592605, "tBTC": 503.8916854454632, "dPT-weETH-27JUN2024": 665.2848517880947, "dGMX": 622847.9888581311, "dGLV [WBTC-USDC]": 494610.24752690544, "WETH": 5779891.339591699, "ARB": 231071.3113050027, "dPT-ezETH-26SEP2024": 3761.2320491259816, "dPT-weETH-25APR2024": 50.64822752788374, "USDC": 3982404.585688527, "AAVE": 12413.198826735468, "dPT-rETH-26JUN2025": 5.911822414352113, "dPT-rsETH-26SEP2024": 976.5518474376593, "WOETH": 24.97146628364447, "DAI": 33001.21226139243, "sUSDS": 20.16098736074597, "rETH": 40387.5686270822, "LINK": 698463.4786721476, "UNI": 1049907.3387845217, "GMX": 10787.319362299982, "USDT": 237817.87218429777, "MIM": 1406.0537579285763, "dPT-wstETH-26JUN2025": 30.311548883641855, "USDC.e": 119771.75079384807}, "Ethereum": {"rUSD": 5.119431816387696, "DOLO": 135802.72201547242, "WBTC": 2219245.163222116, "LINK": 55.79806159065334, "srUSD": 784235.6170194084, "wstETH": 14477966.422575945, "stcUSD": 19910.53279045335, "USD1": 176570862.67825708, "sUSDe": 567.652260220454, "USDC": 117516617.58381395, "WETH": 52947238.41862069, "cbBTC": 32814.36942196783, "cUSD": 25.178368731959797, "weETH": 25856809.35325479, "wsrUSD": 230.37266087996744, "CRV": 19968.520860997854, "mETH": 3464311.659917466, "WLFI": 389055020.3949298, "USDT": 1066033.0841857668}, "Mantle": {"USDC": 768.2612633863497, "USDT": 13695.731835841823, "dPT-mETH-26DEC2024": 309.52246629481795, "USDY": 411.85044455836885, "USDe": 167.3719439485649, "dWMNT": 2.2718200368860098, "WMNT": 9729.581072451627, "dPT-cmETH-13FEB2025": 306.3024933062199, "dPT-USDe-25JUL2024": 11.165079787422387, "FBTC": 1434.493367647839, "WBTC": 838.9654608134188, "mETH": 44721.6384686126, "WETH": 3683.948766722022, "dPT-sMNT-3OCT2024": 19.684338619022856, "cmETH": 6743.503143625543, "dPT-USDe-26DEC2024": 61.900056475485584}, "Polygon zkEVM": {"USDT": 396.5440259908066, "POL": 24.37370165258883, "USDC.E": 1341.9329187198425, "WETH": 4884.822507373056, "MATIC": 412.57096720216725, "DAI": 207.12909092647467, "WBTC": 1.7302770038885988}, "X Layer": {"USDT": 161.46255206648038, "WETH": 516.7014388535599, "USDC": 54.457736906055366,