{"currentChainTvls": {"Berachain": 34632076.06913735, "Berachain-borrowed": 3812182.162229155, "Arbitrum": 20792366.328338977, "Arbitrum-borrowed": 8886120.549342118, "Ethereum": 406266592.2546565, "Ethereum-borrowed": 288199037.0567021, "Botanix": 139816.4515114698, "Botanix-borrowed": 53509.17129141536, "Mantle": 66430.96658116326, "Mantle-borrowed": 12416.813461304324, "Polygon zkEVM": 7134.630963389269, "Polygon zkEVM-borrowed": 134.4725254795557, "X Layer": 922.6706865045943, "X Layer-borrowed": 179.70915740269163, "borrowed": 300963579.93470895}, "tokensInUsd": [{"tokens": {"WBTC": 6247690.775293381, "rUSD": 31630.36846146914, "DOLO": 500498.72032153746, "sWBERA": 288896.1297552401, "OHM": 19822.234322499025, "NECT": 16978.17781960196, "pumpBTC.bera": 1232.7918840818518, "sUSDe": 97149.33216854442, "sUSDa": 2.5650367756000048, "WETH": 55528080.92296842, "rsETH": 351.87879201315945, "SolvBTC": 33239.87223596122, "srUSD": 748017.3302407778, "USDC.e": 3977436.1388214747, "diBGT": 157485.68310912323, "USDe": 30040.146212978845, "pol-rUSD": 434.93348250532284, "eBTC": 388.1829359711704, "BYUSD": 81442.94237983944, "WBERA": 1143717.699704511, "oriBGT": 426589.72035424184, "beraETH": 249520.06803233197, "USD\u20ae0": 614057.7402421418, "weETH": 34797192.26899397, "rswETH": 12142.842474967667, "SBTC": 11.494433640022791, "iBERA": 15882.533385431452, "IR": 86.36762015299334, "savUSD": 2782047.679176522, "ylstETH": 2.337739360987576, "HENLO": 55.400394587943005, "KDK": 2335.659809351997, "PT-iBGT-25DEC2025": 5.74123339162813, "uniBTC": 54158.33648035846, "SolvBTC.BBN": 114.81996974063138, "wgBERA": 1934.353536614149, "ylpumpBTC": 4.594793490004088, "ylBTCLST": 126.76393976105217, "STONE": 17894.804158573716, "LBTC": 32142.837287731254, "stBTC": 25860220.650055133, "HONEY": 383035.3013870769, "USDa": 2885.46376790037, "dPT-GLP-26SEP2024": 15113.595364562727, "PENDLE": 564635.3447205212, "JONES": 44.00771258680652, "dGLV [WETH-USDC]": 401764.2120052393, "dPT-ezETH-27JUN2024": 256.8116004228542, "dGM": 8241247.517457621, "dPT-wstETH-27JUN2024": 589.4523376669475, "dARB": 7394.775160417344, "ezETH": 37872.39014062698, "dPT-weETH-26DEC2024": 153.0748721936179, "RDNT": 612.0921574254872, "dfsGLP": 7.900252655449166, "GRAIL": 17026.586209989633, "dPT-weETH-26SEP2024": 81.19852415077315, "XAI": 1355.1372362048442, "PREMIA": 2754.8211465055615, "MAGIC": 2889.6475001234994, "wstETH": 2412555.3701423863, "dplvGLP": 136.33500999652261, "USDS": 3712.4787521544463, "tBTC": 644.4662320950284, "dPT-weETH-27JUN2024": 665.2848517880947, "dGMX": 751736.819057245, "dGLV [WBTC-USDC]": 546432.7246445699, "ARB": 219432.9596870182, "dPT-ezETH-26SEP2024": 3761.2320491259816, "dPT-weETH-25APR2024": 50.64822752788374, "USDC": 127891628.00389984, "AAVE": 11568.441308261778, "dPT-rETH-26JUN2025": 5.911822414352113, "dPT-rsETH-26SEP2024": 976.5518474376593, "WOETH": 24.97146628364447, "DAI": 32892.6376633502, "sUSDS": 30.437700610678704, "rETH": 39654.06320450073, "LINK": 617322.7600552683, "UNI": 1030147.6972036929, "GMX": 12601.676548452788, "USDT": 405563.63850180915, "MIM": 1403.22301004169, "dPT-wstETH-26JUN2025": 30.311548883641855, "stcUSD": 18503.458046033007, "USD1": 180919367.9626631, "cbBTC": 29844.233940503003, "cUSD": 25.178368731959797, "wsrUSD": 230.37266087996744, "CRV": 19968.520860997854, "mETH": 3606398.9443073473, "WLFI": 300809299.5349602, "pBTC": 12042.503401831616, "oUSDT": 17.268456841796652, "dPT-mETH-26DEC2024": 309.52246629481795, "USDY": 411.953455008837, "dWMNT": 2.2718200368860098, "WMNT": 9499.491911874302, "dPT-cmETH-13FEB2025": 306.3024933062199, "dPT-USDe-25JUL2024": 11.165079787422387, "FBTC": 1406.6279212633817, "dPT-sMNT-3OCT2024": 19.684338619022856, "cmETH": 5281.9596246580695, "dPT-USDe-26DEC2024": 61.900056475485584, "POL": 24.37370165258883, "USDC.E": 1341.9329187198425, "MATIC": 412.57096720216725, "WOKB": 369.75811608119017}}], "chainTokensInUsd": {"Berachain": {"WBTC": 976381.8466003182, "rUSD": 31625.249029652754, "DOLO": 394585.111075114, "sWBERA": 288896.1297552401, "OHM": 19822.234322499025, "NECT": 16978.17781960196, "pumpBTC.bera": 1232.7918840818518, "sUSDe": 48217.770761646585, "sUSDa": 2.5650367756000048, "WETH": 794094.6778848178, "rsETH": 8.10916864373367, "SolvBTC": 33239.87223596122, "srUSD": 6061.816418200125, "USDC.e": 3794906.5717547303, "diBGT": 157485.68310912323, "USDe": 28738.20132855387, "pol-rUSD": 434.93348250532284, "eBTC": 388.1829359711704, "BYUSD": 81442.94237983944, "WBERA": 1143717.699704511, "oriBGT": 426589.72035424184, "beraETH": 249520.06803233197, "USD\u20ae0": 614057.7402421418, "weETH": 289334.9857658139, "rswETH": 12142.842474967667, "SBTC": 11.494433640022791, "iBERA": 15882.533385431452, "IR": 86.36762015299334, "savUSD": 2782047.679176522, "ylstETH": 2.337739360987576, "HENLO": 55.400394587943005, "KDK": 2335.659809351997, "PT-iBGT-25DEC2025": 5.74123339162813, "uniBTC": 54003.77077177241, "SolvBTC.BBN": 114.81996974063138, "wgBERA": 1934.353536614149, "ylpumpBTC": 4.594793490004088, "ylBTCLST": 126.76393976105217, "STONE": 17894.804158573716, "LBTC": 32142.837287731254, "stBTC": 25741782.384404123, "HONEY": 383035.3013870769, "USDa": 2885.46376790037}, "Arbitrum": {"dPT-GLP-26SEP2024": 15113.595364562727, "PENDLE": 564635.3447205212, "JONES": 44.00771258680652, "dGLV [WETH-USDC]": 401764.2120052393, "dPT-ezETH-27JUN2024": 256.8116004228542, "dGM": 8241247.517457621, "dPT-wstETH-27JUN2024": 589.4523376669475, "dARB": 7394.775160417344, "ezETH": 37872.39014062698, "dPT-weETH-26DEC2024": 153.0748721936179, "WBTC": 4423981.215021949, "RDNT": 612.0921574254872, "dfsGLP": 7.900252655449166, "weETH": 1993408.1683848873, "GRAIL": 17026.586209989633, "rsETH": 343.7696233694258, "dPT-weETH-26SEP2024": 81.19852415077315, "XAI": 1355.1372362048442, "PREMIA": 2754.8211465055615, "MAGIC": 2889.6475001234994, "wstETH": 205127.99720281677, "dplvGLP": 136.33500999652261, "USDe": 1266.8826669688228, "USDS": 3712.4787521544463, "uniBTC": 154.56570858604996, "tBTC": 644.4662320950284, "dPT-weETH-27JUN2024": 665.2848517880947, "dGMX": 751736.819057245, "dGLV [WBTC-USDC]": 546432.7246445699, "WETH": 5778198.635876759, "ARB": 219432.9596870182, "dPT-ezETH-26SEP2024": 3761.2320491259816, "dPT-weETH-25APR2024": 50.64822752788374, "USDC": 4336424.313621752, "AAVE": 11568.441308261778, "dPT-rETH-26JUN2025": 5.911822414352113, "dPT-rsETH-26SEP2024": 976.5518474376593, "WOETH": 24.97146628364447, "DAI": 32685.50857242373, "sUSDS": 30.437700610678704, "rETH": 39654.06320450073, "LINK": 615725.4062559893, "UNI": 1030147.6972036929, "GMX": 12601.676548452788, "USDT": 254647.53183954506, "MIM": 1403.22301004169, "dPT-wstETH-26JUN2025": 30.311548883641855, "USDC.e": 119708.0843350359}, "Ethereum": {"rUSD": 5.119431816387696, "DOLO": 105913.60924642348, "WBTC": 846487.0179332964, "LINK": 1597.3537992789393, "srUSD": 741955.5138225777, "wstETH": 2207427.3729395694, "stcUSD": 18503.458046033007, "USD1": 180919367.9626631, "sUSDe": 48931.56140689784, "USDC": 123554380.87188044, "WETH": 48946980.417606235, "cbBTC": 29844.233940503003, "cUSD": 25.178368731959797, "weETH": 32514449.114843264, "wsrUSD": 230.37266087996744, "CRV": 19968.520860997854, "mETH": 3563629.70548496, "WLFI": 300809299.5349602, "USDT": 136632.39146334404}, "Botanix": {"pBTC": 12042.503401831616, "oUSDT": 17.268456841796652, "USDC.e": 62821.48273170842, "WETH": 6.1025614950012566, "stBTC": 118438.26565100832}, "Mantle": {"USDC": 768.3606607376573, "USDT": 13725.708620862746, "dPT-mETH-26DEC2024": 309.52246629481795, "USDY": 411.953455008837, "USDe": 35.062217456149604, "dWMNT": 2.2718200368860098, "WMNT": 9499.491911874302, "dPT-cmETH-13FEB2025": 306.3024933062199, "dPT-USDe-25JUL2024": 11.165079787422387, "FBTC": 1406.6279212633817, "WBTC": 838.9654608134188, "mETH": 42769.23882238695, "WETH": 3399.565092886235, "dPT-sMNT-3OCT2024": 19.684338619022856, "cmETH": 5281.9596246580695, "dPT-USDe-26DEC2024": 61.900056475485584},