{"currentChainTvls": {"Berachain": 34599976.961252056, "Berachain-borrowed": 3622436.7724849083, "Arbitrum": 20831290.62739005, "Arbitrum-borrowed": 8897082.839669185, "Ethereum": 409912563.0396128, "Ethereum-borrowed": 288448592.64628285, "Botanix": 139816.4515114698, "Botanix-borrowed": 53509.17129141536, "Mantle": 66430.96658116326, "Mantle-borrowed": 12416.813461304324, "Polygon zkEVM": 7134.630963389269, "Polygon zkEVM-borrowed": 134.4725254795557, "X Layer": 922.6706865045943, "X Layer-borrowed": 179.70915740269163, "borrowed": 301034352.4248725}, "tokensInUsd": [{"tokens": {"WBTC": 6271467.364585739, "rUSD": 31630.104782208255, "DOLO": 485993.0851617293, "sWBERA": 288896.1297552401, "OHM": 19822.234322499025, "NECT": 16978.220134328873, "pumpBTC.bera": 1232.7918840818518, "sUSDe": 97149.33216854442, "sUSDa": 2.5650367756000048, "WETH": 55702814.426361434, "rsETH": 351.87879201315945, "SolvBTC": 33560.34875205471, "srUSD": 748017.3302407778, "USDC.e": 3875602.223790893, "diBGT": 159891.4099654747, "USDe": 30040.94381171263, "pol-rUSD": 434.93348250532284, "eBTC": 388.1829359711704, "BYUSD": 81487.6035269454, "WBERA": 1148380.935816036, "oriBGT": 426589.72035424184, "beraETH": 249520.06803233197, "USD\u20ae0": 613996.5632146265, "weETH": 34799263.84650807, "rswETH": 12142.842474967667, "SBTC": 11.494433640022791, "iBERA": 13731.847414580698, "IR": 86.36762015299334, "savUSD": 2782047.679176522, "ylstETH": 2.337739360987576, "HENLO": 55.400394587943005, "KDK": 2335.659809351997, "PT-iBGT-25DEC2025": 5.74123339162813, "uniBTC": 54158.33648035846, "SolvBTC.BBN": 114.81996974063138, "wgBERA": 1934.353536614149, "ylpumpBTC": 4.594793490004088, "ylBTCLST": 126.76393976105217, "STONE": 17894.804158573716, "LBTC": 32142.837287731254, "stBTC": 25860220.650055133, "HONEY": 259342.50811003128, "USDa": 2885.46376790037, "dPT-GLP-26SEP2024": 15113.595364562727, "PENDLE": 571389.8686978632, "JONES": 44.00771258680652, "dGLV [WETH-USDC]": 401764.2120052393, "dPT-ezETH-27JUN2024": 256.8116004228542, "dGM": 8255424.13290711, "dPT-wstETH-27JUN2024": 589.4523376669475, "dARB": 7394.775160417344, "ezETH": 37872.39014062698, "dPT-weETH-26DEC2024": 153.0748721936179, "RDNT": 915.4744817385277, "dfsGLP": 7.900252655449166, "GRAIL": 17038.969938880182, "dPT-weETH-26SEP2024": 81.19852415077315, "XAI": 1355.1372362048442, "PREMIA": 2754.8211465055615, "MAGIC": 2889.6475001234994, "wstETH": 2412555.3701423863, "dplvGLP": 136.33500999652261, "USDS": 3712.4787521544463, "tBTC": 644.4662320950284, "dPT-weETH-27JUN2024": 665.2848517880947, "dGMX": 762954.0163179401, "dGLV [WBTC-USDC]": 546432.7246445699, "ARB": 293328.52346771647, "dPT-ezETH-26SEP2024": 3761.2320491259816, "dPT-weETH-25APR2024": 50.64822752788374, "USDC": 127784313.76441823, "AAVE": 11568.441308261778, "dPT-rETH-26JUN2025": 5.911822414352113, "dPT-rsETH-26SEP2024": 976.5518474376593, "WOETH": 24.97146628364447, "DAI": 32893.91494189813, "sUSDS": 30.437700610678704, "rETH": 39654.06320450073, "LINK": 618266.3673283826, "UNI": 1021931.422627497, "GMX": 12740.239096475007, "USDT": 400703.11234497506, "MIM": 1403.22301004169, "dPT-wstETH-26JUN2025": 30.311548883641855, "stcUSD": 18503.458046033007, "USD1": 184690112.21494344, "cbBTC": 29844.233940503003, "cUSD": 25.178368731959797, "wsrUSD": 230.37266087996744, "CRV": 19968.520860997854, "mETH": 3606398.9443073473, "WLFI": 300809299.5349602, "pBTC": 12042.503401831616, "oUSDT": 17.268456841796652, "dPT-mETH-26DEC2024": 309.52246629481795, "USDY": 411.953455008837, "dWMNT": 2.2718200368860098, "WMNT": 9499.491911874302, "dPT-cmETH-13FEB2025": 306.3024933062199, "dPT-USDe-25JUL2024": 11.165079787422387, "FBTC": 1406.6279212633817, "dPT-sMNT-3OCT2024": 19.684338619022856, "cmETH": 5281.9596246580695, "dPT-USDe-26DEC2024": 61.900056475485584, "POL": 24.37370165258883, "USDC.E": 1341.9329187198425, "MATIC": 412.57096720216725, "WOKB": 369.75811608119017}}], "chainTokensInUsd": {"Berachain": {"WBTC": 976741.458743295, "rUSD": 31624.985350391868, "DOLO": 394585.111075114, "sWBERA": 288896.1297552401, "OHM": 19822.234322499025, "NECT": 16978.220134328873, "pumpBTC.bera": 1232.7918840818518, "sUSDe": 48217.770761646585, "sUSDa": 2.5650367756000048, "WETH": 790122.885038912, "rsETH": 8.10916864373367, "SolvBTC": 33560.34875205471, "srUSD": 6061.816418200125, "USDC.e": 3693072.6567241484, "diBGT": 159891.4099654747, "USDe": 28738.998927287656, "pol-rUSD": 434.93348250532284, "eBTC": 388.1829359711704, "BYUSD": 81487.6035269454, "WBERA": 1148380.935816036, "oriBGT": 426589.72035424184, "beraETH": 249520.06803233197, "USD\u20ae0": 613996.5632146265, "weETH": 291406.5632799194, "rswETH": 12142.842474967667, "SBTC": 11.494433640022791, "iBERA": 13731.847414580698, "IR": 86.36762015299334, "savUSD": 2782047.679176522, "ylstETH": 2.337739360987576, "HENLO": 55.400394587943005, "KDK": 2335.659809351997, "PT-iBGT-25DEC2025": 5.74123339162813, "uniBTC": 54003.77077177241, "SolvBTC.BBN": 114.81996974063138, "wgBERA": 1934.353536614149, "ylpumpBTC": 4.594793490004088, "ylBTCLST": 126.76393976105217, "STONE": 17894.804158573716, "LBTC": 32142.837287731254, "stBTC": 25741782.384404123, "HONEY": 259342.50811003128, "USDa": 2885.46376790037}, "Arbitrum": {"dPT-GLP-26SEP2024": 15113.595364562727, "PENDLE": 571389.8686978632, "JONES": 44.00771258680652, "dGLV [WETH-USDC]": 401764.2120052393, "dPT-ezETH-27JUN2024": 256.8116004228542, "dGM": 8255424.13290711, "dPT-wstETH-27JUN2024": 589.4523376669475, "dARB": 7394.775160417344, "ezETH": 37872.39014062698, "dPT-weETH-26DEC2024": 153.0748721936179, "WBTC": 4433503.807881507, "RDNT": 915.4744817385277, "dfsGLP": 7.900252655449166, "weETH": 1993408.1683848873, "GRAIL": 17038.969938880182, "rsETH": 343.7696233694258, "dPT-weETH-26SEP2024": 81.19852415077315, "XAI": 1355.1372362048442, "PREMIA": 2754.8211465055615, "MAGIC": 2889.6475001234994, "wstETH": 205127.99720281677, "dplvGLP": 136.33500999652261, "USDe": 1266.8826669688228, "USDS": 3712.4787521544463, "uniBTC": 154.56570858604996, "tBTC": 644.4662320950284, "dPT-weETH-27JUN2024": 665.2848517880947, "dGMX": 762954.0163179401, "dGLV [WBTC-USDC]": 546432.7246445699, "WETH": 5842303.234920208, "ARB": 293328.52346771647, "dPT-ezETH-26SEP2024": 3761.2320491259816, "dPT-weETH-25APR2024": 50.64822752788374, "USDC": 4208215.341706199, "AAVE": 11568.441308261778, "dPT-rETH-26JUN2025": 5.911822414352113, "dPT-rsETH-26SEP2024": 976.5518474376593, "WOETH": 24.97146628364447, "DAI": 32686.785850971657, "sUSDS": 30.437700610678704, "rETH": 39654.06320450073, "LINK": 616669.0135291036, "UNI": 1021931.422627497, "GMX": 12740.239096475007, "USDT": 259889.06218531713, "MIM": 1403.22301004169, "dPT-wstETH-26JUN2025": 30.311548883641855, "USDC.e": 119708.0843350359}, "Ethereum": {"rUSD": 5.119431816387696, "DOLO": 91407.9740866153, "WBTC": 860381.4022231193, "LINK": 1597.3537992789393, "srUSD": 741955.5138225777, "wstETH": 2207427.3729395694, "stcUSD": 18503.458046033007, "USD1": 184690112.21494344, "sUSDe": 48931.56140689784, "USDC": 123575275.60431439, "WETH": 49061581.114801705, "cbBTC": 29844.233940503003, "cUSD": 25.178368731959797, "weETH": 32514449.114843264, "wsrUSD": 230.37266087996744, "CRV": 19968.520860997854, "mETH": 3563629.70548496, "WLFI": 300809299.5349602, "USDT": 126530.33496073789}, "Botanix": {"pBTC": 12042.503401831616, "oUSDT": 17.268456841796652, "USDC.e": 62821.48273170842, "WETH": 6.1025614950012566, "stBTC": 118438.26565100832}, "Mantle": {"USDC": 768.3606607376573, "USDT": 13725.708620862746, "dPT-mETH-26DEC2024": 309.52246629481795, "USDY": 411.953455008837, "USDe": 35.062217456149604, "dWMNT": 2.2718200368860098, "WMNT": 9499.491911874302, "dPT-cmETH-13FEB2025": 306.3024933062199, "dPT-USDe-25JUL2024": 11.165079787422387, "FBTC": 1406.6279212633817, "WBTC": 838.9654608134188, "mETH": 42769.23882238695, "WETH": 3399.565092886235, "dPT-sMNT-3OCT2024": 19.684338619022856, "cmETH": 5281.9596246580695, "dPT-USDe-26DEC2024": 61.900056475485584},