{"currentChainTvls": {"Berachain": 35022671.67717636, "Berachain-borrowed": 4894663.549356736, "Arbitrum": 19903101.69297182, "Arbitrum-borrowed": 9355338.94943287, "Ethereum": 465147128.03113055, "Ethereum-borrowed": 304362182.60472894, "Botanix": 139818.9530242956, "Botanix-borrowed": 53471.20286572216, "Mantle": 66800.41426914849, "Mantle-borrowed": 12485.706185788731, "Polygon zkEVM": 7134.630963389269, "Polygon zkEVM-borrowed": 134.4725254795557, "X Layer": 922.6706865045943, "X Layer-borrowed": 179.70915740269163, "borrowed": 318678456.19425297}, "tokensInUsd": [{"tokens": {"WBTC": 6208444.106176502, "rUSD": 31747.716870803197, "DOLO": 549427.5833270847, "sWBERA": 297988.3545294513, "OHM": 18098.874653545976, "NECT": 16977.566275870562, "pumpBTC.bera": 1232.7918840818518, "sUSDe": 97085.90922438483, "sUSDa": 2.5650367756000048, "WETH": 55394088.64223252, "rsETH": 360.61340423447047, "SolvBTC": 33417.49240770537, "srUSD": 765225.3562402454, "USDC.e": 3967372.1742080003, "diBGT": 160196.29385993216, "USDe": 30039.24420077754, "pol-rUSD": 434.93348250532284, "eBTC": 388.1829359711704, "BYUSD": 83547.8914125539, "WBERA": 1192436.1330798576, "oriBGT": 438513.222153577, "beraETH": 255616.1805526688, "USD\u20ae0": 614091.5492598718, "weETH": 39063569.091491506, "rswETH": 12142.842474967667, "SBTC": 11.494433640022791, "iBERA": 12131.117587514487, "IR": 112.29056132803387, "savUSD": 4151313.6482202257, "ylstETH": 2.337739360987576, "HENLO": 55.400394587943005, "KDK": 2335.659809351997, "PT-iBGT-25DEC2025": 5.74123339162813, "uniBTC": 54158.33648035846, "SolvBTC.BBN": 114.81996974063138, "wgBERA": 1934.353536614149, "ylpumpBTC": 4.594793490004088, "ylBTCLST": 126.76393976105217, "STONE": 18216.173082853136, "LBTC": 32142.837287731254, "stBTC": 25860220.650055133, "HONEY": 391959.8394870006, "USDa": 2885.46376790037, "dPT-GLP-26SEP2024": 15113.595364562727, "PENDLE": 497691.9760640546, "JONES": 44.00771258680652, "dGLV [WETH-USDC]": 413740.1275308483, "dPT-ezETH-27JUN2024": 256.8116004228542, "dGM": 8319463.588612854, "dPT-wstETH-27JUN2024": 589.4523376669475, "dARB": 7394.775160417344, "ezETH": 49495.971403439435, "dPT-weETH-26DEC2024": 153.0748721936179, "RDNT": 608.0973113947463, "dfsGLP": 7.900252655449166, "GRAIL": 18249.610513113395, "dPT-weETH-26SEP2024": 81.19852415077315, "XAI": 1422.046200546086, "PREMIA": 2754.8211465055615, "MAGIC": 2948.8801381303024, "wstETH": 4349795.533450753, "dplvGLP": 136.33500999652261, "USDS": 3703.170038588857, "tBTC": 516.1418855260528, "dPT-weETH-27JUN2024": 665.2848517880947, "dGMX": 773509.8296790405, "dGLV [WBTC-USDC]": 516056.3072643081, "ARB": 226463.39015230816, "dPT-ezETH-26SEP2024": 3761.2320491259816, "dPT-weETH-25APR2024": 50.64822752788374, "USDC": 127358769.73445553, "AAVE": 11869.748296139012, "dPT-rETH-26JUN2025": 5.911822414352113, "dPT-rsETH-26SEP2024": 976.5518474376593, "WOETH": 24.97146628364447, "DAI": 33096.5397405885, "sUSDS": 30.429191586671323, "rETH": 39767.42038070283, "LINK": 666116.3829416888, "UNI": 1024056.3140301158, "GMX": 12990.981037830976, "USDT": 382381.95160666737, "MIM": 1404.0185833303165, "dPT-wstETH-26JUN2025": 30.311548883641855, "stcUSD": 18503.458046033007, "USD1": 183644470.1452328, "cbBTC": 30494.6678028892, "cUSD": 25.178368731959797, "wsrUSD": 230.37266087996744, "CRV": 19968.520860997854, "mETH": 3606671.402794856, "WLFI": 367117706.9333647, "pBTC": 12042.503401831616, "oUSDT": 17.268456841796652, "dPT-mETH-26DEC2024": 309.52246629481795, "USDY": 411.953455008837, "dWMNT": 2.2718200368860098, "WMNT": 9571.882466301726, "dPT-cmETH-13FEB2025": 306.3024933062199, "dPT-USDe-25JUL2024": 11.165079787422387, "FBTC": 1406.6279212633817, "dPT-sMNT-3OCT2024": 19.684338619022856, "cmETH": 5281.9596246580695, "dPT-USDe-26DEC2024": 61.900056475485584, "POL": 24.37370165258883, "USDC.E": 1341.9329187198425, "MATIC": 412.57096720216725, "WOKB": 369.75811608119017}}], "chainTokensInUsd": {"Berachain": {"WBTC": 964831.5460787296, "rUSD": 31742.59743898681, "DOLO": 443513.9740806612, "sWBERA": 297988.3545294513, "OHM": 18098.874653545976, "NECT": 16977.566275870562, "pumpBTC.bera": 1232.7918840818518, "sUSDe": 48205.41167268832, "sUSDa": 2.5650367756000048, "WETH": 783657.530600268, "rsETH": 7.73323371733219, "SolvBTC": 33417.49240770537, "srUSD": 6059.552331468267, "USDC.e": 3781420.404570068, "diBGT": 160196.29385993216, "USDe": 28737.407213426202, "pol-rUSD": 434.93348250532284, "eBTC": 388.1829359711704, "BYUSD": 83547.8914125539, "WBERA": 1192436.1330798576, "oriBGT": 438513.222153577, "beraETH": 255616.1805526688, "USD\u20ae0": 614091.5492598718, "weETH": 294935.50429335574, "rswETH": 12142.842474967667, "SBTC": 11.494433640022791, "iBERA": 12131.117587514487, "IR": 112.29056132803387, "savUSD": 4151313.6482202257, "ylstETH": 2.337739360987576, "HENLO": 55.400394587943005, "KDK": 2335.659809351997, "PT-iBGT-25DEC2025": 5.74123339162813, "uniBTC": 54003.77077177241, "SolvBTC.BBN": 114.81996974063138, "wgBERA": 1934.353536614149, "ylpumpBTC": 4.594793490004088, "ylBTCLST": 126.76393976105217, "STONE": 18216.173082853136, "LBTC": 32142.837287731254, "stBTC": 25741782.384404123, "HONEY": 391959.8394870006, "USDa": 2885.46376790037}, "Arbitrum": {"dPT-GLP-26SEP2024": 15113.595364562727, "PENDLE": 497691.9760640546, "JONES": 44.00771258680652, "dGLV [WETH-USDC]": 413740.1275308483, "dPT-ezETH-27JUN2024": 256.8116004228542, "dGM": 8319463.588612854, "dPT-wstETH-27JUN2024": 589.4523376669475, "dARB": 7394.775160417344, "ezETH": 49495.971403439435, "dPT-weETH-26DEC2024": 153.0748721936179, "WBTC": 4350200.922455849, "RDNT": 608.0973113947463, "dfsGLP": 7.900252655449166, "weETH": 2314599.319297321, "GRAIL": 18249.610513113395, "rsETH": 352.88017051713825, "dPT-weETH-26SEP2024": 81.19852415077315, "XAI": 1422.046200546086, "PREMIA": 2754.8211465055615, "MAGIC": 2948.8801381303024, "wstETH": 205499.7746834656, "dplvGLP": 136.33500999652261, "USDe": 1266.7747698951875, "USDS": 3703.170038588857, "uniBTC": 154.56570858604996, "tBTC": 516.1418855260528, "dPT-weETH-27JUN2024": 665.2848517880947, "dGMX": 773509.8296790405, "dGLV [WBTC-USDC]": 516056.3072643081, "WETH": 5763932.178802278, "ARB": 226463.39015230816, "dPT-ezETH-26SEP2024": 3761.2320491259816, "dPT-weETH-25APR2024": 50.64822752788374, "USDC": 3622861.978924936, "AAVE": 11869.748296139012, "dPT-rETH-26JUN2025": 5.911822414352113, "dPT-rsETH-26SEP2024": 976.5518474376593, "WOETH": 24.97146628364447, "DAI": 32889.41064966203, "sUSDS": 30.429191586671323, "rETH": 39767.42038070283, "LINK": 665943.4847603593, "UNI": 1024056.3140301158, "GMX": 12990.981037830976, "USDT": 231538.66625424242, "MIM": 1404.0185833303165, "dPT-wstETH-26JUN2025": 30.311548883641855, "USDC.e": 123165.75381909129}, "Ethereum": {"rUSD": 5.119431816387696, "DOLO": 105913.60924642348, "WBTC": 892570.9419041066, "LINK": 172.89818132952303, "srUSD": 759165.8039087771, "wstETH": 4144295.758767288, "stcUSD": 18503.458046033007, "USD1": 183644470.1452328, "sUSDe": 48880.497551696506, "USDC": 123735084.87256083, "WETH": 48837595.75705875, "cbBTC": 30494.6678028892, "cUSD": 25.178368731959797, "weETH": 36454034.26790083, "wsrUSD": 230.37266087996744, "CRV": 19968.520860997854, "mETH": 3563629.70548496, "WLFI": 367117706.9333647, "USDT": 136562.1275257068}, "Botanix": {"pBTC": 12042.503401831616, "oUSDT": 17.268456841796652, "USDC.e": 62786.01581884102, "WETH": 6.1025614950012566, "stBTC": 118438.26565100832}, "Mantle": {"USDC": 768.4252328519468, "USDT": 13723.15124866085, "dPT-mETH-26DEC2024": 309.52246629481795, "USDY": 411.953455008837, "USDe": 35.062217456149604, "dWMNT": 2.2718200368860098, "WMNT": 9571.882466301726, "dPT-cmETH-13FEB2025": 306.3024933062199, "dPT-USDe-25JUL2024": 11.165079787422387, "FBTC": 1406.6279212633817, "WBTC": 838.9654608134188, "mETH": 43041.69730989599, "WETH": 3495.5492635070163, "dPT-sMNT-3OCT2024": 19.684338619022856, "cmETH": 5281.9596246580695, "dPT-USDe-26DEC2024": 61.900056475485584}, "Polygon zkEVM": {"USDT": 396.5440259908066,