{"currentChainTvls": {"Berachain": 35074543.79020622, "Berachain-borrowed": 4903829.794035194, "Arbitrum": 20055248.070441604, "Arbitrum-borrowed": 9445682.557487411, "Ethereum": 468533379.1283395, "Ethereum-borrowed": 300982270.76563406, "Botanix": 139818.9530242956, "Botanix-borrowed": 53471.20286572216, "Mantle": 66927.39222042421, "Mantle-borrowed": 12487.154342729462, "Polygon zkEVM": 7134.630963389269, "Polygon zkEVM-borrowed": 134.4725254795557, "X Layer": 922.6706865045943, "X Layer-borrowed": 179.70915740269163, "borrowed": 315398055.656048}, "tokensInUsd": [{"tokens": {"WBTC": 6282368.3357706405, "rUSD": 31751.754754560756, "DOLO": 558486.3580630156, "sWBERA": 300505.4030805471, "OHM": 18098.874653545976, "NECT": 16977.772965287128, "pumpBTC.bera": 1232.7918840818518, "sUSDe": 97139.12804358453, "sUSDa": 2.5650367756000048, "WETH": 56593915.56299712, "rsETH": 360.61340423447047, "SolvBTC": 33312.102195177715, "srUSD": 763888.9609014416, "USDC.e": 3965478.178328653, "diBGT": 164551.62420852447, "USDe": 30038.803219294463, "pol-rUSD": 434.93348250532284, "eBTC": 388.1829359711704, "BYUSD": 81416.08283939231, "WBERA": 1216058.8721574359, "oriBGT": 445504.13502476714, "beraETH": 255616.1805526688, "USD\u20ae0": 613977.4587771146, "weETH": 34712737.85348007, "rswETH": 12142.842474967667, "SBTC": 11.494433640022791, "iBERA": 12297.50617184304, "IR": 121.0807590855774, "savUSD": 4151313.6482202257, "ylstETH": 2.337739360987576, "HENLO": 55.400394587943005, "KDK": 2335.659809351997, "PT-iBGT-25DEC2025": 5.74123339162813, "uniBTC": 54158.33648035846, "SolvBTC.BBN": 114.81996974063138, "wgBERA": 1934.353536614149, "ylpumpBTC": 4.594793490004088, "ylBTCLST": 126.76393976105217, "STONE": 18216.173082853136, "LBTC": 32142.837287731254, "stBTC": 25860220.650055133, "HONEY": 393068.6532599865, "USDa": 2885.46376790037, "dPT-GLP-26SEP2024": 15113.595364562727, "PENDLE": 520910.5259094726, "JONES": 44.00771258680652, "dGLV [WETH-USDC]": 413740.1275308483, "dPT-ezETH-27JUN2024": 256.8116004228542, "dGM": 8296328.457443577, "dPT-wstETH-27JUN2024": 589.4523376669475, "dARB": 7394.775160417344, "ezETH": 50412.66078319734, "dPT-weETH-26DEC2024": 153.0748721936179, "RDNT": 608.0973113947463, "dfsGLP": 7.900252655449166, "GRAIL": 18147.35728438383, "dPT-weETH-26SEP2024": 81.19852415077315, "XAI": 1423.607879784784, "PREMIA": 2754.8211465055615, "MAGIC": 2985.359445902677, "wstETH": 4350835.0682283165, "dplvGLP": 136.33500999652261, "USDS": 3703.480129250892, "tBTC": 499.40381042181843, "dPT-weETH-27JUN2024": 665.2848517880947, "dGMX": 773509.8296790405, "dGLV [WBTC-USDC]": 516056.3072643081, "ARB": 229731.98657282544, "dPT-ezETH-26SEP2024": 3761.2320491259816, "dPT-weETH-25APR2024": 50.64822752788374, "USDC": 132489226.44992724, "AAVE": 11869.748296139012, "dPT-rETH-26JUN2025": 5.911822414352113, "dPT-rsETH-26SEP2024": 976.5518474376593, "WOETH": 24.97146628364447, "DAI": 32900.82973836349, "sUSDS": 30.429191586671323, "rETH": 40005.01334402414, "LINK": 633877.3097909031, "UNI": 1024056.3140301158, "GMX": 12572.926717471513, "USDT": 382379.82530863467, "MIM": 1404.0205813060186, "dPT-wstETH-26JUN2025": 30.311548883641855, "stcUSD": 18503.458046033007, "USD1": 184357242.81077048, "cbBTC": 30110.680822550963, "cUSD": 25.178368731959797, "wsrUSD": 230.37266087996744, "CRV": 19968.520860997854, "mETH": 3606799.8289030725, "WLFI": 364646894.8580535, "pBTC": 12042.503401831616, "oUSDT": 17.268456841796652, "dPT-mETH-26DEC2024": 309.52246629481795, "USDY": 411.953455008837, "dWMNT": 2.2718200368860098, "WMNT": 9571.882466301726, "dPT-cmETH-13FEB2025": 306.3024933062199, "dPT-USDe-25JUL2024": 11.165079787422387, "FBTC": 1406.6279212633817, "dPT-sMNT-3OCT2024": 19.684338619022856, "cmETH": 5281.9596246580695, "dPT-USDe-26DEC2024": 61.900056475485584, "POL": 24.37370165258883, "USDC.E": 1341.9329187198425, "MATIC": 412.57096720216725, "WOKB": 369.75811608119017}}], "chainTokensInUsd": {"Berachain": {"WBTC": 970465.0044412807, "rUSD": 31746.63532274437, "DOLO": 452572.74881659215, "sWBERA": 300505.4030805471, "OHM": 18098.874653545976, "NECT": 16977.772965287128, "pumpBTC.bera": 1232.7918840818518, "sUSDe": 48207.566636686686, "sUSDa": 2.5650367756000048, "WETH": 794725.7409212925, "rsETH": 7.73323371733219, "SolvBTC": 33312.102195177715, "srUSD": 6059.552331468267, "USDC.e": 3781768.5771110435, "diBGT": 164551.62420852447, "USDe": 28736.862725398725, "pol-rUSD": 434.93348250532284, "eBTC": 388.1829359711704, "BYUSD": 81416.08283939231, "WBERA": 1216058.8721574359, "oriBGT": 445504.13502476714, "beraETH": 255616.1805526688, "USD\u20ae0": 613977.4587771146, "weETH": 293440.6568569713, "rswETH": 12142.842474967667, "SBTC": 11.494433640022791, "iBERA": 12297.50617184304, "IR": 121.0807590855774, "savUSD": 4151313.6482202257, "ylstETH": 2.337739360987576, "HENLO": 55.400394587943005, "KDK": 2335.659809351997, "PT-iBGT-25DEC2025": 5.74123339162813, "uniBTC": 54003.77077177241, "SolvBTC.BBN": 114.81996974063138, "wgBERA": 1934.353536614149, "ylpumpBTC": 4.594793490004088, "ylBTCLST": 126.76393976105217, "STONE": 18216.173082853136, "LBTC": 32142.837287731254, "stBTC": 25741782.384404123, "HONEY": 393068.6532599865, "USDa": 2885.46376790037}, "Arbitrum": {"dPT-GLP-26SEP2024": 15113.595364562727, "PENDLE": 520910.5259094726, "JONES": 44.00771258680652, "dGLV [WETH-USDC]": 413740.1275308483, "dPT-ezETH-27JUN2024": 256.8116004228542, "dGM": 8296328.457443577, "dPT-wstETH-27JUN2024": 589.4523376669475, "dARB": 7394.775160417344, "ezETH": 50412.66078319734, "dPT-weETH-26DEC2024": 153.0748721936179, "WBTC": 4424595.201098692, "RDNT": 608.0973113947463, "dfsGLP": 7.900252655449166, "weETH": 2314599.319297321, "GRAIL": 18147.35728438383, "rsETH": 352.88017051713825, "dPT-weETH-26SEP2024": 81.19852415077315, "XAI": 1423.607879784784, "PREMIA": 2754.8211465055615, "MAGIC": 2985.359445902677, "wstETH": 206539.30946102872, "dplvGLP": 136.33500999652261, "USDe": 1266.8782764395883, "USDS": 3703.480129250892, "uniBTC": 154.56570858604996, "tBTC": 499.40381042181843, "dPT-weETH-27JUN2024": 665.2848517880947, "dGMX": 773509.8296790405, "dGLV [WBTC-USDC]": 516056.3072643081, "WETH": 5849821.596923157, "ARB": 229731.98657282544, "dPT-ezETH-26SEP2024": 3761.2320491259816, "dPT-weETH-25APR2024": 50.64822752788374, "USDC": 3734709.535404451, "AAVE": 11869.748296139012, "dPT-rETH-26JUN2025": 5.911822414352113, "dPT-rsETH-26SEP2024": 976.5518474376593, "WOETH": 24.97146628364447, "DAI": 32693.70064743702, "sUSDS": 30.429191586671323, "rETH": 40005.01334402414, "LINK": 633704.4116095736, "UNI": 1024056.3140301158, "GMX": 12572.926717471513, "USDT": 231527.10693337242, "MIM": 1404.0205813060186, "dPT-wstETH-26JUN2025": 30.311548883641855, "USDC.e": 120923.58539876847}, "Ethereum": {"rUSD": 5.119431816387696, "DOLO": 105913.60924642348, "WBTC": 886467.4344928504, "LINK": 172.89818132952303, "srUSD": 757829.4085699733, "wstETH": 4144295.758767288, "stcUSD": 18503.458046033007, "USD1": 184357242.81077048, "sUSDe": 48931.56140689784, "USDC": 128753694.03155303, "WETH": 49940465.04938144, "cbBTC": 30110.680822550963, "cUSD": 25.178368731959797, "weETH": 32104697.87732578, "wsrUSD": 230.37266087996744, "CRV": 19968.520860997854, "mETH": 3563629.70548496, "WLFI": 364646894.8580535, "USDT": 136571.56054854408}, "Botanix": {"pBTC": 12042.503401831616, "oUSDT": 17.268456841796652, "USDC.e": 62786.01581884102, "WETH": 6.1025614950012566, "stBTC": 118438.26565100832}, "Mantle": {"USDC": 768.4252328519468, "USDT": 13723.15124866085, "dPT-mETH-26DEC2024": 309.52246629481795, "USDY": 411.953455008837, "USDe": 35.062217456149604, "dWMNT": 2.2718200368860098, "WMNT": 9571.882466301726, "dPT-cmETH-13FEB2025": 306.3024933062199, "dPT-USDe-25JUL2024": 11.165079787422387, "FBTC": 1406.6279212633817, "WBTC": 838.9654608134188, "mETH": 43170.123418112446, "WETH": 3495.5492635070163, "dPT-sMNT-3OCT2024": 19.684338619022856, "cmETH": 5281.9596246580695, "dPT-USDe-26DEC2024": 61.900056475485584},