{"currentChainTvls": {"Berachain": 36169229.78041154, "Berachain-borrowed": 5049178.279286171, "Arbitrum": 20111322.197998494, "Arbitrum-borrowed": 8049574.225418316, "Ethereum": 494477239.04495776, "Ethereum-borrowed": 292727958.67283547, "Mantle": 80641.88523082016, "Mantle-borrowed": 13199.677928678486, "Polygon zkEVM": 7134.630963389269, "Polygon zkEVM-borrowed": 134.4725254795557, "X Layer": 922.6706865045943, "X Layer-borrowed": 179.70915740269163, "borrowed": 305840225.0371515}, "tokensInUsd": [{"tokens": {"WBTC": 7969496.556403854, "rUSD": 32425.183281054276, "DOLO": 547218.0208697115, "sWBERA": 336722.6626912107, "OHM": 96460.21005854035, "NECT": 16983.46035661364, "pumpBTC.bera": 1937.1623030950357, "sUSDe": 49962.80580013905, "sUSDa": 2.5650367756000048, "WETH": 57223952.94147194, "rsETH": 330.53992951525424, "SolvBTC": 31155.393621940213, "srUSD": 881366.7043639292, "USDC.e": 4470728.623540974, "diBGT": 188668.01918873002, "USDe": 32981.61897957556, "pol-rUSD": 434.93348250532284, "eBTC": 388.1829359711704, "BYUSD": 82438.44385879554, "WBERA": 1388635.7710199947, "oriBGT": 480862.7881156956, "beraETH": 238377.36951808387, "USD\u20ae0": 831187.0493939545, "weETH": 14933266.208423508, "rswETH": 12142.842474967667, "SBTC": 11.494433640022791, "iBERA": 13253.11710840681, "IR": 98.27181381880946, "savUSD": 4200059.659437781, "ylstETH": 2.337739360987576, "HENLO": 112.62532919316604, "KDK": 2335.659809351997, "PT-iBGT-25DEC2025": 5.74123339162813, "uniBTC": 47804.9675562035, "SolvBTC.BBN": 114.81996974063138, "wgBERA": 1934.353536614149, "ylpumpBTC": 4.594793490004088, "ylBTCLST": 126.76393976105217, "STONE": 17027.77187263913, "LBTC": 30754.990735815165, "stBTC": 25741782.384404123, "HONEY": 485911.40680868574, "USDa": 2885.4318428314077, "dPT-GLP-26SEP2024": 15113.595364562727, "PENDLE": 426836.8035629895, "JONES": 43.50127527135749, "dGLV [WETH-USDC]": 564456.9760294807, "dPT-ezETH-27JUN2024": 256.8116004228542, "dGM": 9206518.427281132, "dPT-wstETH-27JUN2024": 589.4523376669475, "dARB": 7394.775160417344, "ezETH": 36798.997813330156, "dPT-weETH-26DEC2024": 153.0748721936179, "RDNT": 778.1120169063607, "dfsGLP": 7.900252655449166, "GRAIL": 15697.276132021147, "dPT-weETH-26SEP2024": 81.19852415077315, "XAI": 1224.6072304561317, "PREMIA": 2754.8211465055615, "MAGIC": 2629.859240873497, "wstETH": 6536282.99703943, "dplvGLP": 136.33500999652261, "USDS": 3714.8002840614945, "DPX": 6.551456991563027, "tBTC": 462.3187626348149, "dPT-weETH-27JUN2024": 665.2848517880947, "dGMX": 637378.0552612669, "dGLV [WBTC-USDC]": 467766.18287260155, "ARB": 207922.46807905225, "dPT-ezETH-26SEP2024": 3761.2320491259816, "dPT-weETH-25APR2024": 50.64822752788374, "USDC": 125946771.84905827, "AAVE": 11557.52218256994, "dPT-rETH-26JUN2025": 5.911822414352113, "dPT-rsETH-26SEP2024": 976.5518474376593, "WOETH": 24.97146628364447, "DAI": 33662.692889773236, "sUSDS": 20.16098736074597, "rETH": 40368.676065211395, "LINK": 705052.3222641423, "UNI": 980397.468421933, "GMX": 29839.626029597428, "USDT": 584548.0841984189, "MIM": 1406.03562615348, "dPT-wstETH-26JUN2025": 30.311548883641855, "stcUSD": 19910.53279045335, "USD1": 193446065.30906674, "cbBTC": 30779.902573915944, "cUSD": 25.178368731959797, "wsrUSD": 230.37266087996744, "CRV": 21399.712633912775, "mETH": 3519862.767459194, "WLFI": 392760699.21130997, "dPT-mETH-26DEC2024": 309.52246629481795, "USDY": 411.85044455836885, "dWMNT": 2.2718200368860098, "WMNT": 9927.969351208882, "dPT-cmETH-13FEB2025": 306.3024933062199, "dPT-USDe-25JUL2024": 11.165079787422387, "FBTC": 1646.1963952750352, "dPT-sMNT-3OCT2024": 19.684338619022856, "cmETH": 6399.064757095076, "dPT-USDe-26DEC2024": 61.900056475485584, "POL": 24.37370165258883, "USDC.E": 1341.9329187198425, "MATIC": 412.57096720216725, "WOKB": 369.75811608119017}}], "chainTokensInUsd": {"Berachain": {"WBTC": 1006012.6967955297, "rUSD": 32148.57325440167, "DOLO": 417350.0791064281, "sWBERA": 336722.6626912107, "OHM": 96460.21005854035, "NECT": 16983.46035661364, "pumpBTC.bera": 1937.1623030950357, "sUSDe": 49395.153539918596, "sUSDa": 2.5650367756000048, "WETH": 791612.7173502438, "rsETH": 7.73323371733219, "SolvBTC": 31155.393621940213, "srUSD": 6032.680525010295, "USDC.e": 4349115.90436932, "diBGT": 188668.01918873002, "USDe": 30654.29603185707, "pol-rUSD": 434.93348250532284, "eBTC": 388.1829359711704, "BYUSD": 82438.44385879554, "WBERA": 1388635.7710199947, "oriBGT": 480862.7881156956, "beraETH": 238377.36951808387, "USD\u20ae0": 831187.0493939545, "weETH": 285604.25456039497, "rswETH": 12142.842474967667, "SBTC": 11.494433640022791, "iBERA": 13253.11710840681, "IR": 98.27181381880946, "savUSD": 4200059.659437781, "ylstETH": 2.337739360987576, "HENLO": 112.62532919316604, "KDK": 2335.659809351997, "PT-iBGT-25DEC2025": 5.74123339162813, "uniBTC": 47655.69206536822, "SolvBTC.BBN": 114.81996974063138, "wgBERA": 1934.353536614149, "ylpumpBTC": 4.594793490004088, "ylBTCLST": 126.76393976105217, "STONE": 17027.77187263913, "LBTC": 30754.990735815165, "stBTC": 25741782.384404123, "HONEY": 485911.40680868574, "USDa": 2885.4318428314077}, "Arbitrum": {"dPT-GLP-26SEP2024": 15113.595364562727, "PENDLE": 426836.8035629895, "JONES": 43.50127527135749, "dGLV [WETH-USDC]": 564456.9760294807, "dPT-ezETH-27JUN2024": 256.8116004228542, "dGM": 9206518.427281132, "dPT-wstETH-27JUN2024": 589.4523376669475, "dARB": 7394.775160417344, "ezETH": 36798.997813330156, "dPT-weETH-26DEC2024": 153.0748721936179, "WBTC": 4370981.461070062, "RDNT": 778.1120169063607, "dfsGLP": 7.900252655449166, "weETH": 28259.840266748117, "GRAIL": 15697.276132021147, "rsETH": 322.80669579792203, "dPT-weETH-26SEP2024": 81.19852415077315, "XAI": 1224.6072304561317, "PREMIA": 2754.8211465055615, "MAGIC": 2629.859240873497, "wstETH": 209038.83744006694, "dplvGLP": 136.33500999652261, "USDe": 2142.7890858340897, "USDS": 3714.8002840614945, "uniBTC": 149.27549083528163, "DPX": 6.551456991563027, "tBTC": 462.3187626348149, "dPT-weETH-27JUN2024": 665.2848517880947, "dGMX": 637378.0552612669, "dGLV [WBTC-USDC]": 467766.18287260155, "WETH": 5634816.855987622, "ARB": 207922.46807905225, "dPT-ezETH-26SEP2024": 3761.2320491259816, "dPT-weETH-25APR2024": 50.64822752788374, "USDC": 4085641.703932596, "AAVE": 11557.52218256994, "dPT-rETH-26JUN2025": 5.911822414352113, "dPT-rsETH-26SEP2024": 976.5518474376593, "WOETH": 24.97146628364447, "DAI": 33455.563798846764, "sUSDS": 20.16098736074597, "rETH": 40368.676065211395, "LINK": 695813.5210692132, "UNI": 980397.468421933, "GMX": 29839.626029597428, "USDT": 310833.74671360163, "MIM": 1406.03562615348, "dPT-wstETH-26JUN2025": 30.311548883641855, "USDC.e": 121612.71917165414}, "Ethereum": {"rUSD": 276.6100266526082, "DOLO": 129867.94176328341, "WBTC": 2591661.7028004453, "LINK": 9238.801194929114, "srUSD": 875334.0238389189, "wstETH": 6327244.159599363, "stcUSD": 19910.53279045335, "USD1": 193446065.30906674, "sUSDe": 567.652260220454, "USDC": 121860307.90083648, "WETH": 50788398.52602075, "cbBTC": 30779.902573915944, "cUSD": 25.178368731959797, "weETH": 14619402.113596365, "wsrUSD": 230.37266087996744, "CRV": 21399.712633912775, "mETH": 3464311.659917466, "WLFI": 392760699.21130997, "USDT": 259476.40653372195}, "Mantle": {"USDC": 767.7865522778284, "USDT": 13679.924373038066, "dPT-mETH-26DEC2024": 309.52246629481795, "USDY": 411.85044455836885, "USDe": 184.5338618844023, "dWMNT": 2.2718200368860098, "WMNT": 9927.969351208882, "dPT-cmETH-13FEB2025": 306.3024933062199, "dPT-USDe-25JUL2024": 11.165079787422387, "FBTC": 1646.1963952750352, "WBTC": 838.9654608134188, "mETH": 55551.10754172847, "WETH": 3723.318167099258, "dPT-sMNT-3OCT2024": 19.684338619022856, "cmETH": 6399.064757095076, "dPT-USDe-26DEC2024": 61.900056475485584}, "Polygon zkEVM": {"USDT": 396.5440259908066, "POL": 24.37370165258883, "USDC.E": 1341.9329187198425, "WETH": 4884.822507373056, "MATIC": 412.57096720216725, "DAI": 207.12909092647467, "WBTC": 1.7302770038885988}, "X Layer": {"USDT": 161.46255206648038,