{"currentChainTvls": {"Berachain": 34579154.50575283, "Berachain-borrowed": 4111178.2092559976, "Arbitrum": 22244173.22435707, "Arbitrum-borrowed": 8710591.04481375, "Ethereum": 441137111.82864505, "Ethereum-borrowed": 288862603.5162057, "Botanix": 146218.06865858933, "Botanix-borrowed": 53590.20746778074, "Mantle": 68466.89969009168, "Mantle-borrowed": 12613.779326486332, "Polygon zkEVM": 7134.630963389269, "Polygon zkEVM-borrowed": 134.4725254795557, "X Layer": 922.6706865045943, "X Layer-borrowed": 179.70915740269163, "borrowed": 301750890.93875265}, "tokensInUsd": [{"tokens": {"WBTC": 6936977.853414475, "rUSD": 29257.98435018479, "DOLO": 516333.7737766634, "sWBERA": 291694.08141961857, "OHM": 19715.508106391895, "NECT": 16979.068431665466, "pumpBTC.bera": 1232.7918840818518, "sUSDe": 97182.53738600278, "sUSDa": 2.5650367756000048, "WETH": 58577329.87927744, "rsETH": 374.1540195924623, "SolvBTC": 35102.48520773142, "srUSD": 748236.6386661088, "USDC.e": 3873359.2502035303, "diBGT": 167420.5495587648, "USDe": 30063.009416458917, "pol-rUSD": 434.93348250532284, "eBTC": 388.1829359711704, "BYUSD": 82962.65207087918, "WBERA": 1190081.7325399073, "oriBGT": 446375.1421978663, "beraETH": 249520.06803233197, "USD\u20ae0": 614563.6336483861, "weETH": 36694643.2878011, "rswETH": 12142.842474967667, "SBTC": 11.494433640022791, "iBERA": 12279.322898504808, "IR": 107.21034758910943, "savUSD": 3282390.111558113, "ylstETH": 2.337739360987576, "HENLO": 55.400394587943005, "KDK": 2335.659809351997, "PT-iBGT-25DEC2025": 5.74123339162813, "uniBTC": 53618.693759745154, "SolvBTC.BBN": 114.81996974063138, "wgBERA": 1934.353536614149, "ylpumpBTC": 4.594793490004088, "ylBTCLST": 126.76393976105217, "STONE": 17894.804158573716, "LBTC": 32142.837287731254, "stBTC": 25866654.248690084, "HONEY": 286168.00327353855, "USDa": 2885.480543795949, "dPT-GLP-26SEP2024": 15113.595364562727, "PENDLE": 714158.8884689332, "JONES": 44.00771258680652, "dGLV [WETH-USDC]": 435446.3995106013, "dPT-ezETH-27JUN2024": 256.8116004228542, "dGM": 8554418.87677385, "dPT-wstETH-27JUN2024": 589.4523376669475, "dARB": 6501.771211626431, "ezETH": 38177.93878968126, "dPT-weETH-26DEC2024": 153.0748721936179, "RDNT": 942.2797061673358, "dfsGLP": 7.900252655449166, "GRAIL": 18502.002026583505, "dPT-weETH-26SEP2024": 81.19852415077315, "XAI": 1432.8245032691723, "PREMIA": 2754.8211465055615, "MAGIC": 2990.261441992613, "wstETH": 215330.42294463754, "dplvGLP": 136.33500999652261, "USDS": 3705.038528222248, "tBTC": 502.44306112350944, "dPT-weETH-27JUN2024": 665.2848517880947, "dGMX": 679203.6726323538, "dGLV [WBTC-USDC]": 598307.728320393, "ARB": 234763.94782105603, "dPT-ezETH-26SEP2024": 3761.2320491259816, "dPT-weETH-25APR2024": 50.64822752788374, "USDC": 134366649.99882343, "AAVE": 11649.837998002251, "dPT-rETH-26JUN2025": 5.911822414352113, "dPT-rsETH-26SEP2024": 976.5518474376593, "WOETH": 24.97146628364447, "DAI": 32713.923936067407, "sUSDS": 30.437700610678704, "rETH": 41725.390160259805, "LINK": 654307.606500262, "UNI": 1075194.5905229063, "GMX": 162996.63883210323, "USDT": 393236.30255699565, "MIM": 1405.0126091089123, "dPT-wstETH-26JUN2025": 30.311548883641855, "stcUSD": 14492.925073452903, "USD1": 188406177.94165772, "cbBTC": 30587.68284261275, "cUSD": 25.178368731959797, "wsrUSD": 230.37266087996744, "CRV": 19968.520860997854, "mETH": 3608179.4856845695, "WLFI": 319362740.3885612, "pBTC": 12039.615499748495, "oUSDT": 17.15248969398468, "dPT-mETH-26DEC2024": 309.52246629481795, "USDY": 411.953455008837, "dWMNT": 2.2718200368860098, "WMNT": 9635.941736489533, "dPT-cmETH-13FEB2025": 306.3024933062199, "dPT-USDe-25JUL2024": 11.165079787422387, "FBTC": 1406.6279212633817, "dPT-sMNT-3OCT2024": 19.684338619022856, "cmETH": 5246.671014134116, "dPT-USDe-26DEC2024": 61.900056475485584, "POL": 24.37370165258883, "USDC.E": 1341.9329187198425, "MATIC": 412.57096720216725, "WOKB": 369.75811608119017}}], "chainTokensInUsd": {"Berachain": {"WBTC": 774687.1608827972, "rUSD": 29252.864918368403, "DOLO": 424169.5291184946, "sWBERA": 291694.08141961857, "OHM": 19715.508106391895, "NECT": 16979.068431665466, "pumpBTC.bera": 1232.7918840818518, "sUSDe": 48237.61322171314, "sUSDa": 2.5650367756000048, "WETH": 823051.3774511203, "rsETH": 8.10916864373367, "SolvBTC": 35102.48520773142, "srUSD": 6061.816418200125, "USDC.e": 3692516.51850108, "diBGT": 167420.5495587648, "USDe": 28758.520439720567, "pol-rUSD": 434.93348250532284, "eBTC": 388.1829359711704, "BYUSD": 82962.65207087918, "WBERA": 1190081.7325399073, "oriBGT": 446375.1421978663, "beraETH": 249520.06803233197, "USD\u20ae0": 614563.6336483861, "weETH": 301276.3236124297, "rswETH": 12142.842474967667, "SBTC": 11.494433640022791, "iBERA": 12279.322898504808, "IR": 107.21034758910943, "savUSD": 3282390.111558113, "ylstETH": 2.337739360987576, "HENLO": 55.400394587943005, "KDK": 2335.659809351997, "PT-iBGT-25DEC2025": 5.74123339162813, "uniBTC": 53455.32392651944, "SolvBTC.BBN": 114.81996974063138, "wgBERA": 1934.353536614149, "ylpumpBTC": 4.594793490004088, "ylBTCLST": 126.76393976105217, "STONE": 17894.804158573716, "LBTC": 32142.837287731254, "stBTC": 25741782.384404123, "HONEY": 286168.00327353855, "USDa": 2885.480543795949}, "Arbitrum": {"dPT-GLP-26SEP2024": 15113.595364562727, "PENDLE": 714158.8884689332, "JONES": 44.00771258680652, "dGLV [WETH-USDC]": 435446.3995106013, "dPT-ezETH-27JUN2024": 256.8116004228542, "dGM": 8554418.87677385, "dPT-wstETH-27JUN2024": 589.4523376669475, "dARB": 6501.771211626431, "ezETH": 38177.93878968126, "dPT-weETH-26DEC2024": 153.0748721936179, "WBTC": 5257451.503436833, "RDNT": 942.2797061673358, "dfsGLP": 7.900252655449166, "weETH": 1383500.0172956304, "GRAIL": 18502.002026583505, "rsETH": 366.04485094872865, "dPT-weETH-26SEP2024": 81.19852415077315, "XAI": 1432.8245032691723, "PREMIA": 2754.8211465055615, "MAGIC": 2990.261441992613, "wstETH": 215330.42294463754, "dplvGLP": 136.33500999652261, "USDe": 1267.7080667065236, "USDS": 3705.038528222248, "uniBTC": 163.36983322571064, "tBTC": 502.44306112350944, "dPT-weETH-27JUN2024": 665.2848517880947, "dGMX": 679203.6726323538, "dGLV [WBTC-USDC]": 598307.728320393, "WETH": 6082330.420709914, "ARB": 234763.94782105603, "dPT-ezETH-26SEP2024": 3761.2320491259816, "dPT-weETH-25APR2024": 50.64822752788374, "USDC": 4349619.114057324, "AAVE": 11649.837998002251, "dPT-rETH-26JUN2025": 5.911822414352113, "dPT-rsETH-26SEP2024": 976.5518474376593, "WOETH": 24.97146628364447, "DAI": 32506.794845140932, "sUSDS": 30.437700610678704, "rETH": 41725.390160259805, "LINK": 654251.1562128826, "UNI": 1075194.5905229063, "GMX": 162996.63883210323, "USDT": 253300.43725154284, "MIM": 1405.0126091089123, "dPT-wstETH-26JUN2025": 30.311548883641855, "USDC.e": 117969.19041297752}, "Ethereum": {"rUSD": 5.119431816387696, "DOLO": 92164.2446581688, "WBTC": 903998.4933570275, "LINK": 56.450287379460676, "srUSD": 742174.8222479087, "stcUSD": 14492.925073452903, "USD1": 188406177.94165772, "sUSDe": 48944.924164289645, "USDC": 130016208.00189246, "WETH": 51662799.9104661, "cbBTC": 30587.68284261275, "cUSD": 25.178368731959797, "weETH": 35009866.946893044, "wsrUSD": 230.37266087996744, "CRV": 19968.520860997854, "mETH": 3563629.70548496, "WLFI": 319362740.3885612, "USDT": 125643.7159420141}, "Botanix": {"pBTC": 12039.615499748495, "oUSDT": 17.15248969398468, "USDC.e": 62873.54128947248, "WETH": 6.1025614950012566, "stBTC": 124871.8642859601}, "Mantle": {"USDC": 768.4251367478689, "USDT": 13734.142785381404, "dPT-mETH-26DEC2024": 309.52246629481795, "USDY": 411.953455008837, "USDe": 36.78091003182738, "dWMNT": 2.2718200368860098, "WMNT": 9635.941736489533, "dPT-cmETH-13FEB2025": 306.3024933062199, "dPT-USDe-25JUL2024": 11.165079787422387, "FBTC": 1406.6279212633817, "WBTC": 838.9654608134188, "mETH": 44549.78019960916, "WETH": 3740.544142578624, "dPT-sMNT-3OCT2024": 19.684338619022856, "cmETH": 5246.671014134116, "dPT-USDe-26DEC2024": 61.900056475485584}, "Polygon zkEVM": {"USDT": 396.5440259908066,