{"currentChainTvls": {"Berachain": 36121353.38216161, "Berachain-borrowed": 4928279.229255835, "Arbitrum": 20103592.432322193, "Arbitrum-borrowed": 8008442.556655895, "Ethereum": 514325941.47256577, "Ethereum-borrowed": 284179353.530859, "Mantle": 83384.00279462495, "Mantle-borrowed": 13176.13909401423, "Polygon zkEVM": 7134.630963389269, "Polygon zkEVM-borrowed": 134.4725254795557, "X Layer": 922.6706865045943, "X Layer-borrowed": 179.70915740269163, "borrowed": 297129565.6375476}, "tokensInUsd": [{"tokens": {"WBTC": 7545461.771632831, "rUSD": 31772.931536425287, "DOLO": 589072.4087834153, "sWBERA": 349484.7202216387, "OHM": 96520.68827150862, "NECT": 16984.624683833885, "pumpBTC.bera": 1937.1623030950357, "sUSDe": 49936.94400411829, "sUSDa": 2.5650367756000048, "WETH": 60291126.08844935, "rsETH": 371.1964556352289, "SolvBTC": 33100.63074935386, "srUSD": 794354.5819114964, "USDC.e": 4345778.888732222, "diBGT": 210991.48792005534, "USDe": 30970.388933897902, "pol-rUSD": 434.93348250532284, "eBTC": 388.1829359711704, "BYUSD": 84463.0021876301, "WBERA": 1410634.7610510546, "oriBGT": 471483.8339869208, "beraETH": 257953.65227069883, "USD\u20ae0": 640664.6072244097, "weETH": 17969324.094955247, "rswETH": 12142.842474967667, "SBTC": 11.494433640022791, "iBERA": 13738.93719212033, "IR": 132.97857784570368, "savUSD": 4200017.654640707, "ylstETH": 2.337739360987576, "HENLO": 55.400394587943005, "KDK": 2335.659809351997, "PT-iBGT-25DEC2025": 5.74123339162813, "uniBTC": 52360.20193575974, "SolvBTC.BBN": 114.81996974063138, "wgBERA": 1934.353536614149, "ylpumpBTC": 4.594793490004088, "ylBTCLST": 126.76393976105217, "STONE": 18655.815524274953, "LBTC": 31334.80529781731, "stBTC": 25741782.384404123, "HONEY": 453446.1369430266, "USDa": 2885.4443993032437, "dPT-GLP-26SEP2024": 15113.595364562727, "PENDLE": 552014.1793132869, "JONES": 43.50127527135749, "dGLV [WETH-USDC]": 425707.5848692197, "dPT-ezETH-27JUN2024": 256.8116004228542, "dGM": 8932636.814765897, "dPT-wstETH-27JUN2024": 589.4523376669475, "dARB": 7394.775160417344, "ezETH": 37162.718276794585, "dPT-weETH-26DEC2024": 153.0748721936179, "RDNT": 726.4352020501889, "dfsGLP": 7.900252655449166, "GRAIL": 18182.146287769963, "dPT-weETH-26SEP2024": 81.19852415077315, "XAI": 1489.1968625901063, "PREMIA": 2754.8211465055615, "MAGIC": 3175.2921303533326, "wstETH": 218097.1433712213, "dplvGLP": 136.33500999652261, "USDS": 3716.0046550408324, "tBTC": 503.8916854454632, "dPT-weETH-27JUN2024": 665.2848517880947, "dGMX": 651391.8180523058, "dGLV [WBTC-USDC]": 474948.8966624525, "ARB": 238617.74216730174, "dPT-ezETH-26SEP2024": 3761.2320491259816, "dPT-weETH-25APR2024": 50.64822752788374, "USDC": 133588328.82361391, "AAVE": 14341.317383047442, "dPT-rETH-26JUN2025": 5.911822414352113, "dPT-rsETH-26SEP2024": 976.5518474376593, "WOETH": 24.97146628364447, "DAI": 33196.01727803102, "sUSDS": 20.16098736074597, "rETH": 42216.222252960535, "LINK": 731168.0083258776, "UNI": 1104204.0809220534, "GMX": 11402.292721315458, "USDT": 450131.3799933322, "MIM": 1406.4597289682874, "dPT-wstETH-26JUN2025": 30.311548883641855, "stcUSD": 19910.53279045335, "USD1": 184641904.47075006, "cbBTC": 32814.36942196783, "cUSD": 25.178368731959797, "wsrUSD": 230.37266087996744, "CRV": 19968.520860997854, "mETH": 3522597.0490343994, "WLFI": 406192048.75002694, "dPT-mETH-26DEC2024": 309.52246629481795, "USDY": 411.85044455836885, "dWMNT": 2.2718200368860098, "WMNT": 9812.136387351746, "dPT-cmETH-13FEB2025": 306.3024933062199, "dPT-USDe-25JUL2024": 11.165079787422387, "FBTC": 1434.493367647839, "dPT-sMNT-3OCT2024": 19.684338619022856, "cmETH": 6743.503143625543, "dPT-USDe-26DEC2024": 61.900056475485584, "POL": 24.37370165258883, "USDC.E": 1341.9329187198425, "MATIC": 412.57096720216725, "WOKB": 369.75811608119017}}], "chainTokensInUsd": {"Berachain": {"WBTC": 1023642.7868399116, "rUSD": 31767.8121046089, "DOLO": 453269.68676794297, "sWBERA": 349484.7202216387, "OHM": 96520.68827150862, "NECT": 16984.624683833885, "pumpBTC.bera": 1937.1623030950357, "sUSDe": 49369.29174389783, "sUSDa": 2.5650367756000048, "WETH": 821448.6957862615, "rsETH": 7.73323371733219, "SolvBTC": 33100.63074935386, "srUSD": 6038.924666328342, "USDC.e": 4225252.069979225, "diBGT": 210991.48792005534, "USDe": 28680.9294059402, "pol-rUSD": 434.93348250532284, "eBTC": 388.1829359711704, "BYUSD": 84463.0021876301, "WBERA": 1410634.7610510546, "oriBGT": 471483.8339869208, "beraETH": 257953.65227069883, "USD\u20ae0": 640664.6072244097, "weETH": 304170.7368151036, "rswETH": 12142.842474967667, "SBTC": 11.494433640022791, "iBERA": 13738.93719212033, "IR": 132.97857784570368, "savUSD": 4200017.654640707, "ylstETH": 2.337739360987576, "HENLO": 55.400394587943005, "KDK": 2335.659809351997, "PT-iBGT-25DEC2025": 5.74123339162813, "uniBTC": 52210.92644492446, "SolvBTC.BBN": 114.81996974063138, "wgBERA": 1934.353536614149, "ylpumpBTC": 4.594793490004088, "ylBTCLST": 126.76393976105217, "STONE": 18655.815524274953, "LBTC": 31334.80529781731, "stBTC": 25741782.384404123, "HONEY": 453446.1369430266, "USDa": 2885.4443993032437}, "Arbitrum": {"dPT-GLP-26SEP2024": 15113.595364562727, "PENDLE": 552014.1793132869, "JONES": 43.50127527135749, "dGLV [WETH-USDC]": 425707.5848692197, "dPT-ezETH-27JUN2024": 256.8116004228542, "dGM": 8932636.814765897, "dPT-wstETH-27JUN2024": 589.4523376669475, "dARB": 7394.775160417344, "ezETH": 37162.718276794585, "dPT-weETH-26DEC2024": 153.0748721936179, "WBTC": 4230332.230003265, "RDNT": 726.4352020501889, "dfsGLP": 7.900252655449166, "weETH": 29874.66281791311, "GRAIL": 18182.146287769963, "rsETH": 363.4632219178967, "dPT-weETH-26SEP2024": 81.19852415077315, "XAI": 1489.1968625901063, "PREMIA": 2754.8211465055615, "MAGIC": 3175.2921303533326, "wstETH": 218097.1433712213, "dplvGLP": 136.33500999652261, "USDe": 2122.22318987797, "USDS": 3716.0046550408324, "uniBTC": 149.27549083528163, "tBTC": 503.8916854454632, "dPT-weETH-27JUN2024": 665.2848517880947, "dGMX": 651391.8180523058, "dGLV [WBTC-USDC]": 474948.8966624525, "WETH": 5746376.373228773, "ARB": 238617.74216730174, "dPT-ezETH-26SEP2024": 3761.2320491259816, "dPT-weETH-25APR2024": 50.64822752788374, "USDC": 4190109.257726049, "AAVE": 14341.317383047442, "dPT-rETH-26JUN2025": 5.911822414352113, "dPT-rsETH-26SEP2024": 976.5518474376593, "WOETH": 24.97146628364447, "DAI": 32988.888187104545, "sUSDS": 20.16098736074597, "rETH": 42216.222252960535, "LINK": 730776.5466068477, "UNI": 1104204.0809220534, "GMX": 11402.292721315458, "USDT": 264408.47409777157, "MIM": 1406.4597289682874, "dPT-wstETH-26JUN2025": 30.311548883641855, "USDC.e": 120526.8187529965}, "Ethereum": {"rUSD": 5.119431816387696, "DOLO": 135802.72201547242, "WBTC": 2290646.0590518373, "LINK": 391.46171902990847, "srUSD": 788315.657245168, "stcUSD": 19910.53279045335, "USD1": 184641904.47075006, "sUSDe": 567.652260220454, "USDC": 129397396.83983703, "WETH": 53714207.657346725, "cbBTC": 32814.36942196783, "cUSD": 25.178368731959797, "weETH": 17635278.69532223, "wsrUSD": 230.37266087996744, "CRV": 19968.520860997854, "mETH": 3464311.659917466, "WLFI": 406192048.75002694, "USDT": 171469.28439769178}, "Mantle": {"USDC": 768.268313928074, "USDT": 13695.614919811524, "dPT-mETH-26DEC2024": 309.52246629481795, "USDY": 411.85044455836885, "USDe": 167.23633807973755, "dWMNT": 2.2718200368860098, "WMNT": 9812.136387351746, "dPT-cmETH-13FEB2025": 306.3024933062199, "dPT-USDe-25JUL2024": 11.165079787422387, "FBTC": 1434.493367647839, "WBTC": 838.9654608134188, "mETH": 58285.38911693344, "WETH": 3691.8381413696466, "dPT-sMNT-3OCT2024": 19.684338619022856, "cmETH": 6743.503143625543, "dPT-USDe-26DEC2024": 61.900056475485584}, "Polygon zkEVM": {"USDT": 396.5440259908066, "POL": 24.37370165258883, "USDC.E": 1341.9329187198425, "WETH": 4884.822507373056, "MATIC": 412.57096720216725, "DAI": 207.12909092647467, "WBTC": 1.7302770038885988}, "X Layer": {"USDT": 161.46255206648038, "WETH": 516.7014388535599, "USDC": 54.457736906055366, "WOKB": 369.75811608119017}},