{"currentChainTvls": {"Arbitrum": 19657540.521899536, "Arbitrum-borrowed": 7789867.511573562, "Ethereum": 478376331.9599506, "Ethereum-borrowed": 302674891.85157174, "Mantle": 69742.1997005431, "Mantle-borrowed": 13163.992321584887, "Polygon zkEVM": 7134.630963389269, "Polygon zkEVM-borrowed": 134.4725254795557, "X Layer": 922.6706865045943, "X Layer-borrowed": 179.70915740269163, "borrowed": 310478237.5371498}, "tokensInUsd": [{"tokens": {"dPT-GLP-26SEP2024": 15113.595364562727, "PENDLE": 513682.5310398658, "JONES": 43.50127527135749, "dGLV [WETH-USDC]": 425707.5848692197, "dPT-ezETH-27JUN2024": 256.8116004228542, "dGM": 8700590.672364846, "dPT-wstETH-27JUN2024": 589.4523376669475, "dARB": 7394.775160417344, "ezETH": 44131.480529158194, "dPT-weETH-26DEC2024": 153.0748721936179, "WBTC": 6422665.921051367, "RDNT": 711.5124392288811, "dfsGLP": 7.900252655449166, "weETH": 23588523.68903203, "GRAIL": 17593.982002818833, "rsETH": 363.4632219178967, "dPT-weETH-26SEP2024": 81.19852415077315, "XAI": 1489.1968625901063, "PREMIA": 2754.8211465055615, "MAGIC": 3175.2921303533326, "wstETH": 15259882.777321303, "dplvGLP": 136.33500999652261, "USDe": 2289.595133826535, "USDS": 3716.0046550408324, "uniBTC": 156.3277025592605, "tBTC": 503.8916854454632, "dPT-weETH-27JUN2024": 665.2848517880947, "dGMX": 651391.8180523058, "dGLV [WBTC-USDC]": 474948.8966624525, "WETH": 59426592.31539898, "ARB": 237226.65124337113, "dPT-ezETH-26SEP2024": 3761.2320491259816, "dPT-weETH-25APR2024": 50.64822752788374, "USDC": 120271022.86325431, "AAVE": 12797.80962571363, "dPT-rETH-26JUN2025": 5.911822414352113, "dPT-rsETH-26SEP2024": 976.5518474376593, "WOETH": 24.97146628364447, "DAI": 33221.86281546603, "sUSDS": 20.16098736074597, "rETH": 42216.222252960535, "LINK": 698519.2767337383, "UNI": 1053076.5794016635, "GMX": 11419.76504324944, "USDT": 422113.9735088778, "MIM": 1406.0537579285763, "dPT-wstETH-26JUN2025": 30.311548883641855, "USDC.e": 120473.83212826625, "rUSD": 5.119431816387696, "DOLO": 135802.72201547242, "srUSD": 784235.6170194084, "stcUSD": 19910.53279045335, "USD1": 176537438.45195264, "sUSDe": 567.652260220454, "cbBTC": 32814.36942196783, "cUSD": 25.178368731959797, "wsrUSD": 230.37266087996744, "CRV": 19968.520860997854, "mETH": 3509033.2983860783, "WLFI": 389055020.3949298, "dPT-mETH-26DEC2024": 309.52246629481795, "USDY": 411.85044455836885, "dWMNT": 2.2718200368860098, "WMNT": 9729.581072451627, "dPT-cmETH-13FEB2025": 306.3024933062199, "dPT-USDe-25JUL2024": 11.165079787422387, "FBTC": 1434.493367647839, "dPT-sMNT-3OCT2024": 19.684338619022856, "cmETH": 6743.503143625543, "dPT-USDe-26DEC2024": 61.900056475485584, "POL": 24.37370165258883, "USDC.E": 1341.9329187198425, "MATIC": 412.57096720216725, "WOKB": 369.75811608119017}}], "chainTokensInUsd": {"Arbitrum": {"dPT-GLP-26SEP2024": 15113.595364562727, "PENDLE": 513682.5310398658, "JONES": 43.50127527135749, "dGLV [WETH-USDC]": 425707.5848692197, "dPT-ezETH-27JUN2024": 256.8116004228542, "dGM": 8700590.672364846, "dPT-wstETH-27JUN2024": 589.4523376669475, "dARB": 7394.775160417344, "ezETH": 44131.480529158194, "dPT-weETH-26DEC2024": 153.0748721936179, "WBTC": 4189456.314868099, "RDNT": 711.5124392288811, "dfsGLP": 7.900252655449166, "weETH": 29874.66281791311, "GRAIL": 17593.982002818833, "rsETH": 363.4632219178967, "dPT-weETH-26SEP2024": 81.19852415077315, "XAI": 1489.1968625901063, "PREMIA": 2754.8211465055615, "MAGIC": 3175.2921303533326, "wstETH": 212246.5416156555, "dplvGLP": 136.33500999652261, "USDe": 2122.22318987797, "USDS": 3716.0046550408324, "uniBTC": 156.3277025592605, "tBTC": 503.8916854454632, "dPT-weETH-27JUN2024": 665.2848517880947, "dGMX": 651391.8180523058, "dGLV [WBTC-USDC]": 474948.8966624525, "WETH": 5700631.902741315, "ARB": 237226.65124337113, "dPT-ezETH-26SEP2024": 3761.2320491259816, "dPT-weETH-25APR2024": 50.64822752788374, "USDC": 3993830.042101482, "AAVE": 12797.80962571363, "dPT-rETH-26JUN2025": 5.911822414352113, "dPT-rsETH-26SEP2024": 976.5518474376593, "WOETH": 24.97146628364447, "DAI": 33014.73372453956, "sUSDS": 20.16098736074597, "rETH": 42216.222252960535, "LINK": 698463.4786721476, "UNI": 1053076.5794016635, "GMX": 11419.76504324944, "USDT": 238922.0277264376, "MIM": 1406.0537579285763, "dPT-wstETH-26JUN2025": 30.311548883641855, "USDC.e": 120473.83212826625}, "Ethereum": {"rUSD": 5.119431816387696, "DOLO": 135802.72201547242, "WBTC": 2232368.910445451, "LINK": 55.79806159065334, "srUSD": 784235.6170194084, "wstETH": 15047636.235705648, "stcUSD": 19910.53279045335, "USD1": 176537438.45195264, "sUSDe": 567.652260220454, "USDC": 116276370.10215253, "WETH": 53716874.93994472, "cbBTC": 32814.36942196783, "cUSD": 25.178368731959797, "weETH": 23558649.026214115, "wsrUSD": 230.37266087996744, "CRV": 19968.520860997854, "mETH": 3464311.659917466, "WLFI": 389055020.3949298, "USDT": 168938.20736854104}, "Mantle": {"USDC": 768.2612633863497, "USDT": 13695.731835841823, "dPT-mETH-26DEC2024": 309.52246629481795, "USDY": 411.85044455836885, "USDe": 167.3719439485649, "dWMNT": 2.2718200368860098, "WMNT": 9729.581072451627, "dPT-cmETH-13FEB2025": 306.3024933062199, "dPT-USDe-25JUL2024": 11.165079787422387, "FBTC": 1434.493367647839, "WBTC": 838.9654608134188, "mETH": 44721.6384686126, "WETH": 3683.948766722022, "dPT-sMNT-3OCT2024": 19.684338619022856, "cmETH": 6743.503143625543, "dPT-USDe-26DEC2024": 61.900056475485584}, "Polygon zkEVM": {"USDT": 396.5440259908066, "POL": 24.37370165258883, "USDC.E": 1341.9329187198425, "WETH": 4884.822507373056, "MATIC": 412.57096720216725, "DAI": 207.12909092647467, "WBTC": 1.7302770038885988}, "X Layer": {"USDT": 161.46255206648038, "WETH": 516.7014388535599, "USDC": 54.457736906055366, "WOKB": 369.75811608119017}}, "supplyLiquidity": 808589909.5203503, "totalTvl": 498111671.98320055, "totalBorrowed": 310478237.5371498, "last_updated": "2026-04-19T03:48:09Z"}