{"currentChainTvls": {"Berachain": 35964343.65366263, "Berachain-borrowed": 5201099.243477278, "Arbitrum": 19846330.095089633, "Arbitrum-borrowed": 7820106.752973403, "Ethereum": 475659564.7440175, "Ethereum-borrowed": 293278579.8603246, "Mantle": 69695.20165735896, "Mantle-borrowed": 13167.078177123902, "Polygon zkEVM": 7134.630963389269, "Polygon zkEVM-borrowed": 134.4725254795557, "X Layer": 922.6706865045943, "X Layer-borrowed": 179.70915740269163, "borrowed": 306313267.11663526}, "tokensInUsd": [{"tokens": {"WBTC": 7454251.533290702, "rUSD": 31782.391943480077, "DOLO": 564452.1112968873, "sWBERA": 321066.39823245705, "OHM": 94932.02533326081, "NECT": 16977.320409819004, "pumpBTC.bera": 1232.7918840818518, "sUSDe": 49936.94400411829, "sUSDa": 2.5650367756000048, "WETH": 60119335.28333231, "rsETH": 371.1964556352289, "SolvBTC": 32893.05347882452, "srUSD": 790274.5416857367, "USDC.e": 4328892.456267344, "diBGT": 203746.90454730752, "USDe": 231273.08053856017, "pol-rUSD": 434.93348250532284, "eBTC": 388.1829359711704, "BYUSD": 82703.45480345825, "WBERA": 1382903.3149213104, "oriBGT": 447446.19802937185, "beraETH": 249755.7314413657, "USD\u20ae0": 680975.4481272473, "weETH": 27253903.46954142, "rswETH": 12142.842474967667, "SBTC": 11.494433640022791, "iBERA": 13286.162926815354, "IR": 132.97857784570368, "savUSD": 4151313.6482202257, "ylstETH": 2.337739360987576, "HENLO": 55.400394587943005, "KDK": 2335.659809351997, "PT-iBGT-25DEC2025": 5.74123339162813, "uniBTC": 51464.30920606193, "SolvBTC.BBN": 114.81996974063138, "wgBERA": 1934.353536614149, "ylpumpBTC": 4.594793490004088, "ylBTCLST": 126.76393976105217, "STONE": 18655.815524274953, "LBTC": 31978.790503255594, "stBTC": 25741782.384404123, "HONEY": 598710.2632426347, "USDa": 2885.4462207093, "dPT-GLP-26SEP2024": 15113.595364562727, "PENDLE": 507670.0287811611, "JONES": 43.50127527135749, "dGLV [WETH-USDC]": 433156.46272819606, "dPT-ezETH-27JUN2024": 256.8116004228542, "dGM": 8680202.036226472, "dPT-wstETH-27JUN2024": 589.4523376669475, "dARB": 7394.775160417344, "ezETH": 44137.051302018874, "dPT-weETH-26DEC2024": 153.0748721936179, "RDNT": 709.2935889223435, "dfsGLP": 7.900252655449166, "GRAIL": 17491.08395435966, "dPT-weETH-26SEP2024": 81.19852415077315, "XAI": 1489.1968625901063, "PREMIA": 2754.8211465055615, "MAGIC": 3175.2921303533326, "wstETH": 1717892.8043316756, "dplvGLP": 136.33500999652261, "USDS": 3716.0046550408324, "tBTC": 503.8916854454632, "dPT-weETH-27JUN2024": 665.2848517880947, "dGMX": 629136.9411468076, "dGLV [WBTC-USDC]": 494610.24752690544, "ARB": 235327.75221374648, "dPT-ezETH-26SEP2024": 3761.2320491259816, "dPT-weETH-25APR2024": 50.64822752788374, "USDC": 120531626.63447373, "AAVE": 12413.198826735468, "dPT-rETH-26JUN2025": 5.911822414352113, "dPT-rsETH-26SEP2024": 976.5518474376593, "WOETH": 24.97146628364447, "DAI": 33210.03249952508, "sUSDS": 20.16098736074597, "rETH": 40387.5686270822, "LINK": 694288.4845369818, "UNI": 1049907.3387845217, "GMX": 10903.139914899883, "USDT": 1317928.7268155548, "MIM": 1406.0537579285763, "dPT-wstETH-26JUN2025": 30.311548883641855, "stcUSD": 18503.458046033007, "USD1": 165935622.897838, "cbBTC": 32814.36942196783, "cUSD": 25.178368731959797, "wsrUSD": 230.37266087996744, "CRV": 19968.520860997854, "mETH": 3509033.2983860783, "WLFI": 396863697.9678925, "dPT-mETH-26DEC2024": 309.52246629481795, "USDY": 411.85044455836885, "dWMNT": 2.2718200368860098, "WMNT": 9681.778437096347, "dPT-cmETH-13FEB2025": 306.3024933062199, "dPT-USDe-25JUL2024": 11.165079787422387, "FBTC": 1434.493367647839, "dPT-sMNT-3OCT2024": 19.684338619022856, "cmETH": 6743.503143625543, "dPT-USDe-26DEC2024": 61.900056475485584, "POL": 24.37370165258883, "USDC.E": 1341.9329187198425, "MATIC": 412.57096720216725, "WOKB": 369.75811608119017}}], "chainTokensInUsd": {"Berachain": {"WBTC": 962464.4941791304, "rUSD": 31777.27251166369, "DOLO": 428649.3892814148, "sWBERA": 321066.39823245705, "OHM": 94932.02533326081, "NECT": 16977.320409819004, "pumpBTC.bera": 1232.7918840818518, "sUSDe": 49369.29174389783, "sUSDa": 2.5650367756000048, "WETH": 806702.788459763, "rsETH": 7.73323371733219, "SolvBTC": 32893.05347882452, "srUSD": 6038.924666328342, "USDC.e": 4209118.805463756, "diBGT": 203746.90454730752, "USDe": 228984.1392170943, "pol-rUSD": 434.93348250532284, "eBTC": 388.1829359711704, "BYUSD": 82703.45480345825, "WBERA": 1382903.3149213104, "oriBGT": 447446.19802937185, "beraETH": 249755.7314413657, "USD\u20ae0": 680975.4481272473, "weETH": 300084.25627109804, "rswETH": 12142.842474967667, "SBTC": 11.494433640022791, "iBERA": 13286.162926815354, "IR": 132.97857784570368, "savUSD": 4151313.6482202257, "ylstETH": 2.337739360987576, "HENLO": 55.400394587943005, "KDK": 2335.659809351997, "PT-iBGT-25DEC2025": 5.74123339162813, "uniBTC": 51307.98150350267, "SolvBTC.BBN": 114.81996974063138, "wgBERA": 1934.353536614149, "ylpumpBTC": 4.594793490004088, "ylBTCLST": 126.76393976105217, "STONE": 18655.815524274953, "LBTC": 31978.790503255594, "stBTC": 25741782.384404123, "HONEY": 598710.2632426347, "USDa": 2885.4462207093}, "Arbitrum": {"dPT-GLP-26SEP2024": 15113.595364562727, "PENDLE": 507670.0287811611, "JONES": 43.50127527135749, "dGLV [WETH-USDC]": 433156.46272819606, "dPT-ezETH-27JUN2024": 256.8116004228542, "dGM": 8680202.036226472, "dPT-wstETH-27JUN2024": 589.4523376669475, "dARB": 7394.775160417344, "ezETH": 44137.051302018874, "dPT-weETH-26DEC2024": 153.0748721936179, "WBTC": 4271701.180151639, "RDNT": 709.2935889223435, "dfsGLP": 7.900252655449166, "weETH": 29376.309984155367, "GRAIL": 17491.08395435966, "rsETH": 363.4632219178967, "dPT-weETH-26SEP2024": 81.19852415077315, "XAI": 1489.1968625901063, "PREMIA": 2754.8211465055615, "MAGIC": 3175.2921303533326, "wstETH": 210906.27686102252, "dplvGLP": 136.33500999652261, "USDe": 2121.5693775173004, "USDS": 3716.0046550408324, "uniBTC": 156.3277025592605, "tBTC": 503.8916854454632, "dPT-weETH-27JUN2024": 665.2848517880947, "dGMX": 629136.9411468076, "dGLV [WBTC-USDC]": 494610.24752690544, "WETH": 5850834.887789013, "ARB": 235327.75221374648, "dPT-ezETH-26SEP2024": 3761.2320491259816, "dPT-weETH-25APR2024": 50.64822752788374, "USDC": 4017930.822187988, "AAVE": 12413.198826735468, "dPT-rETH-26JUN2025": 5.911822414352113, "dPT-rsETH-26SEP2024": 976.5518474376593, "WOETH": 24.97146628364447, "DAI": 33002.903408598606, "sUSDS": 20.16098736074597, "rETH": 40387.5686270822, "LINK": 694232.6864753912, "UNI": 1049907.3387845217, "GMX": 10903.139914899883, "USDT": 237627.6490417915, "MIM": 1406.0537579285763, "dPT-wstETH-26JUN2025": 30.311548883641855, "USDC.e": 119773.6508035873}, "Ethereum": {"rUSD": 5.119431816387696, "DOLO": 135802.72201547242, "WBTC": 2219245.163222116, "LINK": 55.79806159065334, "srUSD": 784235.6170194084, "wstETH": 1506986.5274706532, "stcUSD": 18503.458046033007, "USD1": 165935622.897838, "sUSDe": 567.652260220454, "USDC": 116512873.17645784, "WETH": 53452712.13437059, "cbBTC": 32814.36942196783, "cUSD": 25.178368731959797, "weETH": 26924442.903286166, "wsrUSD": 230.37266087996744, "CRV": 19968.520860997854, "mETH": 3464311.659917466, "WLFI": 396863697.9678925, "USDT": 1066043.3657397535}, "Mantle": {"USDC": 768.1780909858488, "USDT": 13699.705455952479, "dPT-mETH-26DEC2024": 309.52246629481795, "USDY": 411.85044455836885, "USDe": 167.3719439485649, "dWMNT": 2.2718200368860098, "WMNT": 9681.778437096347, "dPT-cmETH-13FEB2025": 306.3024933062199, "dPT-USDe-25JUL2024": 11.165079787422387, "FBTC": 1434.493367647839, "WBTC": 838.9654608134188, "mETH": 44721.6384686126, "WETH": 3683.948766722022, "dPT-sMNT-3OCT2024": 19.684338619022856, "cmETH": 6743.503143625543, "dPT-USDe-26DEC2024": 61.900056475485584}, "Polygon zkEVM": {"USDT": 396.5440259908066, "POL": 24.37370165258883, "USDC.E": 1341.9329187198425, "WETH": 4884.822507373056, "MATIC": 412.57096720216725, "DAI": 207.12909092647467, "WBTC": 1.7302770038885988}, "X Layer": {"USDT": 161.46255206648038, "WETH": 516.7014388535599, "USDC": 54.457736906055366,