{"currentChainTvls": {"Berachain": 34744633.05449038, "Berachain-borrowed": 3688123.291783771, "Arbitrum": 21032182.659284126, "Arbitrum-borrowed": 8994200.234658573, "Ethereum": 381355900.4784414, "Ethereum-borrowed": 289918473.0152351, "Botanix": 139698.01302333074, "Botanix-borrowed": 53497.8786166473, "Mantle": 66638.45391069, "Mantle-borrowed": 12499.909411180653, "Polygon zkEVM": 7134.630963389269, "Polygon zkEVM-borrowed": 134.4725254795557, "X Layer": 922.6706865045943, "X Layer-borrowed": 179.70915740269163, "borrowed": 302667108.5113882}, "tokensInUsd": [{"tokens": {"WBTC": 6375657.69831523, "rUSD": 31636.763107600083, "DOLO": 493703.83753039036, "sWBERA": 304871.9102846297, "OHM": 19798.48344088328, "NECT": 16978.25012576578, "pumpBTC.bera": 1232.7918840818518, "sUSDe": 97149.33216854442, "sUSDa": 2.5650367756000048, "WETH": 55917132.80683774, "rsETH": 351.87879201315945, "SolvBTC": 33560.34875205471, "srUSD": 747995.7970838033, "USDC.e": 3876707.3501222436, "diBGT": 171073.2560439787, "USDe": 30041.948866070463, "pol-rUSD": 434.93348250532284, "eBTC": 388.1829359711704, "BYUSD": 81487.6035269454, "WBERA": 1192908.038302034, "oriBGT": 426589.72035424184, "beraETH": 249520.06803233197, "USD\u20ae0": 715608.0585220421, "weETH": 35170211.85719556, "rswETH": 12142.842474967667, "SBTC": 11.494433640022791, "iBERA": 13321.805304209358, "IR": 108.97792491155258, "savUSD": 2782047.679176522, "ylstETH": 2.337739360987576, "HENLO": 55.400394587943005, "KDK": 2335.659809351997, "PT-iBGT-25DEC2025": 5.74123339162813, "uniBTC": 54158.33648035846, "SolvBTC.BBN": 114.81996974063138, "wgBERA": 1934.353536614149, "ylpumpBTC": 4.594793490004088, "ylBTCLST": 126.76393976105217, "STONE": 17894.804158573716, "LBTC": 32142.837287731254, "stBTC": 25860220.650055133, "HONEY": 256548.5377746393, "USDa": 2885.46376790037, "dPT-GLP-26SEP2024": 15113.595364562727, "PENDLE": 587440.1309261996, "JONES": 44.00771258680652, "dGLV [WETH-USDC]": 401764.2120052393, "dPT-ezETH-27JUN2024": 256.8116004228542, "dGM": 8280711.9550687745, "dPT-wstETH-27JUN2024": 589.4523376669475, "dARB": 7394.775160417344, "ezETH": 39492.77526310603, "dPT-weETH-26DEC2024": 153.0748721936179, "RDNT": 937.9994188844313, "dfsGLP": 7.900252655449166, "GRAIL": 17408.53499609221, "dPT-weETH-26SEP2024": 81.19852415077315, "XAI": 1355.1372362048442, "PREMIA": 2754.8211465055615, "MAGIC": 2889.6475001234994, "wstETH": 2416186.107254088, "dplvGLP": 136.33500999652261, "USDS": 3712.4787521544463, "tBTC": 502.44306112350944, "dPT-weETH-27JUN2024": 665.2848517880947, "dGMX": 750937.694396741, "dGLV [WBTC-USDC]": 546432.7246445699, "ARB": 296428.8924340962, "dPT-ezETH-26SEP2024": 3761.2320491259816, "dPT-weETH-25APR2024": 50.64822752788374, "USDC": 126391607.20966041, "AAVE": 11568.441308261778, "dPT-rETH-26JUN2025": 5.911822414352113, "dPT-rsETH-26SEP2024": 976.5518474376593, "WOETH": 24.97146628364447, "DAI": 32893.91494189813, "sUSDS": 30.437700610678704, "rETH": 40069.2933523974, "LINK": 619017.4696332711, "UNI": 1019294.0115489633, "GMX": 12539.90608088867, "USDT": 394862.86407941126, "MIM": 1403.22301004169, "dPT-wstETH-26JUN2025": 30.311548883641855, "stcUSD": 18536.845919259045, "USD1": 180686865.10269597, "cbBTC": 29844.29837848631, "cUSD": 25.178368731959797, "wsrUSD": 230.37266087996744, "CRV": 19968.520860997854, "mETH": 3606577.509118812, "WLFI": 278728140.1195516, "pBTC": 11912.772238924486, "oUSDT": 17.268456841796652, "dPT-mETH-26DEC2024": 309.52246629481795, "USDY": 411.953455008837, "dWMNT": 2.2718200368860098, "WMNT": 9499.491911874302, "dPT-cmETH-13FEB2025": 306.3024933062199, "dPT-USDe-25JUL2024": 11.165079787422387, "FBTC": 1406.6279212633817, "dPT-sMNT-3OCT2024": 19.684338619022856, "cmETH": 5281.9596246580695, "dPT-USDe-26DEC2024": 61.900056475485584, "POL": 24.37370165258883, "USDC.E": 1341.9329187198425, "MATIC": 412.57096720216725, "WOKB": 369.75811608119017}}], "chainTokensInUsd": {"Berachain": {"WBTC": 998305.018218999, "rUSD": 31631.643675783696, "DOLO": 402295.86344377504, "sWBERA": 304871.9102846297, "OHM": 19798.48344088328, "NECT": 16978.25012576578, "pumpBTC.bera": 1232.7918840818518, "sUSDe": 48217.770761646585, "sUSDa": 2.5650367756000048, "WETH": 799992.5510172939, "rsETH": 8.10916864373367, "SolvBTC": 33560.34875205471, "srUSD": 6061.816418200125, "USDC.e": 3694172.526688139, "diBGT": 171073.2560439787, "USDe": 28740.00398164549, "pol-rUSD": 434.93348250532284, "eBTC": 388.1829359711704, "BYUSD": 81487.6035269454, "WBERA": 1192908.038302034, "oriBGT": 426589.72035424184, "beraETH": 249520.06803233197, "USD\u20ae0": 715608.0585220421, "weETH": 291406.56328049436, "rswETH": 12142.842474967667, "SBTC": 11.494433640022791, "iBERA": 13321.805304209358, "IR": 108.97792491155258, "savUSD": 2782047.679176522, "ylstETH": 2.337739360987576, "HENLO": 55.400394587943005, "KDK": 2335.659809351997, "PT-iBGT-25DEC2025": 5.74123339162813, "uniBTC": 54003.77077177241, "SolvBTC.BBN": 114.81996974063138, "wgBERA": 1934.353536614149, "ylpumpBTC": 4.594793490004088, "ylBTCLST": 126.76393976105217, "STONE": 17894.804158573716, "LBTC": 32142.837287731254, "stBTC": 25741782.384404123, "HONEY": 256548.5377746393, "USDa": 2885.46376790037}, "Arbitrum": {"dPT-GLP-26SEP2024": 15113.595364562727, "PENDLE": 587440.1309261996, "JONES": 44.00771258680652, "dGLV [WETH-USDC]": 401764.2120052393, "dPT-ezETH-27JUN2024": 256.8116004228542, "dGM": 8280711.9550687745, "dPT-wstETH-27JUN2024": 589.4523376669475, "dARB": 7394.775160417344, "ezETH": 39492.77526310603, "dPT-weETH-26DEC2024": 153.0748721936179, "WBTC": 4510100.356302721, "RDNT": 937.9994188844313, "dfsGLP": 7.900252655449166, "weETH": 1993408.1683848873, "GRAIL": 17408.53499609221, "rsETH": 343.7696233694258, "dPT-weETH-26SEP2024": 81.19852415077315, "XAI": 1355.1372362048442, "PREMIA": 2754.8211465055615, "MAGIC": 2889.6475001234994, "wstETH": 208758.73431451834, "dplvGLP": 136.33500999652261, "USDe": 1266.8826669688228, "USDS": 3712.4787521544463, "uniBTC": 154.56570858604996, "tBTC": 502.44306112350944, "dPT-weETH-27JUN2024": 665.2848517880947, "dGMX": 750937.694396741, "dGLV [WBTC-USDC]": 546432.7246445699, "WETH": 5919126.8820914235, "ARB": 296428.8924340962, "dPT-ezETH-26SEP2024": 3761.2320491259816, "dPT-weETH-25APR2024": 50.64822752788374, "USDC": 4332393.968627349, "AAVE": 11568.441308261778, "dPT-rETH-26JUN2025": 5.911822414352113, "dPT-rsETH-26SEP2024": 976.5518474376593, "WOETH": 24.97146628364447, "DAI": 32686.785850971657, "sUSDS": 30.437700610678704, "rETH": 40069.2933523974, "LINK": 617420.1158339921, "UNI": 1019294.0115489633, "GMX": 12539.90608088867, "USDT": 244042.50133641766, "MIM": 1403.22301004169, "dPT-wstETH-26JUN2025": 30.311548883641855, "USDC.e": 119713.34070239638}, "Ethereum": {"rUSD": 5.119431816387696, "DOLO": 91407.9740866153, "WBTC": 866411.628055693, "LINK": 1597.3537992789393, "srUSD": 741933.9806656032, "wstETH": 2207427.3729395694, "stcUSD": 18536.845919259045, "USD1": 180686865.10269597, "sUSDe": 48931.56140689784, "USDC": 122058390.42263542, "WETH": 49189094.163660474, "cbBTC": 29844.29837848631, "cUSD": 25.178368731959797, "weETH": 32885397.12553018, "wsrUSD": 230.37266087996744, "CRV": 19968.520860997854, "mETH": 3563629.70548496, "WLFI": 278728140.1195516, "USDT": 136536.64754407355}, "Botanix": {"pBTC": 11912.772238924486, "oUSDT": 17.268456841796652, "USDC.e": 62821.48273170842, "WETH": 6.1025614950012566, "stBTC": 118438.26565100832}, "Mantle": {"USDC": 768.3606607376573, "USDT": 13725.708620862746, "dPT-mETH-26DEC2024": 309.52246629481795, "USDY": 411.953455008837, "USDe": 35.062217456149604, "dWMNT": 2.2718200368860098, "WMNT": 9499.491911874302, "dPT-cmETH-13FEB2025": 306.3024933062199, "dPT-USDe-25JUL2024": 11.165079787422387, "FBTC": 1406.6279212633817, "WBTC": 838.9654608134188, "mETH": 42947.80363385171, "WETH": 3511.5835608245397, "dPT-sMNT-3OCT2024": 19.684338619022856, "cmETH": 5281.9596246580695, "dPT-USDe-26DEC2024": 61.900056475485584}, "Polygon zkEVM": {"USDT": 396.5440259908066,