{"currentChainTvls": {"Berachain": 35751176.75821327, "Berachain-borrowed": 4984360.766183438, "Arbitrum": 16151635.741298202, "Arbitrum-borrowed": 7838138.031421463, "Ethereum": 460610634.6339013, "Ethereum-borrowed": 310376747.65991706, "Mantle": 69053.74074060383, "Mantle-borrowed": 13141.736098118748, "Polygon zkEVM": 7134.630963389269, "Polygon zkEVM-borrowed": 134.4725254795557, "X Layer": 922.6706865045943, "X Layer-borrowed": 179.70915740269163, "borrowed": 323212702.375303}, "tokensInUsd": [{"tokens": {"WBTC": 4916842.594862078, "rUSD": 31784.846573903214, "DOLO": 541034.6574442206, "sWBERA": 323332.7109547199, "OHM": 16561.721938950523, "NECT": 16976.155556028712, "pumpBTC.bera": 1232.7918840818518, "sUSDe": 48775.29230098021, "sUSDa": 2.5650367756000048, "WETH": 55540522.633244775, "rsETH": 364.90696173481547, "SolvBTC": 33003.04113455564, "srUSD": 779147.267098267, "USDC.e": 4308649.092108225, "diBGT": 203665.5798260288, "USDe": 30119.44929680806, "pol-rUSD": 434.93348250532284, "eBTC": 388.1829359711704, "BYUSD": 81325.57814103104, "WBERA": 1353587.95920253, "oriBGT": 452792.7160239385, "beraETH": 249755.7314413657, "USD\u20ae0": 612087.3227870908, "weETH": 36462181.825128205, "rswETH": 12142.842474967667, "SBTC": 11.494433640022791, "iBERA": 13127.437849750724, "IR": 141.8529064488065, "savUSD": 4151313.6482202257, "ylstETH": 2.337739360987576, "HENLO": 55.400394587943005, "KDK": 2335.659809351997, "PT-iBGT-25DEC2025": 5.74123339162813, "uniBTC": 52031.66271442898, "SolvBTC.BBN": 114.81996974063138, "wgBERA": 1934.353536614149, "ylpumpBTC": 4.594793490004088, "ylBTCLST": 126.76393976105217, "STONE": 18216.173082853136, "LBTC": 31978.790503255594, "stBTC": 25741782.384404123, "HONEY": 570470.4408657063, "USDa": 2885.450639121352, "dPT-GLP-26SEP2024": 15113.595364562727, "PENDLE": 502798.1378237556, "JONES": 43.50127527135749, "dGLV [WETH-USDC]": 433156.46272819606, "dPT-ezETH-27JUN2024": 256.8116004228542, "dGM": 8668405.76640231, "dPT-wstETH-27JUN2024": 589.4523376669475, "dARB": 7394.775160417344, "ezETH": 35473.3873504464, "dPT-weETH-26DEC2024": 153.0748721936179, "RDNT": 668.9898918038934, "dfsGLP": 7.900252655449166, "GRAIL": 16063.266113396034, "dPT-weETH-26SEP2024": 81.19852415077315, "XAI": 1320.706735459651, "PREMIA": 2754.8211465055615, "MAGIC": 3175.2921303533326, "wstETH": 12182184.333452007, "dplvGLP": 136.33500999652261, "USDS": 3702.1709710730343, "tBTC": 490.00116621064706, "dPT-weETH-27JUN2024": 665.2848517880947, "dGMX": 628328.0985666176, "dGLV [WBTC-USDC]": 496092.89350414777, "ARB": 235334.28290173245, "dPT-ezETH-26SEP2024": 3761.2320491259816, "dPT-weETH-25APR2024": 50.64822752788374, "USDC": 117281405.39413255, "AAVE": 11769.660564471396, "dPT-rETH-26JUN2025": 5.911822414352113, "dPT-rsETH-26SEP2024": 976.5518474376593, "WOETH": 24.97146628364447, "DAI": 33027.95085462651, "sUSDS": 20.16098736074597, "rETH": 40710.42676562059, "LINK": 676535.7268593863, "UNI": 1035097.6132357798, "GMX": 10942.108060359484, "USDT": 878036.8628343273, "MIM": 1406.648664351412, "dPT-wstETH-26JUN2025": 30.311548883641855, "stcUSD": 18503.458046033007, "USD1": 160544806.72445396, "cbBTC": 31628.631332094843, "cUSD": 25.178368731959797, "wsrUSD": 230.37266087996744, "CRV": 19968.520860997854, "mETH": 3508677.2898413124, "WLFI": 391847127.64690524, "dPT-mETH-26DEC2024": 309.52246629481795, "USDY": 411.85044455836885, "dWMNT": 2.2718200368860098, "WMNT": 9399.274793726656, "dPT-cmETH-13FEB2025": 306.3024933062199, "dPT-USDe-25JUL2024": 11.165079787422387, "FBTC": 1434.493367647839, "dPT-sMNT-3OCT2024": 19.684338619022856, "cmETH": 6743.503143625543, "dPT-USDe-26DEC2024": 61.900056475485584, "POL": 24.37370165258883, "USDC.E": 1341.9329187198425, "MATIC": 412.57096720216725, "WOKB": 369.75811608119017}}], "chainTokensInUsd": {"Berachain": {"WBTC": 960000.8175966374, "rUSD": 31779.727142086827, "DOLO": 429469.09467008204, "sWBERA": 323332.7109547199, "OHM": 16561.721938950523, "NECT": 16976.155556028712, "pumpBTC.bera": 1232.7918840818518, "sUSDe": 48208.05406754053, "sUSDa": 2.5650367756000048, "WETH": 799220.8222022689, "rsETH": 7.73323371733219, "SolvBTC": 33003.04113455564, "srUSD": 6038.924666328342, "USDC.e": 4189427.642959658, "diBGT": 203665.5798260288, "USDe": 28686.15515376664, "pol-rUSD": 434.93348250532284, "eBTC": 388.1829359711704, "BYUSD": 81325.57814103104, "WBERA": 1353587.95920253, "oriBGT": 452792.7160239385, "beraETH": 249755.7314413657, "USD\u20ae0": 612087.3227870908, "weETH": 299022.7548091843, "rswETH": 12142.842474967667, "SBTC": 11.494433640022791, "iBERA": 13127.437849750724, "IR": 141.8529064488065, "savUSD": 4151313.6482202257, "ylstETH": 2.337739360987576, "HENLO": 55.400394587943005, "KDK": 2335.659809351997, "PT-iBGT-25DEC2025": 5.74123339162813, "uniBTC": 51878.62075346951, "SolvBTC.BBN": 114.81996974063138, "wgBERA": 1934.353536614149, "ylpumpBTC": 4.594793490004088, "ylBTCLST": 126.76393976105217, "STONE": 18216.173082853136, "LBTC": 31978.790503255594, "stBTC": 25741782.384404123, "HONEY": 570470.4408657063, "USDa": 2885.450639121352}, "Arbitrum": {"dPT-GLP-26SEP2024": 15113.595364562727, "PENDLE": 502798.1378237556, "JONES": 43.50127527135749, "dGLV [WETH-USDC]": 433156.46272819606, "dPT-ezETH-27JUN2024": 256.8116004228542, "dGM": 8668405.76640231, "dPT-wstETH-27JUN2024": 589.4523376669475, "dARB": 7394.775160417344, "ezETH": 35473.3873504464, "dPT-weETH-26DEC2024": 153.0748721936179, "WBTC": 2716746.032211008, "RDNT": 668.9898918038934, "dfsGLP": 7.900252655449166, "weETH": 154006.99467470817, "GRAIL": 16063.266113396034, "rsETH": 357.17372801748326, "dPT-weETH-26SEP2024": 81.19852415077315, "XAI": 1320.706735459651, "PREMIA": 2754.8211465055615, "MAGIC": 3175.2921303533326, "wstETH": 209713.28642115887, "dplvGLP": 136.33500999652261, "USDe": 1265.922199092857, "USDS": 3702.1709710730343, "uniBTC": 153.04196095946716, "tBTC": 490.00116621064706, "dPT-weETH-27JUN2024": 665.2848517880947, "dGMX": 628328.0985666176, "dGLV [WBTC-USDC]": 496092.89350414777, "WETH": 3938946.312120223, "ARB": 235334.28290173245, "dPT-ezETH-26SEP2024": 3761.2320491259816, "dPT-weETH-25APR2024": 50.64822752788374, "USDC": 3757231.248291776, "AAVE": 11769.660564471396, "dPT-rETH-26JUN2025": 5.911822414352113, "dPT-rsETH-26SEP2024": 976.5518474376593, "WOETH": 24.97146628364447, "DAI": 32820.82176370004, "sUSDS": 20.16098736074597, "rETH": 40710.42676562059, "LINK": 676365.1272293476, "UNI": 1035097.6132357798, "GMX": 10942.108060359484, "USDT": 225943.91105034298, "MIM": 1406.648664351412, "dPT-wstETH-26JUN2025": 30.311548883641855, "USDC.e": 119221.44914856786}, "Ethereum": {"rUSD": 5.119431816387696, "DOLO": 111565.56277413857, "WBTC": 1239255.0493166153, "LINK": 170.59963003866798, "srUSD": 773108.3424319386, "wstETH": 11972471.047030848, "stcUSD": 18503.458046033007, "USD1": 160544806.72445396, "sUSDe": 567.2382334396826, "USDC": 113523351.39533302, "WETH": 50793297.99966538, "cbBTC": 31628.631332094843, "cUSD": 25.178368731959797, "weETH": 36009152.075644314, "wsrUSD": 230.37266087996744, "CRV": 19968.520860997854, "mETH": 3464311.659917466, "WLFI": 391847127.64690524, "USDT": 637835.6717814103}, "Mantle": {"USDC": 768.2927708465653, "USDT": 13699.27342451684, "dPT-mETH-26DEC2024": 309.52246629481795, "USDY": 411.85044455836885, "USDe": 167.3719439485649, "dWMNT": 2.2718200368860098, "WMNT": 9399.274793726656, "dPT-cmETH-13FEB2025": 306.3024933062199, "dPT-USDe-25JUL2024": 11.165079787422387, "FBTC": 1434.493367647839, "WBTC": 838.9654608134188, "mETH": 44365.62992384654, "WETH": 3655.9753106723983, "dPT-sMNT-3OCT2024": 19.684338619022856, "cmETH": 6743.503143625543, "dPT-USDe-26DEC2024": 61.900056475485584}, "Polygon zkEVM": {"USDT": 396.5440259908066, "POL": 24.37370165258883, "USDC.E": 1341.9329187198425, "WETH": 4884.822507373056, "MATIC": 412.57096720216725, "DAI": 207.12909092647467, "WBTC": 1.7302770038885988}, "X Layer": {"USDT": 161.46255206648038, "WETH": 516.7014388535599, "USDC": 54.457736906055366,