{"currentChainTvls": {"Berachain": 34544813.8693694, "Berachain-borrowed": 4096519.068120067, "Arbitrum": 21388486.859610975, "Arbitrum-borrowed": 8581504.233906107, "Ethereum": 412585181.1439373, "Ethereum-borrowed": 290900836.4890482, "Botanix": 142178.03356026905, "Botanix-borrowed": 53523.75181760662, "Mantle": 68719.88967072702, "Mantle-borrowed": 12583.920440124955, "Polygon zkEVM": 7134.630963389269, "Polygon zkEVM-borrowed": 134.4725254795557, "X Layer": 922.6706865045943, "X Layer-borrowed": 179.70915740269163, "borrowed": 303645281.64501494}, "tokensInUsd": [{"tokens": {"WBTC": 6417914.018788405, "rUSD": 29227.688665353657, "DOLO": 512119.4632324875, "sWBERA": 298412.90978787054, "OHM": 19798.48344088328, "NECT": 16978.837620826172, "pumpBTC.bera": 1232.7918840818518, "sUSDe": 97182.53738600278, "sUSDa": 2.5650367756000048, "WETH": 58019098.95283481, "rsETH": 365.1709018566398, "SolvBTC": 34666.903371329296, "srUSD": 748236.6386661088, "USDC.e": 3874895.509925532, "diBGT": 164948.3290849913, "USDe": 30062.003817291323, "pol-rUSD": 434.93348250532284, "eBTC": 388.1829359711704, "BYUSD": 82737.23887047677, "WBERA": 1169660.5227560126, "oriBGT": 441427.53026557603, "beraETH": 249520.06803233197, "USD\u20ae0": 614378.8558329215, "weETH": 37644528.28619406, "rswETH": 12142.842474967667, "SBTC": 11.494433640022791, "iBERA": 12038.978248911686, "IR": 102.07906244703334, "savUSD": 3282390.111558113, "ylstETH": 2.337739360987576, "HENLO": 55.400394587943005, "KDK": 2335.659809351997, "PT-iBGT-25DEC2025": 5.74123339162813, "uniBTC": 53617.93276982054, "SolvBTC.BBN": 114.81996974063138, "wgBERA": 1934.353536614149, "ylpumpBTC": 4.594793490004088, "ylBTCLST": 126.76393976105217, "STONE": 17894.804158573716, "LBTC": 32142.837287731254, "stBTC": 25862599.816499352, "HONEY": 263398.5088356809, "USDa": 2885.46376790037, "dPT-GLP-26SEP2024": 15113.595364562727, "PENDLE": 631637.1063842617, "JONES": 44.00771258680652, "dGLV [WETH-USDC]": 405848.1433000529, "dPT-ezETH-27JUN2024": 256.8116004228542, "dGM": 8475747.57119746, "dPT-wstETH-27JUN2024": 589.4523376669475, "dARB": 7394.775160417344, "ezETH": 39970.092925020326, "dPT-weETH-26DEC2024": 153.0748721936179, "RDNT": 957.2452989383337, "dfsGLP": 7.900252655449166, "GRAIL": 17518.066024345284, "dPT-weETH-26SEP2024": 81.19852415077315, "XAI": 1445.947543870464, "PREMIA": 2754.8211465055615, "MAGIC": 2912.1335345562497, "wstETH": 208543.45926422294, "dplvGLP": 136.33500999652261, "USDS": 3712.4787521544463, "tBTC": 502.44306112350944, "dPT-weETH-27JUN2024": 665.2848517880947, "dGMX": 679203.6726323538, "dGLV [WBTC-USDC]": 565732.3659152378, "ARB": 207983.68574539837, "dPT-ezETH-26SEP2024": 3761.2320491259816, "dPT-weETH-25APR2024": 50.64822752788374, "USDC": 129969493.70515598, "AAVE": 11624.261810182637, "dPT-rETH-26JUN2025": 5.911822414352113, "dPT-rsETH-26SEP2024": 976.5518474376593, "WOETH": 24.97146628364447, "DAI": 32904.58934162691, "sUSDS": 30.437700610678704, "rETH": 40306.86936684483, "LINK": 626661.9592990264, "UNI": 1034695.1224859069, "GMX": 19321.175178768473, "USDT": 394161.8438573985, "MIM": 1404.0427700363946, "dPT-wstETH-26JUN2025": 30.311548883641855, "stcUSD": 14492.925073452903, "USD1": 187767713.20944935, "cbBTC": 31428.585477774133, "cUSD": 25.178368731959797, "wsrUSD": 230.37266087996744, "CRV": 19968.520860997854, "mETH": 3608409.6225384744, "WLFI": 297492405.27598894, "pBTC": 12039.615499748495, "oUSDT": 17.15248969398468, "dPT-mETH-26DEC2024": 309.52246629481795, "USDY": 411.953455008837, "dWMNT": 2.2718200368860098, "WMNT": 9675.28438894418, "dPT-cmETH-13FEB2025": 306.3024933062199, "dPT-USDe-25JUL2024": 11.165079787422387, "FBTC": 1406.6279212633817, "dPT-sMNT-3OCT2024": 19.684338619022856, "cmETH": 5246.671014134116, "dPT-USDe-26DEC2024": 61.900056475485584, "POL": 24.37370165258883, "USDC.E": 1341.9329187198425, "MATIC": 412.57096720216725, "WOKB": 369.75811608119017}}], "chainTokensInUsd": {"Berachain": {"WBTC": 762352.1653831427, "rUSD": 29222.56923353727, "DOLO": 419955.2185743187, "sWBERA": 298412.90978787054, "OHM": 19798.48344088328, "NECT": 16978.837620826172, "pumpBTC.bera": 1232.7918840818518, "sUSDe": 48237.61322171314, "sUSDa": 2.5650367756000048, "WETH": 835151.2189733249, "rsETH": 8.10916864373367, "SolvBTC": 34666.903371329296, "srUSD": 6061.816418200125, "USDC.e": 3694019.9607154178, "diBGT": 164948.3290849913, "USDe": 28757.514840552973, "pol-rUSD": 434.93348250532284, "eBTC": 388.1829359711704, "BYUSD": 82737.23887047677, "WBERA": 1169660.5227560126, "oriBGT": 441427.53026557603, "beraETH": 249520.06803233197, "USD\u20ae0": 614378.8558329215, "weETH": 300154.0989831585, "rswETH": 12142.842474967667, "SBTC": 11.494433640022791, "iBERA": 12038.978248911686, "IR": 102.07906244703334, "savUSD": 3282390.111558113, "ylstETH": 2.337739360987576, "HENLO": 55.400394587943005, "KDK": 2335.659809351997, "PT-iBGT-25DEC2025": 5.74123339162813, "uniBTC": 53455.32392651944, "SolvBTC.BBN": 114.81996974063138, "wgBERA": 1934.353536614149, "ylpumpBTC": 4.594793490004088, "ylBTCLST": 126.76393976105217, "STONE": 17894.804158573716, "LBTC": 32142.837287731254, "stBTC": 25741782.384404123, "HONEY": 263398.5088356809, "USDa": 2885.46376790037}, "Arbitrum": {"dPT-GLP-26SEP2024": 15113.595364562727, "PENDLE": 631637.1063842617, "JONES": 44.00771258680652, "dGLV [WETH-USDC]": 405848.1433000529, "dPT-ezETH-27JUN2024": 256.8116004228542, "dGM": 8475747.57119746, "dPT-wstETH-27JUN2024": 589.4523376669475, "dARB": 7394.775160417344, "ezETH": 39970.092925020326, "dPT-weETH-26DEC2024": 153.0748721936179, "WBTC": 4765044.3334281035, "RDNT": 957.2452989383337, "dfsGLP": 7.900252655449166, "weETH": 1355097.9435609318, "GRAIL": 17518.066024345284, "rsETH": 357.0617332129061, "dPT-weETH-26SEP2024": 81.19852415077315, "XAI": 1445.947543870464, "PREMIA": 2754.8211465055615, "MAGIC": 2912.1335345562497, "wstETH": 208543.45926422294, "dplvGLP": 136.33500999652261, "USDe": 1267.7080667065236, "USDS": 3712.4787521544463, "uniBTC": 162.608843301096, "tBTC": 502.44306112350944, "dPT-weETH-27JUN2024": 665.2848517880947, "dGMX": 679203.6726323538, "dGLV [WBTC-USDC]": 565732.3659152378, "WETH": 6091256.355125326, "ARB": 207983.68574539837, "dPT-ezETH-26SEP2024": 3761.2320491259816, "dPT-weETH-25APR2024": 50.64822752788374, "USDC": 4345033.881136084, "AAVE": 11624.261810182637, "dPT-rETH-26JUN2025": 5.911822414352113, "dPT-rsETH-26SEP2024": 976.5518474376593, "WOETH": 24.97146628364447, "DAI": 32697.46025070044, "sUSDS": 30.437700610678704, "rETH": 40306.86936684483, "LINK": 626605.509011647, "UNI": 1034695.1224859069, "GMX": 19321.175178768473, "USDT": 253270.9611967036, "MIM": 1404.0427700363946, "dPT-wstETH-26JUN2025": 30.311548883641855, "USDC.e": 118054.06647840618}, "Ethereum": {"rUSD": 5.119431816387696, "DOLO": 92164.2446581688, "WBTC": 889676.8242393412, "LINK": 56.450287379460676, "srUSD": 742174.8222479087, "stcUSD": 14492.925073452903, "USD1": 187767713.20944935, "sUSDe": 48944.924164289645, "USDC": 125623636.94114624, "WETH": 51083589.533238515, "cbBTC": 31428.585477774133, "cUSD": 25.178368731959797, "weETH": 35989276.243649974, "wsrUSD": 230.37266087996744, "CRV": 19968.520860997854, "mETH": 3563629.70548496, "WLFI": 297492405.27598894, "USDT": 126598.7565566901}, "Botanix": {"pBTC": 12039.615499748495, "oUSDT": 17.15248969398468, "USDC.e": 62821.48273170842, "WETH": 6.1025614950012566, "stBTC": 120817.43209522976}, "Mantle": {"USDC": 768.4251367478689, "USDT": 13734.119525947513, "dPT-mETH-26DEC2024": 309.52246629481795, "USDY": 411.953455008837, "USDe": 36.78091003182738, "dWMNT": 2.2718200368860098, "WMNT": 9675.28438894418, "dPT-cmETH-13FEB2025": 306.3024933062199, "dPT-USDe-25JUL2024": 11.165079787422387, "FBTC": 1406.6279212633817, "WBTC": 838.9654608134188, "mETH": 44779.91705351394, "WETH": 3694.2189899270384, "dPT-sMNT-3OCT2024": 19.684338619022856, "cmETH": 5246.671014134116, "dPT-USDe-26DEC2024": 61.900056475485584}, "Polygon zkEVM": {"USDT": 396.5440259908066,