{"currentChainTvls": {"Berachain": 35997152.97256506, "Berachain-borrowed": 4910526.5437826235, "Arbitrum": 19837021.601648264, "Arbitrum-borrowed": 8084901.633632554, "Ethereum": 525372154.2615533, "Ethereum-borrowed": 287993940.97678995, "Mantle": 83212.65845246687, "Mantle-borrowed": 13250.72933133115, "Polygon zkEVM": 7134.630963389269, "Polygon zkEVM-borrowed": 134.4725254795557, "X Layer": 922.6706865045943, "X Layer-borrowed": 179.70915740269163, "borrowed": 301002934.06521934}, "tokensInUsd": [{"tokens": {"WBTC": 7604020.075461577, "rUSD": 31959.486382046707, "DOLO": 547545.746648416, "sWBERA": 325256.8989472962, "OHM": 96841.093535799, "NECT": 16984.247951592377, "pumpBTC.bera": 1937.1623030950357, "sUSDe": 49944.9458604591, "sUSDa": 2.5650367756000048, "WETH": 60628062.87810705, "rsETH": 368.03251829932293, "SolvBTC": 32587.878538042714, "srUSD": 831569.2441020309, "USDC.e": 4343774.793854455, "diBGT": 185435.71174823618, "USDe": 32742.909228161767, "pol-rUSD": 434.93348250532284, "eBTC": 388.1829359711704, "BYUSD": 84244.26205358157, "WBERA": 1389108.36950101, "oriBGT": 457660.5008925355, "beraETH": 248519.31700694433, "USD\u20ae0": 641196.3846696605, "weETH": 20408107.865124434, "rswETH": 12142.842474967667, "SBTC": 11.494433640022791, "iBERA": 13205.123373189737, "IR": 122.99197775358441, "savUSD": 4200017.654640707, "ylstETH": 2.337739360987576, "HENLO": 55.400394587943005, "KDK": 2335.659809351997, "PT-iBGT-25DEC2025": 5.74123339162813, "uniBTC": 47804.9675562035, "SolvBTC.BBN": 114.81996974063138, "wgBERA": 1934.353536614149, "ylpumpBTC": 4.594793490004088, "ylBTCLST": 126.76393976105217, "STONE": 18655.815524274953, "LBTC": 31334.80529781731, "stBTC": 25741782.384404123, "HONEY": 447453.31494003616, "USDa": 2885.4396154060223, "dPT-GLP-26SEP2024": 15113.595364562727, "PENDLE": 434772.4284756791, "JONES": 43.50127527135749, "dGLV [WETH-USDC]": 425707.5848692197, "dPT-ezETH-27JUN2024": 256.8116004228542, "dGM": 9268546.523678957, "dPT-wstETH-27JUN2024": 589.4523376669475, "dARB": 7394.775160417344, "ezETH": 35903.11054932595, "dPT-weETH-26DEC2024": 153.0748721936179, "RDNT": 710.6371105013369, "dfsGLP": 7.900252655449166, "GRAIL": 14531.435435985253, "dPT-weETH-26SEP2024": 81.19852415077315, "XAI": 1231.192709980077, "PREMIA": 2754.8211465055615, "MAGIC": 2813.0812240675627, "wstETH": 214704.0980594345, "dplvGLP": 136.33500999652261, "USDS": 3715.555637105127, "DPX": 7.337541804984554, "tBTC": 462.3187626348149, "dPT-weETH-27JUN2024": 665.2848517880947, "dGMX": 614794.1864952646, "dGLV [WBTC-USDC]": 474948.8966624525, "ARB": 219749.20331991938, "dPT-ezETH-26SEP2024": 3761.2320491259816, "dPT-weETH-25APR2024": 50.64822752788374, "USDC": 131590315.95145735, "AAVE": 12325.393256460482, "dPT-rETH-26JUN2025": 5.911822414352113, "dPT-rsETH-26SEP2024": 976.5518474376593, "WOETH": 24.97146628364447, "DAI": 33177.28221968195, "sUSDS": 20.16098736074597, "rETH": 41559.84130948853, "LINK": 722317.9661542973, "UNI": 1033418.6864910253, "GMX": 12012.98179624609, "USDT": 443691.1423820614, "MIM": 1406.0266995220213, "dPT-wstETH-26JUN2025": 30.311548883641855, "stcUSD": 19910.53279045335, "USD1": 199051340.4111258, "cbBTC": 30779.902573915944, "cUSD": 25.178368731959797, "wsrUSD": 230.37266087996744, "CRV": 19968.520860997854, "mETH": 3522199.27556871, "WLFI": 405520982.24116856, "dPT-mETH-26DEC2024": 309.52246629481795, "USDY": 411.85044455836885, "dWMNT": 2.2718200368860098, "WMNT": 9909.595574423925, "dPT-cmETH-13FEB2025": 306.3024933062199, "dPT-USDe-25JUL2024": 11.165079787422387, "FBTC": 1646.1963952750352, "dPT-sMNT-3OCT2024": 19.684338619022856, "cmETH": 6689.909410327725, "dPT-USDe-26DEC2024": 61.900056475485584, "POL": 24.37370165258883, "USDC.E": 1341.9329187198425, "MATIC": 412.57096720216725, "WOKB": 369.75811608119017}}], "chainTokensInUsd": {"Berachain": {"WBTC": 996850.7819602181, "rUSD": 31954.36695023032, "DOLO": 423381.3882094329, "sWBERA": 325256.8989472962, "OHM": 96841.093535799, "NECT": 16984.247951592377, "pumpBTC.bera": 1937.1623030950357, "sUSDe": 49377.29360023864, "sUSDa": 2.5650367756000048, "WETH": 842852.9647780502, "rsETH": 7.73323371733219, "SolvBTC": 32587.878538042714, "srUSD": 6032.680525010295, "USDC.e": 4221667.173906637, "diBGT": 185435.71174823618, "USDe": 30431.8850790113, "pol-rUSD": 434.93348250532284, "eBTC": 388.1829359711704, "BYUSD": 84244.26205358157, "WBERA": 1389108.36950101, "oriBGT": 457660.5008925355, "beraETH": 248519.31700694433, "USD\u20ae0": 641196.3846696605, "weETH": 304678.5093385173, "rswETH": 12142.842474967667, "SBTC": 11.494433640022791, "iBERA": 13205.123373189737, "IR": 122.99197775358441, "savUSD": 4200017.654640707, "ylstETH": 2.337739360987576, "HENLO": 55.400394587943005, "KDK": 2335.659809351997, "PT-iBGT-25DEC2025": 5.74123339162813, "uniBTC": 47655.69206536822, "SolvBTC.BBN": 114.81996974063138, "wgBERA": 1934.353536614149, "ylpumpBTC": 4.594793490004088, "ylBTCLST": 126.76393976105217, "STONE": 18655.815524274953, "LBTC": 31334.80529781731, "stBTC": 25741782.384404123, "HONEY": 447453.31494003616, "USDa": 2885.4396154060223}, "Arbitrum": {"dPT-GLP-26SEP2024": 15113.595364562727, "PENDLE": 434772.4284756791, "JONES": 43.50127527135749, "dGLV [WETH-USDC]": 425707.5848692197, "dPT-ezETH-27JUN2024": 256.8116004228542, "dGM": 9268546.523678957, "dPT-wstETH-27JUN2024": 589.4523376669475, "dARB": 7394.775160417344, "ezETH": 35903.11054932595, "dPT-weETH-26DEC2024": 153.0748721936179, "WBTC": 4191977.3347716304, "RDNT": 710.6371105013369, "dfsGLP": 7.900252655449166, "weETH": 30133.539338095496, "GRAIL": 14531.435435985253, "rsETH": 360.2992845819907, "dPT-weETH-26SEP2024": 81.19852415077315, "XAI": 1231.192709980077, "PREMIA": 2754.8211465055615, "MAGIC": 2813.0812240675627, "wstETH": 214704.0980594345, "dplvGLP": 136.33500999652261, "USDe": 2143.78781107073, "USDS": 3715.555637105127, "uniBTC": 149.27549083528163, "DPX": 7.337541804984554, "tBTC": 462.3187626348149, "dPT-weETH-27JUN2024": 665.2848517880947, "dGMX": 614794.1864952646, "dGLV [WBTC-USDC]": 474948.8966624525, "WETH": 5672165.780123371, "ARB": 219749.20331991938, "dPT-ezETH-26SEP2024": 3761.2320491259816, "dPT-weETH-25APR2024": 50.64822752788374, "USDC": 4068632.4350236454, "AAVE": 12325.393256460482, "dPT-rETH-26JUN2025": 5.911822414352113, "dPT-rsETH-26SEP2024": 976.5518474376593, "WOETH": 24.97146628364447, "DAI": 32970.153128755475, "sUSDS": 20.16098736074597, "rETH": 41559.84130948853, "LINK": 722262.1111424391, "UNI": 1033418.6864910253, "GMX": 12012.98179624609, "USDT": 233633.8407888377, "MIM": 1406.0266995220213, "dPT-wstETH-26JUN2025": 30.311548883641855, "USDC.e": 122107.61994781811}, "Ethereum": {"rUSD": 5.119431816387696, "DOLO": 124164.35843898315, "WBTC": 2414351.2629919103, "LINK": 55.85501185829839, "srUSD": 825536.5635770205, "stcUSD": 19910.53279045335, "USD1": 199051340.4111258, "sUSDe": 567.652260220454, "USDC": 127520860.97903916, "WETH": 54103896.657012984, "cbBTC": 30779.902573915944, "cUSD": 25.178368731959797, "weETH": 20073295.81644782, "wsrUSD": 230.37266087996744, "CRV": 19968.520860997854, "mETH": 3464311.659917466, "WLFI": 405520982.24116856, "USDT": 195812.15466466532}, "Mantle": {"USDC": 768.0796576362347, "USDT": 13687.140350501099, "dPT-mETH-26DEC2024": 309.52246629481795, "USDY": 411.85044455836885, "USDe": 167.23633807973755, "dWMNT": 2.2718200368860098, "WMNT": 9909.595574423925, "dPT-cmETH-13FEB2025": 306.3024933062199, "dPT-USDe-25JUL2024": 11.165079787422387, "FBTC": 1646.1963952750352, "WBTC": 838.9654608134188, "mETH": 57887.61565124418, "WETH": 3745.9522464184492, "dPT-sMNT-3OCT2024": 19.684338619022856, "cmETH": 6689.909410327725, "dPT-USDe-26DEC2024": 61.900056475485584}, "Polygon zkEVM": {"USDT": 396.5440259908066, "POL": 24.37370165258883, "USDC.E": 1341.9329187198425, "WETH": 4884.822507373056, "MATIC": 412.57096720216725, "DAI": 207.12909092647467, "WBTC": 1.7302770038885988}, "X Layer": {"USDT": 161.46255206648038, "WETH": 516.7014388535599, "USDC": 54.457736906055366,