{"currentChainTvls": {"Berachain": 36287522.49224529, "Berachain-borrowed": 5552273.9903856395, "Arbitrum": 19916633.597700376, "Arbitrum-borrowed": 8233123.1940775635, "Ethereum": 499342486.7315713, "Ethereum-borrowed": 302613167.1919142, "Mantle": 78424.44216338944, "Mantle-borrowed": 13141.535814943876, "Polygon zkEVM": 7134.630963389269, "Polygon zkEVM-borrowed": 134.4725254795557, "X Layer": 922.6706865045943, "X Layer-borrowed": 179.70915740269163, "borrowed": 316412020.0938752}, "tokensInUsd": [{"tokens": {"WBTC": 8842371.038952867, "rUSD": 32408.60991376637, "DOLO": 566943.0386723028, "sWBERA": 329208.37002900225, "OHM": 95655.7695838804, "NECT": 16983.093472684544, "pumpBTC.bera": 1937.1623030950357, "sUSDe": 49961.6125378275, "sUSDa": 2.5650367756000048, "WETH": 57402370.24363694, "rsETH": 330.53992951525424, "SolvBTC": 31372.347059102027, "srUSD": 961479.2238695167, "USDC.e": 4522391.7405273, "diBGT": 189433.08574639502, "USDe": 32918.951892938945, "pol-rUSD": 434.93348250532284, "eBTC": 388.1829359711704, "BYUSD": 80358.93221517258, "WBERA": 1358011.147693372, "oriBGT": 463588.5147762743, "beraETH": 233966.048735845, "USD\u20ae0": 830410.9504594693, "weETH": 18362390.01030075, "rswETH": 12142.842474967667, "SBTC": 11.494433640022791, "iBERA": 13753.167782120887, "IR": 98.27181381880946, "savUSD": 4799999.659437781, "ylstETH": 2.337739360987576, "HENLO": 112.62532919316604, "KDK": 2335.659809351997, "PT-iBGT-25DEC2025": 5.74123339162813, "uniBTC": 47791.94252639805, "SolvBTC.BBN": 114.81996974063138, "wgBERA": 3092.741877160705, "ylpumpBTC": 4.594793490004088, "ylBTCLST": 126.76393976105217, "STONE": 15086.672426046065, "LBTC": 30592.98628290208, "stBTC": 25741782.384404123, "HONEY": 466450.0470361926, "USDa": 2885.427919473342, "dPT-GLP-26SEP2024": 15113.595364562727, "PENDLE": 418789.21113614755, "JONES": 43.50127527135749, "dGLV [WETH-USDC]": 562827.2077387883, "dPT-ezETH-27JUN2024": 256.8116004228542, "dGM": 9068509.54793925, "dPT-wstETH-27JUN2024": 589.4523376669475, "dARB": 5632.791592093791, "ezETH": 36554.46778356476, "dPT-weETH-26DEC2024": 153.0748721936179, "RDNT": 798.5575198641719, "dfsGLP": 7.900252655449166, "GRAIL": 17659.662521536593, "dPT-weETH-26SEP2024": 81.19852415077315, "XAI": 1245.0142882914683, "PREMIA": 2754.8211465055615, "MAGIC": 2629.859240873497, "wstETH": 2558822.4223066526, "dplvGLP": 136.33500999652261, "USDS": 3714.5162662756356, "DPX": 6.551456991563027, "tBTC": 462.3187626348149, "dPT-weETH-27JUN2024": 665.2848517880947, "dGMX": 602872.8824613942, "dGLV [WBTC-USDC]": 461513.8534458708, "ARB": 204629.1522786574, "dPT-ezETH-26SEP2024": 3761.2320491259816, "dPT-weETH-25APR2024": 50.64822752788374, "USDC": 126225462.00303535, "AAVE": 11622.32297136289, "dPT-rETH-26JUN2025": 5.911822414352113, "dPT-rsETH-26SEP2024": 976.5518474376593, "WOETH": 24.97146628364447, "DAI": 44418.64473891496, "sUSDS": 20.16098736074597, "rETH": 43140.98444755696, "LINK": 734112.7919461332, "UNI": 1001753.7718525374, "GMX": 30248.33903347272, "USDT": 742488.975014416, "MIM": 1406.4059736505385, "dPT-wstETH-26JUN2025": 30.311548883641855, "stcUSD": 19910.53279045335, "USD1": 188663087.0281849, "cbBTC": 31537.326742547895, "cUSD": 25.178368731959797, "wsrUSD": 230.37266087996744, "CRV": 21399.712633912775, "mETH": 3517736.76798732, "WLFI": 411422495.5285305, "dPT-mETH-26DEC2024": 309.52246629481795, "USDY": 411.85044455836885, "dWMNT": 2.2718200368860098, "WMNT": 9770.967352923224, "dPT-cmETH-13FEB2025": 306.3024933062199, "dPT-USDe-25JUL2024": 11.165079787422387, "FBTC": 1646.1963952750352, "dPT-sMNT-3OCT2024": 19.684338619022856, "cmETH": 6333.401226640693, "dPT-USDe-26DEC2024": 61.900056475485584, "POL": 24.37370165258883, "USDC.E": 1341.9329187198425, "MATIC": 412.57096720216725, "WOKB": 369.75811608119017}}], "chainTokensInUsd": {"Berachain": {"WBTC": 1034648.177288045, "rUSD": 32131.99988711376, "DOLO": 443080.10338410916, "sWBERA": 329208.37002900225, "OHM": 95655.7695838804, "NECT": 16983.093472684544, "pumpBTC.bera": 1937.1623030950357, "sUSDe": 49394.77869133279, "sUSDa": 2.5650367756000048, "WETH": 788672.5998475425, "rsETH": 7.73323371733219, "SolvBTC": 31372.347059102027, "srUSD": 6032.680525010295, "USDC.e": 4400907.379766219, "diBGT": 189433.08574639502, "USDe": 30591.950774267385, "pol-rUSD": 434.93348250532284, "eBTC": 388.1829359711704, "BYUSD": 80358.93221517258, "WBERA": 1358011.147693372, "oriBGT": 463588.5147762743, "beraETH": 233966.048735845, "USD\u20ae0": 830410.9504594693, "weETH": 286324.04493614455, "rswETH": 12142.842474967667, "SBTC": 11.494433640022791, "iBERA": 13753.167782120887, "IR": 98.27181381880946, "savUSD": 4799999.659437781, "ylstETH": 2.337739360987576, "HENLO": 112.62532919316604, "KDK": 2335.659809351997, "PT-iBGT-25DEC2025": 5.74123339162813, "uniBTC": 47655.69206536822, "SolvBTC.BBN": 114.81996974063138, "wgBERA": 3092.741877160705, "ylpumpBTC": 4.594793490004088, "ylBTCLST": 126.76393976105217, "STONE": 15086.672426046065, "LBTC": 30592.98628290208, "stBTC": 25741782.384404123, "HONEY": 466450.0470361926, "USDa": 2885.427919473342}, "Arbitrum": {"dPT-GLP-26SEP2024": 15113.595364562727, "PENDLE": 418789.21113614755, "JONES": 43.50127527135749, "dGLV [WETH-USDC]": 562827.2077387883, "dPT-ezETH-27JUN2024": 256.8116004228542, "dGM": 9068509.54793925, "dPT-wstETH-27JUN2024": 589.4523376669475, "dARB": 5632.791592093791, "ezETH": 36554.46778356476, "dPT-weETH-26DEC2024": 153.0748721936179, "WBTC": 4282684.639875365, "RDNT": 798.5575198641719, "dfsGLP": 7.900252655449166, "weETH": 27814.820109418753, "GRAIL": 17659.662521536593, "rsETH": 322.80669579792203, "dPT-weETH-26SEP2024": 81.19852415077315, "XAI": 1245.0142882914683, "PREMIA": 2754.8211465055615, "MAGIC": 2629.859240873497, "wstETH": 209220.38267009988, "dplvGLP": 136.33500999652261, "USDe": 2142.4672567871603, "USDS": 3714.5162662756356, "uniBTC": 136.2504610298334, "DPX": 6.551456991563027, "tBTC": 462.3187626348149, "dPT-weETH-27JUN2024": 665.2848517880947, "dGMX": 602872.8824613942, "dGLV [WBTC-USDC]": 461513.8534458708, "WETH": 5660440.007994822, "ARB": 204629.1522786574, "dPT-ezETH-26SEP2024": 3761.2320491259816, "dPT-weETH-25APR2024": 50.64822752788374, "USDC": 4199448.326073702, "AAVE": 11622.32297136289, "dPT-rETH-26JUN2025": 5.911822414352113, "dPT-rsETH-26SEP2024": 976.5518474376593, "WOETH": 24.97146628364447, "DAI": 44211.51564798849, "sUSDS": 20.16098736074597, "rETH": 43140.98444755696, "LINK": 725213.6205534748, "UNI": 1001753.7718525374, "GMX": 30248.33903347272, "USDT": 375948.4117833032, "MIM": 1406.4059736505385, "dPT-wstETH-26JUN2025": 30.311548883641855, "USDC.e": 121484.36076108103}, "Ethereum": {"rUSD": 276.6100266526082, "DOLO": 123862.9352881937, "WBTC": 3524197.5260516396, "LINK": 8899.17139265849, "srUSD": 955446.5433445064, "wstETH": 2349602.039636553, "stcUSD": 19910.53279045335, "USD1": 188663087.0281849, "sUSDe": 566.8338464947168, "USDC": 122025191.43267246, "WETH": 50944051.259201266, "cbBTC": 31537.326742547895, "cUSD": 25.178368731959797, "weETH": 18048251.14525519, "wsrUSD": 230.37266087996744, "CRV": 21399.712633912775, "mETH": 3464311.659917466, "WLFI": 411422495.5285305, "USDT": 352311.08694055624}, "Mantle": {"USDC": 767.7865522778284, "USDT": 13671.469712499375, "dPT-mETH-26DEC2024": 309.52246629481795, "USDY": 411.85044455836885, "USDe": 184.5338618844023, "dWMNT": 2.2718200368860098, "WMNT": 9770.967352923224, "dPT-cmETH-13FEB2025": 306.3024933062199, "dPT-USDe-25JUL2024": 11.165079787422387, "FBTC": 1646.1963952750352, "WBTC": 838.9654608134188, "mETH": 53425.108069854345, "WETH": 3804.852647086786, "dPT-sMNT-3OCT2024": 19.684338619022856, "cmETH": 6333.401226640693, "dPT-USDe-26DEC2024": 61.900056475485584}, "Polygon zkEVM": {"USDT": 396.5440259908066, "POL": 24.37370165258883, "USDC.E": 1341.9329187198425, "WETH": 4884.822507373056, "MATIC": 412.57096720216725, "DAI": 207.12909092647467, "WBTC": 1.7302770038885988}, "X Layer": {"USDT": 161.46255206648038, "WETH": 516.7014388535599,