{"currentChainTvls": {"Berachain": 35933649.127305865, "Berachain-borrowed": 5182318.299078735, "Arbitrum": 16232605.323870216, "Arbitrum-borrowed": 7724393.68225366, "Ethereum": 457195391.4384689, "Ethereum-borrowed": 298140433.60572904, "Mantle": 67911.92928192051, "Mantle-borrowed": 13060.711663661656, "Polygon zkEVM": 7134.630963389269, "Polygon zkEVM-borrowed": 134.4725254795557, "X Layer": 922.6706865045943, "X Layer-borrowed": 179.70915740269163, "borrowed": 311060520.480408}, "tokensInUsd": [{"tokens": {"WBTC": 5823325.754742057, "rUSD": 31781.98366876406, "DOLO": 535189.866374977, "sWBERA": 318456.9100828088, "OHM": 94833.6611853207, "NECT": 16977.558241463787, "pumpBTC.bera": 1232.7918840818518, "sUSDe": 48767.39598229296, "sUSDa": 2.5650367756000048, "WETH": 55277954.02403422, "rsETH": 371.1964556352289, "SolvBTC": 32661.08353298359, "srUSD": 779147.267098267, "USDC.e": 4334841.987072277, "diBGT": 201259.7158229625, "USDe": 230336.67885808757, "pol-rUSD": 434.93348250532284, "eBTC": 388.1829359711704, "BYUSD": 83284.7023704022, "WBERA": 1346861.5788155368, "oriBGT": 440101.54798246233, "beraETH": 249755.7314413657, "USD\u20ae0": 680349.2910079804, "weETH": 32956421.755607918, "rswETH": 12142.842474967667, "SBTC": 11.494433640022791, "iBERA": 13014.07308156913, "IR": 144.3497742852562, "savUSD": 4151313.6482202257, "ylstETH": 2.337739360987576, "HENLO": 55.400394587943005, "KDK": 2335.659809351997, "PT-iBGT-25DEC2025": 5.74123339162813, "uniBTC": 51464.30920606193, "SolvBTC.BBN": 114.81996974063138, "wgBERA": 1934.353536614149, "ylpumpBTC": 4.594793490004088, "ylBTCLST": 126.76393976105217, "STONE": 18216.173082853136, "LBTC": 31978.790503255594, "stBTC": 25741782.384404123, "HONEY": 611706.2623322448, "USDa": 2885.448873935935, "dPT-GLP-26SEP2024": 15113.595364562727, "PENDLE": 489178.75756380294, "JONES": 43.50127527135749, "dGLV [WETH-USDC]": 433156.46272819606, "dPT-ezETH-27JUN2024": 256.8116004228542, "dGM": 8658433.060928851, "dPT-wstETH-27JUN2024": 589.4523376669475, "dARB": 7394.775160417344, "ezETH": 43611.564350491404, "dPT-weETH-26DEC2024": 153.0748721936179, "RDNT": 668.9898918038934, "dfsGLP": 7.900252655449166, "GRAIL": 17223.235801385363, "dPT-weETH-26SEP2024": 81.19852415077315, "XAI": 1320.706735459651, "PREMIA": 2754.8211465055615, "MAGIC": 3175.2921303533326, "wstETH": 2364527.309369093, "dplvGLP": 136.33500999652261, "USDS": 3717.0744897669556, "tBTC": 503.8916854454632, "dPT-weETH-27JUN2024": 665.2848517880947, "dGMX": 628328.0985666176, "dGLV [WBTC-USDC]": 494610.24752690544, "ARB": 236856.22962111924, "dPT-ezETH-26SEP2024": 3761.2320491259816, "dPT-weETH-25APR2024": 50.64822752788374, "USDC": 120340495.60461998, "AAVE": 11968.469308653708, "dPT-rETH-26JUN2025": 5.911822414352113, "dPT-rsETH-26SEP2024": 976.5518474376593, "WOETH": 24.97146628364447, "DAI": 33012.77123469607, "sUSDS": 20.16098736074597, "rETH": 40151.569445805224, "LINK": 672130.6233569382, "UNI": 1040771.9245190156, "GMX": 10890.214438310491, "USDT": 1275443.869273838, "MIM": 1406.6474060678736, "dPT-wstETH-26JUN2025": 30.311548883641855, "stcUSD": 18503.458046033007, "USD1": 157068716.71874812, "cbBTC": 31628.631332094843, "cUSD": 25.178368731959797, "wsrUSD": 230.37266087996744, "CRV": 19968.520860997854, "mETH": 3507762.5511063267, "WLFI": 388873035.10456187, "dPT-mETH-26DEC2024": 309.52246629481795, "USDY": 411.85044455836885, "dWMNT": 2.2718200368860098, "WMNT": 9188.971527903359, "dPT-cmETH-13FEB2025": 306.3024933062199, "dPT-USDe-25JUL2024": 11.165079787422387, "FBTC": 1434.493367647839, "dPT-sMNT-3OCT2024": 19.684338619022856, "cmETH": 6743.503143625543, "dPT-USDe-26DEC2024": 61.900056475485584, "POL": 24.37370165258883, "USDC.E": 1341.9329187198425, "MATIC": 412.57096720216725, "WOKB": 369.75811608119017}}], "chainTokensInUsd": {"Berachain": {"WBTC": 958812.212382378, "rUSD": 31776.864236947673, "DOLO": 425153.1236300972, "sWBERA": 318456.9100828088, "OHM": 94833.6611853207, "NECT": 16977.558241463787, "pumpBTC.bera": 1232.7918840818518, "sUSDe": 48200.15774885328, "sUSDa": 2.5650367756000048, "WETH": 796561.9979841242, "rsETH": 7.73323371733219, "SolvBTC": 32661.08353298359, "srUSD": 6038.924666328342, "USDC.e": 4215437.292815915, "diBGT": 201259.7158229625, "USDe": 228903.461232193, "pol-rUSD": 434.93348250532284, "eBTC": 388.1829359711704, "BYUSD": 83284.7023704022, "WBERA": 1346861.5788155368, "oriBGT": 440101.54798246233, "beraETH": 249755.7314413657, "USD\u20ae0": 680349.2910079804, "weETH": 299392.28453052475, "rswETH": 12142.842474967667, "SBTC": 11.494433640022791, "iBERA": 13014.07308156913, "IR": 144.3497742852562, "savUSD": 4151313.6482202257, "ylstETH": 2.337739360987576, "HENLO": 55.400394587943005, "KDK": 2335.659809351997, "PT-iBGT-25DEC2025": 5.74123339162813, "uniBTC": 51307.98150350267, "SolvBTC.BBN": 114.81996974063138, "wgBERA": 1934.353536614149, "ylpumpBTC": 4.594793490004088, "ylBTCLST": 126.76393976105217, "STONE": 18216.173082853136, "LBTC": 31978.790503255594, "stBTC": 25741782.384404123, "HONEY": 611706.2623322448, "USDa": 2885.448873935935}, "Arbitrum": {"dPT-GLP-26SEP2024": 15113.595364562727, "PENDLE": 489178.75756380294, "JONES": 43.50127527135749, "dGLV [WETH-USDC]": 433156.46272819606, "dPT-ezETH-27JUN2024": 256.8116004228542, "dGM": 8658433.060928851, "dPT-wstETH-27JUN2024": 589.4523376669475, "dARB": 7394.775160417344, "ezETH": 43611.564350491404, "dPT-weETH-26DEC2024": 153.0748721936179, "WBTC": 2659764.0224585175, "RDNT": 668.9898918038934, "dfsGLP": 7.900252655449166, "weETH": 29376.309984155367, "GRAIL": 17223.235801385363, "rsETH": 363.4632219178967, "dPT-weETH-26SEP2024": 81.19852415077315, "XAI": 1320.706735459651, "PREMIA": 2754.8211465055615, "MAGIC": 3175.2921303533326, "wstETH": 209400.32365072763, "dplvGLP": 136.33500999652261, "USDe": 1265.8456819460282, "USDS": 3717.0744897669556, "uniBTC": 156.3277025592605, "tBTC": 503.8916854454632, "dPT-weETH-27JUN2024": 665.2848517880947, "dGMX": 628328.0985666176, "dGLV [WBTC-USDC]": 494610.24752690544, "WETH": 3977666.9253829364, "ARB": 236856.22962111924, "dPT-ezETH-26SEP2024": 3761.2320491259816, "dPT-weETH-25APR2024": 50.64822752788374, "USDC": 3880893.6665619565, "AAVE": 11968.469308653708, "dPT-rETH-26JUN2025": 5.911822414352113, "dPT-rsETH-26SEP2024": 976.5518474376593, "WOETH": 24.97146628364447, "DAI": 32805.6421437696, "sUSDS": 20.16098736074597, "rETH": 40151.569445805224, "LINK": 671960.0237268995, "UNI": 1040771.9245190156, "GMX": 10890.214438310491, "USDT": 225902.78586939911, "MIM": 1406.6474060678736, "dPT-wstETH-26JUN2025": 30.311548883641855, "USDC.e": 119404.69425636185}, "Ethereum": {"rUSD": 5.119431816387696, "DOLO": 110036.74274487987, "WBTC": 2203908.824163344, "LINK": 170.59963003866798, "srUSD": 773108.3424319386, "wstETH": 2155126.9857183653, "stcUSD": 18503.458046033007, "USD1": 157068716.71874812, "sUSDe": 567.2382334396826, "USDC": 116458779.18755026, "WETH": 50494765.395302586, "cbBTC": 31628.631332094843, "cUSD": 25.178368731959797, "weETH": 32627653.16109324, "wsrUSD": 230.37266087996744, "CRV": 19968.520860997854, "mETH": 3464311.659917466, "WLFI": 388873035.10456187, "USDT": 1035283.8034018646}, "Mantle": {"USDC": 768.2927708465653, "USDT": 13699.27342451684, "dPT-mETH-26DEC2024": 309.52246629481795, "USDY": 411.85044455836885, "USDe": 167.3719439485649, "dWMNT": 2.2718200368860098, "WMNT": 9188.971527903359, "dPT-cmETH-13FEB2025": 306.3024933062199, "dPT-USDe-25JUL2024": 11.165079787422387, "FBTC": 1434.493367647839, "WBTC": 838.9654608134188, "mETH": 43450.89118886089, "WETH": 3558.181418340947, "dPT-sMNT-3OCT2024": 19.684338619022856, "cmETH": 6743.503143625543, "dPT-USDe-26DEC2024": 61.900056475485584}, "Polygon zkEVM": {"USDT": 396.5440259908066, "POL": 24.37370165258883, "USDC.E": 1341.9329187198425, "WETH": 4884.822507373056, "MATIC": 412.57096720216725, "DAI": 207.12909092647467, "WBTC": 1.7302770038885988}, "X Layer": {"USDT": 161.46255206648038, "WETH": 516.7014388535599, "USDC": 54.457736906055366,