{"currentChainTvls": {"Berachain": 35886741.87129429, "Berachain-borrowed": 5179366.5481612, "Arbitrum": 16405948.728422537, "Arbitrum-borrowed": 7714607.877762592, "Ethereum": 457778661.5018829, "Ethereum-borrowed": 295654841.5817627, "Mantle": 67917.48033426864, "Mantle-borrowed": 13052.078021301688, "Polygon zkEVM": 7134.630963389269, "Polygon zkEVM-borrowed": 134.4725254795557, "X Layer": 922.6706865045943, "X Layer-borrowed": 179.70915740269163, "borrowed": 308562182.2673906}, "tokensInUsd": [{"tokens": {"WBTC": 5855502.386970672, "rUSD": 31781.840683449554, "DOLO": 528086.660155493, "sWBERA": 321066.39823245705, "OHM": 94932.02533326081, "NECT": 16977.491173681276, "pumpBTC.bera": 1232.7918840818518, "sUSDe": 49943.969389828126, "sUSDa": 2.5650367756000048, "WETH": 54709559.09788152, "rsETH": 371.1964556352289, "SolvBTC": 32364.417430380825, "srUSD": 783514.5910353006, "USDC.e": 4330013.231045673, "diBGT": 198363.75130873037, "USDe": 230335.28399692898, "pol-rUSD": 434.93348250532284, "eBTC": 388.1829359711704, "BYUSD": 83483.13188108699, "WBERA": 1338230.4194250565, "oriBGT": 440101.54798246233, "beraETH": 249755.7314413657, "USD\u20ae0": 680616.7781029012, "weETH": 30306100.862767037, "rswETH": 12142.842474967667, "SBTC": 11.494433640022791, "iBERA": 13013.165656601182, "IR": 146.80026238416812, "savUSD": 4151313.6482202257, "ylstETH": 2.337739360987576, "HENLO": 55.400394587943005, "KDK": 2335.659809351997, "PT-iBGT-25DEC2025": 5.74123339162813, "uniBTC": 51464.30920606193, "SolvBTC.BBN": 114.81996974063138, "wgBERA": 1934.353536614149, "ylpumpBTC": 4.594793490004088, "ylBTCLST": 126.76393976105217, "STONE": 18216.173082853136, "LBTC": 31978.790503255594, "stBTC": 25741782.384404123, "HONEY": 609519.189020627, "USDa": 2885.4477872417006, "dPT-GLP-26SEP2024": 15113.595364562727, "PENDLE": 487176.54014911514, "JONES": 43.50127527135749, "dGLV [WETH-USDC]": 433156.46272819606, "dPT-ezETH-27JUN2024": 256.8116004228542, "dGM": 8697275.836048672, "dPT-wstETH-27JUN2024": 589.4523376669475, "dARB": 7394.775160417344, "ezETH": 44137.051302018874, "dPT-weETH-26DEC2024": 153.0748721936179, "RDNT": 697.2751208450643, "dfsGLP": 7.900252655449166, "GRAIL": 17257.796402250424, "dPT-weETH-26SEP2024": 81.19852415077315, "XAI": 1396.008481060575, "PREMIA": 2754.8211465055615, "MAGIC": 3175.2921303533326, "wstETH": 2364542.3254252854, "dplvGLP": 136.33500999652261, "USDS": 3716.0046550408324, "tBTC": 503.8916854454632, "dPT-weETH-27JUN2024": 665.2848517880947, "dGMX": 611278.6864896992, "dGLV [WBTC-USDC]": 494610.24752690544, "ARB": 231482.22903491955, "dPT-ezETH-26SEP2024": 3761.2320491259816, "dPT-weETH-25APR2024": 50.64822752788374, "USDC": 119212077.14202861, "AAVE": 11968.469308653708, "dPT-rETH-26JUN2025": 5.911822414352113, "dPT-rsETH-26SEP2024": 976.5518474376593, "WOETH": 24.97146628364447, "DAI": 32976.190537998715, "sUSDS": 20.16098736074597, "rETH": 40387.5686270822, "LINK": 660401.2309648627, "UNI": 1041540.8162118214, "GMX": 10594.258461374282, "USDT": 1284632.2344632014, "MIM": 1406.0585509626962, "dPT-wstETH-26JUN2025": 30.311548883641855, "stcUSD": 18503.458046033007, "USD1": 159599038.7076333, "cbBTC": 31628.608798294983, "cUSD": 25.178368731959797, "wsrUSD": 230.37266087996744, "CRV": 19968.520860997854, "mETH": 3507725.588761858, "WLFI": 388873035.10456187, "dPT-mETH-26DEC2024": 309.52246629481795, "USDY": 411.85044455836885, "dWMNT": 2.2718200368860098, "WMNT": 9234.925189192443, "dPT-cmETH-13FEB2025": 306.3024933062199, "dPT-USDe-25JUL2024": 11.165079787422387, "FBTC": 1434.493367647839, "dPT-sMNT-3OCT2024": 19.684338619022856, "cmETH": 6743.503143625543, "dPT-USDe-26DEC2024": 61.900056475485584, "POL": 24.37370165258883, "USDC.E": 1341.9329187198425, "MATIC": 412.57096720216725, "WOKB": 369.75811608119017}}], "chainTokensInUsd": {"Berachain": {"WBTC": 947948.0203291033, "rUSD": 31776.721251633167, "DOLO": 418049.91741061304, "sWBERA": 321066.39823245705, "OHM": 94932.02533326081, "NECT": 16977.491173681276, "pumpBTC.bera": 1232.7918840818518, "sUSDe": 49376.31712960767, "sUSDa": 2.5650367756000048, "WETH": 784721.3561487125, "rsETH": 7.73323371733219, "SolvBTC": 32364.417430380825, "srUSD": 6038.924666328342, "USDC.e": 4210620.417856296, "diBGT": 198363.75130873037, "USDe": 228902.63926714045, "pol-rUSD": 434.93348250532284, "eBTC": 388.1829359711704, "BYUSD": 83483.13188108699, "WBERA": 1338230.4194250565, "oriBGT": 440101.54798246233, "beraETH": 249755.7314413657, "USD\u20ae0": 680616.7781029012, "weETH": 293818.61774590524, "rswETH": 12142.842474967667, "SBTC": 11.494433640022791, "iBERA": 13013.165656601182, "IR": 146.80026238416812, "savUSD": 4151313.6482202257, "ylstETH": 2.337739360987576, "HENLO": 55.400394587943005, "KDK": 2335.659809351997, "PT-iBGT-25DEC2025": 5.74123339162813, "uniBTC": 51307.98150350267, "SolvBTC.BBN": 114.81996974063138, "wgBERA": 1934.353536614149, "ylpumpBTC": 4.594793490004088, "ylBTCLST": 126.76393976105217, "STONE": 18216.173082853136, "LBTC": 31978.790503255594, "stBTC": 25741782.384404123, "HONEY": 609519.189020627, "USDa": 2885.4477872417006}, "Arbitrum": {"dPT-GLP-26SEP2024": 15113.595364562727, "PENDLE": 487176.54014911514, "JONES": 43.50127527135749, "dGLV [WETH-USDC]": 433156.46272819606, "dPT-ezETH-27JUN2024": 256.8116004228542, "dGM": 8697275.836048672, "dPT-wstETH-27JUN2024": 589.4523376669475, "dARB": 7394.775160417344, "ezETH": 44137.051302018874, "dPT-weETH-26DEC2024": 153.0748721936179, "WBTC": 2702804.8467404074, "RDNT": 697.2751208450643, "dfsGLP": 7.900252655449166, "weETH": 29376.309984155367, "GRAIL": 17257.796402250424, "rsETH": 363.4632219178967, "dPT-weETH-26SEP2024": 81.19852415077315, "XAI": 1396.008481060575, "PREMIA": 2754.8211465055615, "MAGIC": 3175.2921303533326, "wstETH": 209415.33970692, "dplvGLP": 136.33500999652261, "USDe": 1265.2727858399867, "USDS": 3716.0046550408324, "uniBTC": 156.3277025592605, "tBTC": 503.8916854454632, "dPT-weETH-27JUN2024": 665.2848517880947, "dGMX": 611278.6864896992, "dGLV [WBTC-USDC]": 494610.24752690544, "WETH": 3974647.344410625, "ARB": 231482.22903491955, "dPT-ezETH-26SEP2024": 3761.2320491259816, "dPT-weETH-25APR2024": 50.64822752788374, "USDC": 3991192.5014532837, "AAVE": 11968.469308653708, "dPT-rETH-26JUN2025": 5.911822414352113, "dPT-rsETH-26SEP2024": 976.5518474376593, "WOETH": 24.97146628364447, "DAI": 32769.06144707224, "sUSDS": 20.16098736074597, "rETH": 40387.5686270822, "LINK": 660230.631334824, "UNI": 1041540.8162118214, "GMX": 10594.258461374282, "USDT": 235115.66294906446, "MIM": 1406.0585509626962, "dPT-wstETH-26JUN2025": 30.311548883641855, "USDC.e": 119392.81318937661}, "Ethereum": {"rUSD": 5.119431816387696, "DOLO": 110036.74274487987, "WBTC": 2203908.824163344, "LINK": 170.59963003866798, "srUSD": 777475.6663689723, "wstETH": 2155126.9857183653, "stcUSD": 18503.458046033007, "USD1": 159599038.7076333, "sUSDe": 567.652260220454, "USDC": 115220062.05487682, "WETH": 49941243.1769053, "cbBTC": 31628.608798294983, "cUSD": 25.178368731959797, "weETH": 29982905.935036976, "wsrUSD": 230.37266087996744, "CRV": 19968.520860997854, "mETH": 3464311.659917466, "WLFI": 388873035.10456187, "USDT": 1035258.7156614617}, "Mantle": {"USDC": 768.1279615993814, "USDT": 13699.849274617942, "dPT-mETH-26DEC2024": 309.52246629481795, "USDY": 411.85044455836885, "USDe": 167.3719439485649, "dWMNT": 2.2718200368860098, "WMNT": 9234.925189192443, "dPT-cmETH-13FEB2025": 306.3024933062199, "dPT-USDe-25JUL2024": 11.165079787422387, "FBTC": 1434.493367647839, "WBTC": 838.9654608134188, "mETH": 43413.92884439219, "WETH": 3545.696470654795, "dPT-sMNT-3OCT2024": 19.684338619022856, "cmETH": 6743.503143625543, "dPT-USDe-26DEC2024": 61.900056475485584}, "Polygon zkEVM": {"USDT": 396.5440259908066, "POL": 24.37370165258883, "USDC.E": 1341.9329187198425, "WETH": 4884.822507373056, "MATIC": 412.57096720216725, "DAI": 207.12909092647467, "WBTC": 1.7302770038885988}, "X Layer": {"USDT": 161.46255206648038, "WETH": 516.7014388535599, "USDC": 54.457736906055366,