{"currentChainTvls": {"Berachain": 36509780.247818924, "Berachain-borrowed": 5690657.440156556, "Arbitrum": 23816926.514810547, "Arbitrum-borrowed": 8608285.034341535, "Ethereum": 566027394.7864313, "Ethereum-borrowed": 300474015.93927807, "Mantle": 80096.55079123183, "Mantle-borrowed": 13162.994273391343, "Polygon zkEVM": 7134.630963389269, "Polygon zkEVM-borrowed": 134.4725254795557, "X Layer": 922.6706865045943, "X Layer-borrowed": 179.70915740269163, "borrowed": 314786435.5897324}, "tokensInUsd": [{"tokens": {"WBTC": 8793019.133376278, "rUSD": 32463.529827033493, "DOLO": 547292.0760496025, "sWBERA": 329208.37002900225, "OHM": 96611.09890429142, "NECT": 16983.829974228793, "pumpBTC.bera": 1937.1623030950357, "sUSDe": 51339.388135719244, "sUSDa": 2.5650367756000048, "WETH": 58278997.14956288, "rsETH": 330.53992951525424, "SolvBTC": 31238.83309731074, "srUSD": 1048985.967825801, "USDC.e": 4468240.881019914, "diBGT": 196154.81830419667, "USDe": 32880.83300501914, "pol-rUSD": 434.93348250532284, "eBTC": 388.1829359711704, "BYUSD": 173549.69452907995, "WBERA": 1407882.12506081, "oriBGT": 442764.7016465183, "beraETH": 238055.37613030992, "USD\u20ae0": 949756.672374847, "weETH": 17207737.883202214, "rswETH": 12142.842474967667, "SBTC": 11.494433640022791, "iBERA": 13705.007528352171, "IR": 97.71665725615271, "savUSD": 4949745.2797864955, "ylstETH": 2.337739360987576, "HENLO": 112.62532919316604, "KDK": 2335.659809351997, "PT-iBGT-25DEC2025": 5.334054029325135, "uniBTC": 47791.94252639805, "SolvBTC.BBN": 114.81996974063138, "wgBERA": 3092.741877160705, "ylpumpBTC": 4.594793490004088, "ylBTCLST": 126.76393976105217, "STONE": 15086.672426046065, "LBTC": 29007.31465676618, "stBTC": 25741782.384404123, "HONEY": 458826.6538605252, "USDa": 2961.825059061027, "dPT-GLP-26SEP2024": 15113.595364562727, "PENDLE": 423308.0303398439, "JONES": 82.02996908627667, "dGLV [WETH-USDC]": 567437.4858227997, "dPT-ezETH-27JUN2024": 256.8116004228542, "dGM": 9603853.565257393, "dPT-wstETH-27JUN2024": 589.4523376669475, "dARB": 5632.791592093791, "ezETH": 37060.428037078535, "dPT-weETH-26DEC2024": 153.0748721936179, "RDNT": 850.7304775853954, "dfsGLP": 7.900252655449166, "GRAIL": 19980.79754461983, "dPT-weETH-26SEP2024": 81.19852415077315, "XAI": 1280.5270150713625, "PREMIA": 2754.8211465055615, "MAGIC": 2556.955651699387, "wstETH": 212733.5302386372, "dplvGLP": 136.33500999652261, "USDS": 3713.435894962473, "DPX": 6.551456991563027, "tBTC": 445.93123541708167, "dPT-weETH-27JUN2024": 665.2848517880947, "dGMX": 646740.3505506106, "dGLV [WBTC-USDC]": 449861.81156075426, "ARB": 187496.0213881724, "dPT-ezETH-26SEP2024": 3761.2320491259816, "dPT-weETH-25APR2024": 50.64822752788374, "USDC": 127677945.71680605, "AAVE": 10944.248616544783, "dPT-rETH-26JUN2025": 5.911822414352113, "dPT-rsETH-26SEP2024": 924.3708046835206, "WOETH": 24.97146628364447, "DAI": 44515.597359802705, "sUSDS": 20.16098736074597, "rETH": 43758.94978422703, "LINK": 749196.1970966206, "UNI": 1037306.1615097984, "GMX": 32355.65770330966, "USDT": 926417.8934170359, "MIM": 1406.686490411037, "dPT-wstETH-26JUN2025": 30.311548883641855, "stcUSD": 19908.139970685585, "USD1": 174204451.8986405, "cbBTC": 31378.20624862069, "cUSD": 25.17704698776133, "wsrUSD": 66695.01817373118, "CRV": 21399.712633912775, "mETH": 3518936.8535489407, "WLFI": 495009695.7783703, "dPT-mETH-26DEC2024": 309.52246629481795, "USDY": 411.84297572116003, "dWMNT": 2.2718200368860098, "WMNT": 10736.344126651305, "dPT-cmETH-13FEB2025": 306.3024933062199, "dPT-USDe-25JUL2024": 11.165079787422387, "FBTC": 1646.1963952750352, "dPT-sMNT-3OCT2024": 19.684338619022856, "cmETH": 5872.420393130634, "dPT-USDe-26DEC2024": 61.900056475485584, "POL": 24.37370165258883, "USDC.E": 1341.9329187198425, "MATIC": 412.57096720216725, "WOKB": 369.75811608119017}}], "supplyLiquidity": 941228690.9912344, "totalTvl": 626442255.401502, "totalBorrowed": 314786435.5897324, "last_updated": "2026-04-08T10:33:43Z"}