{"currentChainTvls": {"Berachain": 36127574.41117575, "Berachain-borrowed": 4938275.657192943, "Arbitrum": 19693844.927822936, "Arbitrum-borrowed": 8093611.628949255, "Ethereum": 507286874.0874511, "Ethereum-borrowed": 300536753.8133035, "Mantle": 82125.22760853995, "Mantle-borrowed": 13282.149383840071, "Polygon zkEVM": 7134.630963389269, "Polygon zkEVM-borrowed": 134.4725254795557, "X Layer": 922.6706865045943, "X Layer-borrowed": 179.70915740269163, "borrowed": 313582237.43051237}, "tokensInUsd": [{"tokens": {"WBTC": 7706493.956705221, "rUSD": 31961.826223962, "DOLO": 529550.1759956774, "sWBERA": 329570.3527149117, "OHM": 96392.82594162546, "NECT": 16983.86875984449, "pumpBTC.bera": 1937.1623030950357, "sUSDe": 49963.47424881496, "sUSDa": 2.5650367756000048, "WETH": 60807464.286787376, "rsETH": 330.53992951525424, "SolvBTC": 32348.08519235387, "srUSD": 832762.1026831494, "USDC.e": 4450440.648760331, "diBGT": 188373.08797404257, "USDe": 32730.45018430816, "pol-rUSD": 434.93348250532284, "eBTC": 388.1829359711704, "BYUSD": 93849.29271819806, "WBERA": 1395242.6268480287, "oriBGT": 465666.68060249055, "beraETH": 233593.26007041166, "USD\u20ae0": 681623.0842101555, "weETH": 17290485.865061797, "rswETH": 12142.842474967667, "SBTC": 11.494433640022791, "iBERA": 13405.81996355435, "IR": 110.38219662671544, "savUSD": 4200017.654640707, "ylstETH": 2.337739360987576, "HENLO": 112.62532919316604, "KDK": 2335.659809351997, "PT-iBGT-25DEC2025": 5.74123339162813, "uniBTC": 47804.9675562035, "SolvBTC.BBN": 114.81996974063138, "wgBERA": 1934.353536614149, "ylpumpBTC": 4.594793490004088, "ylBTCLST": 126.76393976105217, "STONE": 17463.59335540562, "LBTC": 29858.90051945301, "stBTC": 25741782.384404123, "HONEY": 447542.0123815926, "USDa": 2885.4355649692857, "dPT-GLP-26SEP2024": 15113.595364562727, "PENDLE": 441437.82096437336, "JONES": 43.50127527135749, "dGLV [WETH-USDC]": 413088.8786325777, "dPT-ezETH-27JUN2024": 256.8116004228542, "dGM": 9062009.283008145, "dPT-wstETH-27JUN2024": 589.4523376669475, "dARB": 7394.775160417344, "ezETH": 33740.50904492553, "dPT-weETH-26DEC2024": 153.0748721936179, "RDNT": 731.2371277832129, "dfsGLP": 7.900252655449166, "GRAIL": 15139.376740218966, "dPT-weETH-26SEP2024": 81.19852415077315, "XAI": 1213.6458071859704, "PREMIA": 2754.8211465055615, "MAGIC": 2629.859240873497, "wstETH": 5017840.731341279, "dplvGLP": 136.33500999652261, "USDS": 3714.899254085651, "DPX": 6.551456991563027, "tBTC": 462.3187626348149, "dPT-weETH-27JUN2024": 665.2848517880947, "dGMX": 646480.9907509793, "dGLV [WBTC-USDC]": 327204.8631539901, "ARB": 212389.85121584154, "dPT-ezETH-26SEP2024": 3761.2320491259816, "dPT-weETH-25APR2024": 50.64822752788374, "USDC": 131529136.6023535, "AAVE": 12325.393256460482, "dPT-rETH-26JUN2025": 5.911822414352113, "dPT-rsETH-26SEP2024": 976.5518474376593, "WOETH": 24.97146628364447, "DAI": 33671.41251775191, "sUSDS": 20.16098736074597, "rETH": 39099.407885075634, "LINK": 712423.3536884408, "UNI": 1012657.0674377803, "GMX": 10499.964032125396, "USDT": 494170.8907622383, "MIM": 1405.706769496332, "dPT-wstETH-26JUN2025": 30.311548883641855, "stcUSD": 19910.53279045335, "USD1": 195773657.49495956, "cbBTC": 30779.902573915944, "cUSD": 25.178368731959797, "wsrUSD": 230.37266087996744, "CRV": 19968.520860997854, "mETH": 3520952.019584926, "WLFI": 401551746.73295915, "dPT-mETH-26DEC2024": 309.52246629481795, "USDY": 411.85044455836885, "dWMNT": 2.2718200368860098, "WMNT": 10036.320491494456, "dPT-cmETH-13FEB2025": 306.3024933062199, "dPT-USDe-25JUL2024": 11.165079787422387, "FBTC": 1646.1963952750352, "dPT-sMNT-3OCT2024": 19.684338619022856, "cmETH": 6689.909410327725, "dPT-USDe-26DEC2024": 61.900056475485584, "POL": 24.37370165258883, "USDC.E": 1341.9329187198425, "MATIC": 412.57096720216725, "WOKB": 369.75811608119017}}], "chainTokensInUsd": {"Berachain": {"WBTC": 991863.0030043428, "rUSD": 31956.706792145615, "DOLO": 399682.2342323939, "sWBERA": 329570.3527149117, "OHM": 96392.82594162546, "NECT": 16983.86875984449, "pumpBTC.bera": 1937.1623030950357, "sUSDe": 49395.8219885945, "sUSDa": 2.5650367756000048, "WETH": 866458.2054699259, "rsETH": 7.73323371733219, "SolvBTC": 32348.08519235387, "srUSD": 6032.680525010295, "USDC.e": 4328369.608270227, "diBGT": 188373.08797404257, "USDe": 30419.49851627807, "pol-rUSD": 434.93348250532284, "eBTC": 388.1829359711704, "BYUSD": 93849.29271819806, "WBERA": 1395242.6268480287, "oriBGT": 465666.68060249055, "beraETH": 233593.26007041166, "USD\u20ae0": 681623.0842101555, "weETH": 307745.459194338, "rswETH": 12142.842474967667, "SBTC": 11.494433640022791, "iBERA": 13405.81996355435, "IR": 110.38219662671544, "savUSD": 4200017.654640707, "ylstETH": 2.337739360987576, "HENLO": 112.62532919316604, "KDK": 2335.659809351997, "PT-iBGT-25DEC2025": 5.74123339162813, "uniBTC": 47655.69206536822, "SolvBTC.BBN": 114.81996974063138, "wgBERA": 1934.353536614149, "ylpumpBTC": 4.594793490004088, "ylBTCLST": 126.76393976105217, "STONE": 17463.59335540562, "LBTC": 29858.90051945301, "stBTC": 25741782.384404123, "HONEY": 447542.0123815926, "USDa": 2885.4355649692857}, "Arbitrum": {"dPT-GLP-26SEP2024": 15113.595364562727, "PENDLE": 441437.82096437336, "JONES": 43.50127527135749, "dGLV [WETH-USDC]": 413088.8786325777, "dPT-ezETH-27JUN2024": 256.8116004228542, "dGM": 9062009.283008145, "dPT-wstETH-27JUN2024": 589.4523376669475, "dARB": 7394.775160417344, "ezETH": 33740.50904492553, "dPT-weETH-26DEC2024": 153.0748721936179, "WBTC": 4320090.377035607, "RDNT": 731.2371277832129, "dfsGLP": 7.900252655449166, "weETH": 30164.185761796034, "GRAIL": 15139.376740218966, "rsETH": 322.80669579792203, "dPT-weETH-26SEP2024": 81.19852415077315, "XAI": 1213.6458071859704, "PREMIA": 2754.8211465055615, "MAGIC": 2629.859240873497, "wstETH": 214461.9455072934, "dplvGLP": 136.33500999652261, "USDe": 2143.7153299503557, "USDS": 3714.899254085651, "uniBTC": 149.27549083528163, "DPX": 6.551456991563027, "tBTC": 462.3187626348149, "dPT-weETH-27JUN2024": 665.2848517880947, "dGMX": 646480.9907509793, "dGLV [WBTC-USDC]": 327204.8631539901, "WETH": 5848304.05615628, "ARB": 212389.85121584154, "dPT-ezETH-26SEP2024": 3761.2320491259816, "dPT-weETH-25APR2024": 50.64822752788374, "USDC": 4012528.507945598, "AAVE": 12325.393256460482, "dPT-rETH-26JUN2025": 5.911822414352113, "dPT-rsETH-26SEP2024": 976.5518474376593, "WOETH": 24.97146628364447, "DAI": 33464.28342682544, "sUSDS": 20.16098736074597, "rETH": 39099.407885075634, "LINK": 703184.5524935116, "UNI": 1012657.0674377803, "GMX": 10499.964032125396, "USDT": 232267.647552379, "MIM": 1405.706769496332, "dPT-wstETH-26JUN2025": 30.311548883641855, "USDC.e": 122071.04049010397}, "Ethereum": {"rUSD": 5.119431816387696, "DOLO": 129867.94176328341, "WBTC": 2393699.880927454, "LINK": 9238.801194929114, "srUSD": 826729.4221581391, "wstETH": 4803378.785833986, "stcUSD": 19910.53279045335, "USD1": 195773657.49495956, "sUSDe": 567.652260220454, "USDC": 127515785.85011871, "WETH": 54083483.92595545, "cbBTC": 30779.902573915944, "cUSD": 25.178368731959797, "weETH": 16952576.220105663, "wsrUSD": 230.37266087996744, "CRV": 19968.520860997854, "mETH": 3464311.659917466, "WLFI": 401551746.73295915, "USDT": 247663.90591372116}, "Mantle": {"USDC": 767.7865522778284, "USDT": 13681.330718080886, "dPT-mETH-26DEC2024": 309.52246629481795, "USDY": 411.85044455836885, "USDe": 167.23633807973755, "dWMNT": 2.2718200368860098, "WMNT": 10036.320491494456, "dPT-cmETH-13FEB2025": 306.3024933062199, "dPT-USDe-25JUL2024": 11.165079787422387, "FBTC": 1646.1963952750352, "WBTC": 838.9654608134188, "mETH": 56640.35966746004, "WETH": 3816.575259492688, "dPT-sMNT-3OCT2024": 19.684338619022856, "cmETH": 6689.909410327725, "dPT-USDe-26DEC2024": 61.900056475485584}, "Polygon zkEVM": {"USDT": 396.5440259908066, "POL": 24.37370165258883, "USDC.E": 1341.9329187198425, "WETH": 4884.822507373056, "MATIC": 412.57096720216725, "DAI": 207.12909092647467, "WBTC": 1.7302770038885988}, "X Layer": {"USDT": 161.46255206648038,