{"currentChainTvls": {"Berachain": 35588952.32993989, "Berachain-borrowed": 4920539.319815165, "Arbitrum": 20231128.256077163, "Arbitrum-borrowed": 9585724.647339225, "Ethereum": 470598556.2640897, "Ethereum-borrowed": 299465272.7537042, "Botanix": 141570.19933028572, "Botanix-borrowed": 53469.532381567464, "Mantle": 68991.3732945301, "Mantle-borrowed": 12910.792085514036, "Polygon zkEVM": 7134.630963389269, "Polygon zkEVM-borrowed": 134.4725254795557, "X Layer": 922.6706865045943, "X Layer-borrowed": 179.70915740269163, "borrowed": 314038231.2270086}, "tokensInUsd": [{"tokens": {"WBTC": 6416159.494286343, "rUSD": 31840.93966365837, "DOLO": 528332.8758892157, "sWBERA": 319926.96447510406, "OHM": 18098.874653545976, "NECT": 16977.24280007201, "pumpBTC.bera": 1232.7918840818518, "sUSDe": 97082.55292943245, "sUSDa": 2.5650367756000048, "WETH": 57138654.136549845, "rsETH": 366.01062601788595, "SolvBTC": 33955.344103850366, "srUSD": 766598.6102843254, "USDC.e": 4391127.191348599, "diBGT": 167909.63265949977, "USDe": 30033.42993221491, "pol-rUSD": 434.93348250532284, "eBTC": 388.1829359711704, "BYUSD": 80280.6850431719, "WBERA": 1274324.921403558, "oriBGT": 452319.7105065927, "beraETH": 247991.2712075249, "USD\u20ae0": 614096.6737665582, "weETH": 33100697.551282324, "rswETH": 12142.842474967667, "SBTC": 11.494433640022791, "iBERA": 12861.03552841368, "IR": 112.29056132803387, "savUSD": 4151313.6482202257, "ylstETH": 2.337739360987576, "HENLO": 55.400394587943005, "KDK": 2335.659809351997, "PT-iBGT-25DEC2025": 5.74123339162813, "uniBTC": 52036.88161832911, "SolvBTC.BBN": 114.81996974063138, "wgBERA": 1934.353536614149, "ylpumpBTC": 4.594793490004088, "ylBTCLST": 126.76393976105217, "STONE": 18216.173082853136, "LBTC": 32142.837287731254, "stBTC": 25861943.29475381, "HONEY": 379073.70987516246, "USDa": 2885.4560749526945, "dPT-GLP-26SEP2024": 15113.595364562727, "PENDLE": 503696.7483721665, "JONES": 44.00771258680652, "dGLV [WETH-USDC]": 440023.649114659, "dPT-ezETH-27JUN2024": 256.8116004228542, "dGM": 8471200.762069032, "dPT-wstETH-27JUN2024": 589.4523376669475, "dARB": 7394.775160417344, "ezETH": 40139.65751987984, "dPT-weETH-26DEC2024": 153.0748721936179, "RDNT": 637.6958680000718, "dfsGLP": 7.900252655449166, "GRAIL": 19191.81914164878, "dPT-weETH-26SEP2024": 81.19852415077315, "XAI": 1320.0131505334718, "PREMIA": 2754.8211465055615, "MAGIC": 3231.033790553978, "wstETH": 4357751.488699121, "dplvGLP": 136.33500999652261, "USDS": 3702.1606707126803, "tBTC": 1388.019438624487, "dPT-weETH-27JUN2024": 665.2848517880947, "dGMX": 719436.8477674226, "dGLV [WBTC-USDC]": 510459.7005683963, "ARB": 237987.03724125816, "dPT-ezETH-26SEP2024": 3761.2320491259816, "dPT-weETH-25APR2024": 50.64822752788374, "USDC": 123942568.82049231, "AAVE": 12782.302610857572, "dPT-rETH-26JUN2025": 5.911822414352113, "dPT-rsETH-26SEP2024": 976.5518474376593, "WOETH": 24.97146628364447, "DAI": 33073.453217513605, "sUSDS": 30.429191586671323, "rETH": 40559.37196174919, "LINK": 679879.3036015201, "UNI": 1034233.9847781846, "GMX": 12743.270885674208, "USDT": 365785.6147186504, "MIM": 1404.0657076963637, "dPT-wstETH-26JUN2025": 30.311548883641855, "stcUSD": 18503.458046033007, "USD1": 180997193.54857397, "cbBTC": 30328.566720294017, "cUSD": 25.178368731959797, "wsrUSD": 230.37266087996744, "CRV": 19968.520860997854, "mETH": 3607808.2840324445, "WLFI": 378247054.22497505, "pBTC": 12042.503401831616, "oUSDT": 17.268456841796652, "dPT-mETH-26DEC2024": 309.52246629481795, "USDY": 411.953455008837, "dWMNT": 2.2718200368860098, "WMNT": 9934.770381317623, "dPT-cmETH-13FEB2025": 306.3024933062199, "dPT-USDe-25JUL2024": 11.165079787422387, "FBTC": 1406.6279212633817, "dPT-sMNT-3OCT2024": 19.684338619022856, "cmETH": 6276.135126309989, "dPT-USDe-26DEC2024": 61.900056475485584, "POL": 24.37370165258883, "USDC.E": 1341.9329187198425, "MATIC": 412.57096720216725, "WOKB": 369.75811608119017}}], "chainTokensInUsd": {"Berachain": {"WBTC": 988772.3449687616, "rUSD": 31835.820231841983, "DOLO": 420406.91613952274, "sWBERA": 319926.96447510406, "OHM": 18098.874653545976, "NECT": 16977.24280007201, "pumpBTC.bera": 1232.7918840818518, "sUSDe": 48202.055377735946, "sUSDa": 2.5650367756000048, "WETH": 842134.1036456306, "rsETH": 7.73323371733219, "SolvBTC": 33955.344103850366, "srUSD": 6058.706952254945, "USDC.e": 4207371.050670685, "diBGT": 167909.63265949977, "USDe": 28731.638488939236, "pol-rUSD": 434.93348250532284, "eBTC": 388.1829359711704, "BYUSD": 80280.6850431719, "WBERA": 1274324.921403558, "oriBGT": 452319.7105065927, "beraETH": 247991.2712075249, "USD\u20ae0": 614096.6737665582, "weETH": 301031.321973991, "rswETH": 12142.842474967667, "SBTC": 11.494433640022791, "iBERA": 12861.03552841368, "IR": 112.29056132803387, "savUSD": 4151313.6482202257, "ylstETH": 2.337739360987576, "HENLO": 55.400394587943005, "KDK": 2335.659809351997, "PT-iBGT-25DEC2025": 5.74123339162813, "uniBTC": 51878.62075346951, "SolvBTC.BBN": 114.81996974063138, "wgBERA": 1934.353536614149, "ylpumpBTC": 4.594793490004088, "ylBTCLST": 126.76393976105217, "STONE": 18216.173082853136, "LBTC": 32142.837287731254, "stBTC": 25741782.384404123, "HONEY": 379073.70987516246, "USDa": 2885.4560749526945}, "Arbitrum": {"dPT-GLP-26SEP2024": 15113.595364562727, "PENDLE": 503696.7483721665, "JONES": 44.00771258680652, "dGLV [WETH-USDC]": 440023.649114659, "dPT-ezETH-27JUN2024": 256.8116004228542, "dGM": 8471200.762069032, "dPT-wstETH-27JUN2024": 589.4523376669475, "dARB": 7394.775160417344, "ezETH": 40139.65751987984, "dPT-weETH-26DEC2024": 153.0748721936179, "WBTC": 4522438.645474097, "RDNT": 637.6958680000718, "dfsGLP": 7.900252655449166, "weETH": 2364287.9206593707, "GRAIL": 19191.81914164878, "rsETH": 358.27739230055374, "dPT-weETH-26SEP2024": 81.19852415077315, "XAI": 1320.0131505334718, "PREMIA": 2754.8211465055615, "MAGIC": 3231.033790553978, "wstETH": 213455.7299318334, "dplvGLP": 136.33500999652261, "USDe": 1266.7292258195225, "USDS": 3702.1606707126803, "uniBTC": 158.26086485960292, "tBTC": 1388.019438624487, "dPT-weETH-27JUN2024": 665.2848517880947, "dGMX": 719436.8477674226, "dGLV [WBTC-USDC]": 510459.7005683963, "WETH": 5633236.599495048, "ARB": 237987.03724125816, "dPT-ezETH-26SEP2024": 3761.2320491259816, "dPT-weETH-25APR2024": 50.64822752788374, "USDC": 3944845.183302129, "AAVE": 12782.302610857572, "dPT-rETH-26JUN2025": 5.911822414352113, "dPT-rsETH-26SEP2024": 976.5518474376593, "WOETH": 24.97146628364447, "DAI": 32866.32412658713, "sUSDS": 30.429191586671323, "rETH": 40559.37196174919, "LINK": 679706.4054201907, "UNI": 1034233.9847781846, "GMX": 12743.270885674208, "USDT": 217074.18014497805, "MIM": 1404.0657076963637, "dPT-wstETH-26JUN2025": 30.311548883641855, "USDC.e": 120943.19373591572}, "Ethereum": {"rUSD": 5.119431816387696, "DOLO": 107925.95974969301, "WBTC": 904107.8081056683, "LINK": 172.89818132952303, "srUSD": 760539.9033320704, "wstETH": 4144295.758767288, "stcUSD": 18503.458046033007, "USD1": 180997193.54857397, "sUSDe": 48880.497551696506, "USDC": 119996900.89414713, "WETH": 50654258.54525329, "cbBTC": 30328.566720294017, "cUSD": 25.178368731959797, "weETH": 30435378.308648963, "wsrUSD": 230.37266087996744, "CRV": 19968.520860997854, "mETH": 3563629.70548496, "WLFI": 378247054.22497505, "USDT": 134429.74893403883}, "Botanix": {"pBTC": 12042.503401831616, "oUSDT": 17.268456841796652, "USDC.e": 62812.94694199817, "WETH": 6.1025614950012566, "stBTC": 120160.9103496866}, "Mantle": {"USDC": 768.2853061370416, "USDT": 13723.67906157618, "dPT-mETH-26DEC2024": 309.52246629481795, "USDY": 411.953455008837, "USDe": 35.062217456149604, "dWMNT": 2.2718200368860098, "WMNT": 9934.770381317623, "dPT-cmETH-13FEB2025": 306.3024933062199, "dPT-USDe-25JUL2024": 11.165079787422387, "FBTC": 1406.6279212633817, "WBTC": 838.9654608134188, "mETH": 44178.57854748403, "WETH": 3617.2616481576424, "dPT-sMNT-3OCT2024": 19.684338619022856, "cmETH": 6276.135126309989, "dPT-USDe-26DEC2024": 61.900056475485584},