{"currentChainTvls": {"Berachain": 34648944.66712689, "Berachain-borrowed": 4121654.4212465286, "Arbitrum": 22307243.705634285, "Arbitrum-borrowed": 8523379.90433684, "Ethereum": 462593550.9710361, "Ethereum-borrowed": 280726011.1519482, "Botanix": 146257.68774907294, "Botanix-borrowed": 53618.347429935, "Mantle": 69032.95875727484, "Mantle-borrowed": 12604.85862609588, "Polygon zkEVM": 7134.630963389269, "Polygon zkEVM-borrowed": 134.4725254795557, "X Layer": 922.6706865045943, "X Layer-borrowed": 179.70915740269163, "borrowed": 293437582.86527044}, "tokensInUsd": [{"tokens": {"WBTC": 6911221.7708105305, "rUSD": 29274.02142875772, "DOLO": 530408.3113131429, "sWBERA": 310775.88794423436, "OHM": 19927.384548586146, "NECT": 16979.22100306554, "pumpBTC.bera": 1232.7918840818518, "sUSDe": 97182.53738600278, "sUSDa": 2.5650367756000048, "WETH": 57627634.04757024, "rsETH": 374.1540195924623, "SolvBTC": 35450.01764525851, "srUSD": 748236.6386661088, "USDC.e": 3872823.5382174724, "diBGT": 175114.42985481743, "USDe": 30070.430510558042, "pol-rUSD": 434.93348250532284, "eBTC": 388.1829359711704, "BYUSD": 83296.02357778484, "WBERA": 1206623.597317383, "oriBGT": 462480.6889235394, "beraETH": 249520.06803233197, "USD\u20ae0": 615289.6805906383, "weETH": 29315418.956154164, "rswETH": 12142.842474967667, "SBTC": 11.494433640022791, "iBERA": 12507.813786319006, "IR": 107.21034758910943, "savUSD": 3282390.111558113, "ylstETH": 2.337739360987576, "HENLO": 55.400394587943005, "KDK": 2335.659809351997, "PT-iBGT-25DEC2025": 5.74123339162813, "uniBTC": 53618.693759745154, "SolvBTC.BBN": 114.81996974063138, "wgBERA": 1934.353536614149, "ylpumpBTC": 4.594793490004088, "ylBTCLST": 126.76393976105217, "STONE": 17894.804158573716, "LBTC": 32142.837287731254, "stBTC": 25866654.248690084, "HONEY": 302713.7713477769, "USDa": 2885.4823346095372, "dPT-GLP-26SEP2024": 15113.595364562727, "PENDLE": 698245.4669892659, "JONES": 44.00771258680652, "dGLV [WETH-USDC]": 435446.3995106013, "dPT-ezETH-27JUN2024": 256.8116004228542, "dGM": 8594522.119731417, "dPT-wstETH-27JUN2024": 589.4523376669475, "dARB": 6501.771211626431, "ezETH": 38408.831462509326, "dPT-weETH-26DEC2024": 153.0748721936179, "RDNT": 1551.5806584438656, "dfsGLP": 7.900252655449166, "GRAIL": 18055.982769250368, "dPT-weETH-26SEP2024": 81.19852415077315, "XAI": 1445.9874244809214, "PREMIA": 2754.8211465055615, "MAGIC": 3060.2498405867527, "wstETH": 213993.01317164593, "dplvGLP": 136.33500999652261, "USDS": 3705.038528222248, "tBTC": 502.44306112350944, "dPT-weETH-27JUN2024": 665.2848517880947, "dGMX": 694616.5550530958, "dGLV [WBTC-USDC]": 607766.1217347527, "ARB": 234725.5987909616, "dPT-ezETH-26SEP2024": 3761.2320491259816, "dPT-weETH-25APR2024": 50.64822752788374, "USDC": 132888921.70592949, "AAVE": 11459.3739171051, "dPT-rETH-26JUN2025": 5.911822414352113, "dPT-rsETH-26SEP2024": 976.5518474376593, "WOETH": 24.97146628364447, "DAI": 32753.781511392815, "sUSDS": 30.437700610678704, "rETH": 41382.71560765881, "LINK": 670352.5218252855, "UNI": 1098912.3934903203, "GMX": 162596.23707920068, "USDT": 375997.51624672447, "MIM": 1405.7181837527069, "dPT-wstETH-26JUN2025": 30.311548883641855, "stcUSD": 14492.925073452903, "USD1": 191999045.63002062, "cbBTC": 30587.68284261275, "cUSD": 25.178368731959797, "wsrUSD": 230.37266087996744, "CRV": 19968.520860997854, "mETH": 3608179.4856845695, "WLFI": 338717116.6708864, "pBTC": 12039.615499748495, "oUSDT": 17.15248969398468, "dPT-mETH-26DEC2024": 309.52246629481795, "USDY": 411.953455008837, "dWMNT": 2.2718200368860098, "WMNT": 10095.029331121994, "dPT-cmETH-13FEB2025": 306.3024933062199, "dPT-USDe-25JUL2024": 11.165079787422387, "FBTC": 1406.6279212633817, "dPT-sMNT-3OCT2024": 19.684338619022856, "cmETH": 5373.299658062176, "dPT-USDe-26DEC2024": 61.900056475485584, "POL": 24.37370165258883, "USDC.E": 1341.9329187198425, "MATIC": 412.57096720216725, "WOKB": 369.75811608119017}}], "chainTokensInUsd": {"Berachain": {"WBTC": 776006.5314875057, "rUSD": 29268.90199694133, "DOLO": 433660.26820034033, "sWBERA": 310775.88794423436, "OHM": 19927.384548586146, "NECT": 16979.22100306554, "pumpBTC.bera": 1232.7918840818518, "sUSDe": 48237.61322171314, "sUSDa": 2.5650367756000048, "WETH": 820966.2287034182, "rsETH": 8.10916864373367, "SolvBTC": 35450.01764525851, "srUSD": 6061.816418200125, "USDC.e": 3690229.404064032, "diBGT": 175114.42985481743, "USDe": 28765.354243373968, "pol-rUSD": 434.93348250532284, "eBTC": 388.1829359711704, "BYUSD": 83296.02357778484, "WBERA": 1206623.597317383, "oriBGT": 462480.6889235394, "beraETH": 249520.06803233197, "USD\u20ae0": 615289.6805906383, "weETH": 297265.64061601734, "rswETH": 12142.842474967667, "SBTC": 11.494433640022791, "iBERA": 12507.813786319006, "IR": 107.21034758910943, "savUSD": 3282390.111558113, "ylstETH": 2.337739360987576, "HENLO": 55.400394587943005, "KDK": 2335.659809351997, "PT-iBGT-25DEC2025": 5.74123339162813, "uniBTC": 53455.32392651944, "SolvBTC.BBN": 114.81996974063138, "wgBERA": 1934.353536614149, "ylpumpBTC": 4.594793490004088, "ylBTCLST": 126.76393976105217, "STONE": 17894.804158573716, "LBTC": 32142.837287731254, "stBTC": 25741782.384404123, "HONEY": 302713.7713477769, "USDa": 2885.4823346095372}, "Arbitrum": {"dPT-GLP-26SEP2024": 15113.595364562727, "PENDLE": 698245.4669892659, "JONES": 44.00771258680652, "dGLV [WETH-USDC]": 435446.3995106013, "dPT-ezETH-27JUN2024": 256.8116004228542, "dGM": 8594522.119731417, "dPT-wstETH-27JUN2024": 589.4523376669475, "dARB": 6501.771211626431, "ezETH": 38408.831462509326, "dPT-weETH-26DEC2024": 153.0748721936179, "WBTC": 5215302.130758024, "RDNT": 1551.5806584438656, "dfsGLP": 7.900252655449166, "weETH": 1388500.2669300332, "GRAIL": 18055.982769250368, "rsETH": 366.04485094872865, "dPT-weETH-26SEP2024": 81.19852415077315, "XAI": 1445.9874244809214, "PREMIA": 2754.8211465055615, "MAGIC": 3060.2498405867527, "wstETH": 213993.01317164593, "dplvGLP": 136.33500999652261, "USDe": 1268.2953571522485, "USDS": 3705.038528222248, "uniBTC": 163.36983322571064, "tBTC": 502.44306112350944, "dPT-weETH-27JUN2024": 665.2848517880947, "dGMX": 694616.5550530958, "dGLV [WBTC-USDC]": 607766.1217347527, "WETH": 5911169.993288329, "ARB": 234725.5987909616, "dPT-ezETH-26SEP2024": 3761.2320491259816, "dPT-weETH-25APR2024": 50.64822752788374, "USDC": 4344726.753783112, "AAVE": 11459.3739171051, "dPT-rETH-26JUN2025": 5.911822414352113, "dPT-rsETH-26SEP2024": 976.5518474376593, "WOETH": 24.97146628364447, "DAI": 32546.65242046634, "sUSDS": 30.437700610678704, "rETH": 41382.71560765881, "LINK": 670278.661448124, "UNI": 1098912.3934903203, "GMX": 162596.23707920068, "USDT": 253662.46293953707, "MIM": 1405.7181837527069, "dPT-wstETH-26JUN2025": 30.311548883641855, "USDC.e": 119652.83381133038}, "Ethereum": {"rUSD": 5.119431816387696, "DOLO": 96748.04311280255, "WBTC": 919072.4128271835, "LINK": 73.8603771615498, "srUSD": 742174.8222479087, "stcUSD": 14492.925073452903, "USD1": 191999045.63002062, "sUSDe": 48944.924164289645, "USDC": 128543372.01417492, "WETH": 50886381.945743114, "cbBTC": 30587.68284261275, "cUSD": 25.178368731959797, "weETH": 27629653.048608113, "wsrUSD": 230.37266087996744, "CRV": 19968.520860997854, "mETH": 3563629.70548496, "WLFI": 338717116.6708864, "USDT": 108039.24609840605}, "Botanix": {"pBTC": 12039.615499748495, "oUSDT": 17.15248969398468, "USDC.e": 62941.300342110364, "WETH": 6.1025614950012566, "stBTC": 124871.8642859601}, "Mantle": {"USDC": 768.4802345522354, "USDT": 13737.80063072408, "dPT-mETH-26DEC2024": 309.52246629481795, "USDY": 411.953455008837, "USDe": 36.78091003182738, "dWMNT": 2.2718200368860098, "WMNT": 10095.029331121994, "dPT-cmETH-13FEB2025": 306.3024933062199, "dPT-USDe-25JUL2024": 11.165079787422387, "FBTC": 1406.6279212633817, "WBTC": 838.9654608134188, "mETH": 44549.78019960916, "WETH": 3708.2533276637782, "dPT-sMNT-3OCT2024": 19.684338619022856, "cmETH": 5373.299658062176, "dPT-USDe-26DEC2024": 61.900056475485584}, "Polygon zkEVM": {"USDT": 396.5440259908066,