{"currentChainTvls": {"Berachain": 35946235.97538233, "Berachain-borrowed": 5188742.36005658, "Arbitrum": 19713097.237002853, "Arbitrum-borrowed": 7819974.4265294485, "Ethereum": 467600017.5910984, "Ethereum-borrowed": 297687013.7023163, "Mantle": 68736.671789305, "Mantle-borrowed": 13092.213751448175, "Polygon zkEVM": 7134.630963389269, "Polygon zkEVM-borrowed": 134.4725254795557, "X Layer": 922.6706865045943, "X Layer-borrowed": 179.70915740269163, "borrowed": 310709136.88433665}, "tokensInUsd": [{"tokens": {"WBTC": 7442533.744761995, "rUSD": 31782.217772988326, "DOLO": 554041.7140493371, "sWBERA": 321066.39823245705, "OHM": 94932.02533326081, "NECT": 16977.418631717897, "pumpBTC.bera": 1232.7918840818518, "sUSDe": 49943.969389828126, "sUSDa": 2.5650367756000048, "WETH": 59357083.120302066, "rsETH": 371.1964556352289, "SolvBTC": 33075.81434226092, "srUSD": 789089.5174141396, "USDC.e": 4327690.256275913, "diBGT": 204089.6553371023, "USDe": 230335.1058638973, "pol-rUSD": 434.93348250532284, "eBTC": 388.1829359711704, "BYUSD": 82721.76468909191, "WBERA": 1358189.6616855392, "oriBGT": 453009.5144984667, "beraETH": 249755.7314413657, "USD\u20ae0": 680488.0422326489, "weETH": 30026790.74204913, "rswETH": 12142.842474967667, "SBTC": 11.494433640022791, "iBERA": 13286.162926815354, "IR": 132.97857784570368, "savUSD": 4151313.6482202257, "ylstETH": 2.337739360987576, "HENLO": 55.400394587943005, "KDK": 2335.659809351997, "PT-iBGT-25DEC2025": 5.74123339162813, "uniBTC": 51464.30920606193, "SolvBTC.BBN": 114.81996974063138, "wgBERA": 1934.353536614149, "ylpumpBTC": 4.594793490004088, "ylBTCLST": 126.76393976105217, "STONE": 18655.815524274953, "LBTC": 31978.790503255594, "stBTC": 25741782.384404123, "HONEY": 610576.7872015748, "USDa": 2885.4477872417006, "dPT-GLP-26SEP2024": 15113.595364562727, "PENDLE": 499913.02949471195, "JONES": 43.50127527135749, "dGLV [WETH-USDC]": 433156.46272819606, "dPT-ezETH-27JUN2024": 256.8116004228542, "dGM": 8639418.191437826, "dPT-wstETH-27JUN2024": 589.4523376669475, "dARB": 7394.775160417344, "ezETH": 44137.051302018874, "dPT-weETH-26DEC2024": 153.0748721936179, "RDNT": 697.2751208450643, "dfsGLP": 7.900252655449166, "GRAIL": 17502.161800507824, "dPT-weETH-26SEP2024": 81.19852415077315, "XAI": 1396.008481060575, "PREMIA": 2754.8211465055615, "MAGIC": 3175.2921303533326, "wstETH": 3917468.7937733126, "dplvGLP": 136.33500999652261, "USDS": 3716.0046550408324, "tBTC": 503.8916854454632, "dPT-weETH-27JUN2024": 665.2848517880947, "dGMX": 629136.9411468076, "dGLV [WBTC-USDC]": 494610.24752690544, "ARB": 230920.6456548543, "dPT-ezETH-26SEP2024": 3761.2320491259816, "dPT-weETH-25APR2024": 50.64822752788374, "USDC": 120267924.69678175, "AAVE": 12250.353301771758, "dPT-rETH-26JUN2025": 5.911822414352113, "dPT-rsETH-26SEP2024": 976.5518474376593, "WOETH": 24.97146628364447, "DAI": 33210.47531054817, "sUSDS": 20.16098736074597, "rETH": 40387.5686270822, "LINK": 665844.6672627939, "UNI": 1057713.8063587148, "GMX": 10903.231080278549, "USDT": 1284491.770470469, "MIM": 1406.0537579285763, "dPT-wstETH-26JUN2025": 30.311548883641855, "stcUSD": 18503.458046033007, "USD1": 166305101.08730564, "cbBTC": 31628.608798294983, "cUSD": 25.178368731959797, "wsrUSD": 230.37266087996744, "CRV": 19968.520860997854, "mETH": 3508275.1896670167, "WLFI": 388873813.0225619, "dPT-mETH-26DEC2024": 309.52246629481795, "USDY": 411.85044455836885, "dWMNT": 2.2718200368860098, "WMNT": 9499.31906767632, "dPT-cmETH-13FEB2025": 306.3024933062199, "dPT-USDe-25JUL2024": 11.165079787422387, "FBTC": 1434.493367647839, "dPT-sMNT-3OCT2024": 19.684338619022856, "cmETH": 6743.503143625543, "dPT-USDe-26DEC2024": 61.900056475485584, "POL": 24.37370165258883, "USDC.E": 1341.9329187198425, "MATIC": 412.57096720216725, "WOKB": 369.75811608119017}}], "chainTokensInUsd": {"Berachain": {"WBTC": 961039.7076322458, "rUSD": 31777.09834117194, "DOLO": 418238.99203386466, "sWBERA": 321066.39823245705, "OHM": 94932.02533326081, "NECT": 16977.418631717897, "pumpBTC.bera": 1232.7918840818518, "sUSDe": 49376.31712960767, "sUSDa": 2.5650367756000048, "WETH": 794919.0194379763, "rsETH": 7.73323371733219, "SolvBTC": 33075.81434226092, "srUSD": 6038.924666328342, "USDC.e": 4208203.4489119155, "diBGT": 204089.6553371023, "USDe": 228902.46113410877, "pol-rUSD": 434.93348250532284, "eBTC": 388.1829359711704, "BYUSD": 82721.76468909191, "WBERA": 1358189.6616855392, "oriBGT": 453009.5144984667, "beraETH": 249755.7314413657, "USD\u20ae0": 680488.0422326489, "weETH": 301456.1281809643, "rswETH": 12142.842474967667, "SBTC": 11.494433640022791, "iBERA": 13286.162926815354, "IR": 132.97857784570368, "savUSD": 4151313.6482202257, "ylstETH": 2.337739360987576, "HENLO": 55.400394587943005, "KDK": 2335.659809351997, "PT-iBGT-25DEC2025": 5.74123339162813, "uniBTC": 51307.98150350267, "SolvBTC.BBN": 114.81996974063138, "wgBERA": 1934.353536614149, "ylpumpBTC": 4.594793490004088, "ylBTCLST": 126.76393976105217, "STONE": 18655.815524274953, "LBTC": 31978.790503255594, "stBTC": 25741782.384404123, "HONEY": 610576.7872015748, "USDa": 2885.4477872417006}, "Arbitrum": {"dPT-GLP-26SEP2024": 15113.595364562727, "PENDLE": 499913.02949471195, "JONES": 43.50127527135749, "dGLV [WETH-USDC]": 433156.46272819606, "dPT-ezETH-27JUN2024": 256.8116004228542, "dGM": 8639418.191437826, "dPT-wstETH-27JUN2024": 589.4523376669475, "dARB": 7394.775160417344, "ezETH": 44137.051302018874, "dPT-weETH-26DEC2024": 153.0748721936179, "WBTC": 4276632.914492999, "RDNT": 697.2751208450643, "dfsGLP": 7.900252655449166, "weETH": 29376.309984155367, "GRAIL": 17502.161800507824, "rsETH": 363.4632219178967, "dPT-weETH-26SEP2024": 81.19852415077315, "XAI": 1396.008481060575, "PREMIA": 2754.8211465055615, "MAGIC": 3175.2921303533326, "wstETH": 210906.27686102252, "dplvGLP": 136.33500999652261, "USDe": 1265.2727858399867, "USDS": 3716.0046550408324, "uniBTC": 156.3277025592605, "tBTC": 503.8916854454632, "dPT-weETH-27JUN2024": 665.2848517880947, "dGMX": 629136.9411468076, "dGLV [WBTC-USDC]": 494610.24752690544, "WETH": 5857628.844344, "ARB": 230920.6456548543, "dPT-ezETH-26SEP2024": 3761.2320491259816, "dPT-weETH-25APR2024": 50.64822752788374, "USDC": 3950351.228780537, "AAVE": 12250.353301771758, "dPT-rETH-26JUN2025": 5.911822414352113, "dPT-rsETH-26SEP2024": 976.5518474376593, "WOETH": 24.97146628364447, "DAI": 33003.3462196217, "sUSDS": 20.16098736074597, "rETH": 40387.5686270822, "LINK": 665789.4208876048, "UNI": 1057713.8063587148, "GMX": 10903.231080278549, "USDT": 235100.69625302384, "MIM": 1406.0537579285763, "dPT-wstETH-26JUN2025": 30.311548883641855, "USDC.e": 119486.8073639973}, "Ethereum": {"rUSD": 5.119431816387696, "DOLO": 135802.72201547242, "WBTC": 2204020.426898933, "LINK": 55.246375189066875, "srUSD": 783050.5927478112, "wstETH": 3706562.51691229, "stcUSD": 18503.458046033007, "USD1": 166305101.08730564, "sUSDe": 567.652260220454, "USDC": 116316750.81445949, "WETH": 52695540.73496805, "cbBTC": 31628.608798294983, "cUSD": 25.178368731959797, "weETH": 29695958.30388401, "wsrUSD": 230.37266087996744, "CRV": 19968.520860997854, "mETH": 3464311.659917466, "WLFI": 388873813.0225619, "USDT": 1035135.2549416018}, "Mantle": {"USDC": 768.1958048131789, "USDT": 13697.81269778618, "dPT-mETH-26DEC2024": 309.52246629481795, "USDY": 411.85044455836885, "USDe": 167.3719439485649, "dWMNT": 2.2718200368860098, "WMNT": 9499.31906767632, "dPT-cmETH-13FEB2025": 306.3024933062199, "dPT-USDe-25JUL2024": 11.165079787422387, "FBTC": 1434.493367647839, "WBTC": 838.9654608134188, "mETH": 43963.529749550886, "WETH": 3592.9976058130214, "dPT-sMNT-3OCT2024": 19.684338619022856, "cmETH": 6743.503143625543, "dPT-USDe-26DEC2024": 61.900056475485584}, "Polygon zkEVM": {"USDT": 396.5440259908066, "POL": 24.37370165258883, "USDC.E": 1341.9329187198425, "WETH": 4884.822507373056, "MATIC": 412.57096720216725, "DAI": 207.12909092647467, "WBTC": 1.7302770038885988}, "X Layer": {"USDT": 161.46255206648038, "WETH": 516.7014388535599, "USDC": 54.457736906055366,