{"currentChainTvls": {"Berachain": 36189000.600954905, "Berachain-borrowed": 5046142.101717363, "Arbitrum": 19871297.77737044, "Arbitrum-borrowed": 8103208.549713601, "Ethereum": 498573674.13857967, "Ethereum-borrowed": 292186949.1395146, "Mantle": 78424.44216338944, "Mantle-borrowed": 13141.535814943876, "Polygon zkEVM": 7134.630963389269, "Polygon zkEVM-borrowed": 134.4725254795557, "X Layer": 922.6706865045943, "X Layer-borrowed": 179.70915740269163, "borrowed": 305349755.5084434}, "tokensInUsd": [{"tokens": {"WBTC": 7469923.729033255, "rUSD": 32413.847585459273, "DOLO": 577951.107786217, "sWBERA": 334284.906515537, "OHM": 95655.7695838804, "NECT": 16983.14646404341, "pumpBTC.bera": 1937.1623030950357, "sUSDe": 49955.781332999315, "sUSDa": 2.5650367756000048, "WETH": 58066550.1809598, "rsETH": 330.53992951525424, "SolvBTC": 31372.347059102027, "srUSD": 882822.0587785727, "USDC.e": 4422505.548078495, "diBGT": 193961.55466518275, "USDe": 32893.93718540621, "pol-rUSD": 434.93348250532284, "eBTC": 388.1829359711704, "BYUSD": 80387.26350303314, "WBERA": 1418193.7148491838, "oriBGT": 469790.2364581793, "beraETH": 233966.048735845, "USD\u20ae0": 830508.3176706998, "weETH": 15405541.648862803, "rswETH": 12142.842474967667, "SBTC": 11.494433640022791, "iBERA": 13638.85914681277, "IR": 98.27181381880946, "savUSD": 4200059.659437781, "ylstETH": 2.337739360987576, "HENLO": 112.62532919316604, "KDK": 2335.659809351997, "PT-iBGT-25DEC2025": 5.74123339162813, "uniBTC": 47791.94252639805, "SolvBTC.BBN": 114.81996974063138, "wgBERA": 1967.4661597260838, "ylpumpBTC": 4.594793490004088, "ylBTCLST": 126.76393976105217, "STONE": 15086.672426046065, "LBTC": 30592.98628290208, "stBTC": 25741782.384404123, "HONEY": 466784.59595981403, "USDa": 2885.4285831507173, "dPT-GLP-26SEP2024": 15113.595364562727, "PENDLE": 426614.4335276327, "JONES": 43.50127527135749, "dGLV [WETH-USDC]": 562827.2077387883, "dPT-ezETH-27JUN2024": 256.8116004228542, "dGM": 9088630.976114439, "dPT-wstETH-27JUN2024": 589.4523376669475, "dARB": 5632.791592093791, "ezETH": 36906.9734963495, "dPT-weETH-26DEC2024": 153.0748721936179, "RDNT": 798.5575198641719, "dfsGLP": 7.900252655449166, "GRAIL": 17879.473381725384, "dPT-weETH-26SEP2024": 81.19852415077315, "XAI": 1267.4523651219451, "PREMIA": 2754.8211465055615, "MAGIC": 2629.859240873497, "wstETH": 5058371.357507835, "dplvGLP": 136.33500999652261, "USDS": 3714.5162662756356, "DPX": 6.551456991563027, "tBTC": 462.3187626348149, "dPT-weETH-27JUN2024": 665.2848517880947, "dGMX": 631413.4475081211, "dGLV [WBTC-USDC]": 465710.27957637265, "ARB": 208017.9600644504, "dPT-ezETH-26SEP2024": 3761.2320491259816, "dPT-weETH-25APR2024": 50.64822752788374, "USDC": 124372852.68530107, "AAVE": 11622.32297136289, "dPT-rETH-26JUN2025": 5.911822414352113, "dPT-rsETH-26SEP2024": 976.5518474376593, "WOETH": 24.97146628364447, "DAI": 44412.429512377545, "sUSDS": 20.16098736074597, "rETH": 39272.3666680763, "LINK": 739140.4424874125, "UNI": 1009500.6047408156, "GMX": 29241.488483671747, "USDT": 579587.4906758831, "MIM": 1405.5448093319192, "dPT-wstETH-26JUN2025": 30.311548883641855, "stcUSD": 19910.53279045335, "USD1": 188870925.99747655, "cbBTC": 31537.326742547997, "cUSD": 25.178368731959797, "wsrUSD": 230.37266087996744, "CRV": 21399.712633912775, "mETH": 3517736.76798732, "WLFI": 403040531.01291096, "dPT-mETH-26DEC2024": 309.52246629481795, "USDY": 411.85044455836885, "dWMNT": 2.2718200368860098, "WMNT": 9770.967352923224, "dPT-cmETH-13FEB2025": 306.3024933062199, "dPT-USDe-25JUL2024": 11.165079787422387, "FBTC": 1646.1963952750352, "dPT-sMNT-3OCT2024": 19.684338619022856, "cmETH": 6333.401226640693, "dPT-USDe-26DEC2024": 61.900056475485584, "POL": 24.37370165258883, "USDC.E": 1341.9329187198425, "MATIC": 412.57096720216725, "WOKB": 369.75811608119017}}], "chainTokensInUsd": {"Berachain": {"WBTC": 1036539.752193398, "rUSD": 32137.237558806664, "DOLO": 448083.16602293355, "sWBERA": 334284.906515537, "OHM": 95655.7695838804, "NECT": 16983.14646404341, "pumpBTC.bera": 1937.1623030950357, "sUSDe": 49388.12907277886, "sUSDa": 2.5650367756000048, "WETH": 801767.3483082242, "rsETH": 7.73323371733219, "SolvBTC": 31372.347059102027, "srUSD": 6032.680525010295, "USDC.e": 4301020.6294890465, "diBGT": 193961.55466518275, "USDe": 30566.93606673465, "pol-rUSD": 434.93348250532284, "eBTC": 388.1829359711704, "BYUSD": 80387.26350303314, "WBERA": 1418193.7148491838, "oriBGT": 469790.2364581793, "beraETH": 233966.048735845, "USD\u20ae0": 830508.3176706998, "weETH": 286324.04493614455, "rswETH": 12142.842474967667, "SBTC": 11.494433640022791, "iBERA": 13638.85914681277, "IR": 98.27181381880946, "savUSD": 4200059.659437781, "ylstETH": 2.337739360987576, "HENLO": 112.62532919316604, "KDK": 2335.659809351997, "PT-iBGT-25DEC2025": 5.74123339162813, "uniBTC": 47655.69206536822, "SolvBTC.BBN": 114.81996974063138, "wgBERA": 1967.4661597260838, "ylpumpBTC": 4.594793490004088, "ylBTCLST": 126.76393976105217, "STONE": 15086.672426046065, "LBTC": 30592.98628290208, "stBTC": 25741782.384404123, "HONEY": 466784.59595981403, "USDa": 2885.4285831507173}, "Arbitrum": {"dPT-GLP-26SEP2024": 15113.595364562727, "PENDLE": 426614.4335276327, "JONES": 43.50127527135749, "dGLV [WETH-USDC]": 562827.2077387883, "dPT-ezETH-27JUN2024": 256.8116004228542, "dGM": 9088630.976114439, "dPT-wstETH-27JUN2024": 589.4523376669475, "dARB": 5632.791592093791, "ezETH": 36906.9734963495, "dPT-weETH-26DEC2024": 153.0748721936179, "WBTC": 4314440.367219043, "RDNT": 798.5575198641719, "dfsGLP": 7.900252655449166, "weETH": 28259.840266748117, "GRAIL": 17879.473381725384, "rsETH": 322.80669579792203, "dPT-weETH-26SEP2024": 81.19852415077315, "XAI": 1267.4523651219451, "PREMIA": 2754.8211465055615, "MAGIC": 2629.859240873497, "wstETH": 212090.63829715952, "dplvGLP": 136.33500999652261, "USDe": 2142.4672567871603, "USDS": 3714.5162662756356, "uniBTC": 136.2504610298334, "DPX": 6.551456991563027, "tBTC": 462.3187626348149, "dPT-weETH-27JUN2024": 665.2848517880947, "dGMX": 631413.4475081211, "dGLV [WBTC-USDC]": 465710.27957637265, "WETH": 5732539.218893665, "ARB": 208017.9600644504, "dPT-ezETH-26SEP2024": 3761.2320491259816, "dPT-weETH-25APR2024": 50.64822752788374, "USDC": 3942402.899856927, "AAVE": 11622.32297136289, "dPT-rETH-26JUN2025": 5.911822414352113, "dPT-rsETH-26SEP2024": 976.5518474376593, "WOETH": 24.97146628364447, "DAI": 44205.30042145107, "sUSDS": 20.16098736074597, "rETH": 39272.3666680763, "LINK": 730241.271094754, "UNI": 1009500.6047408156, "GMX": 29241.488483671747, "USDT": 278013.4585619856, "MIM": 1405.5448093319192, "dPT-wstETH-26JUN2025": 30.311548883641855, "USDC.e": 121484.91858944863}, "Ethereum": {"rUSD": 276.6100266526082, "DOLO": 129867.94176328341, "WBTC": 2118102.9138829974, "LINK": 8899.17139265849, "srUSD": 876789.3782535624, "wstETH": 4846280.719210676, "stcUSD": 19910.53279045335, "USD1": 188870925.99747655, "sUSDe": 567.652260220454, "USDC": 120429627.54115495, "WETH": 51523037.237164594, "cbBTC": 31537.326742547997, "cUSD": 25.178368731959797, "weETH": 15090957.763659911, "wsrUSD": 230.37266087996744, "CRV": 21399.712633912775, "mETH": 3464311.659917466, "WLFI": 403040531.01291096, "USDT": 287344.5558233409}, "Mantle": {"USDC": 767.7865522778284, "USDT": 13671.469712499375, "dPT-mETH-26DEC2024": 309.52246629481795, "USDY": 411.85044455836885, "USDe": 184.5338618844023, "dWMNT": 2.2718200368860098, "WMNT": 9770.967352923224, "dPT-cmETH-13FEB2025": 306.3024933062199, "dPT-USDe-25JUL2024": 11.165079787422387, "FBTC": 1646.1963952750352, "WBTC": 838.9654608134188, "mETH": 53425.108069854345, "WETH": 3804.852647086786, "dPT-sMNT-3OCT2024": 19.684338619022856, "cmETH": 6333.401226640693, "dPT-USDe-26DEC2024": 61.900056475485584}, "Polygon zkEVM": {"USDT": 396.5440259908066, "POL": 24.37370165258883, "USDC.E": 1341.9329187198425, "WETH": 4884.822507373056, "MATIC": 412.57096720216725, "DAI": 207.12909092647467, "WBTC": 1.7302770038885988}, "X Layer": {"USDT": 161.46255206648038, "WETH": 516.7014388535599,