{"currentChainTvls": {"Berachain": 35765744.93258677, "Berachain-borrowed": 4984230.798130843, "Arbitrum": 16064664.818534838, "Arbitrum-borrowed": 7805498.50301717, "Ethereum": 457898398.16228396, "Ethereum-borrowed": 309016952.5197703, "Mantle": 69116.44027514078, "Mantle-borrowed": 13142.37327719152, "Polygon zkEVM": 7134.630963389269, "Polygon zkEVM-borrowed": 134.4725254795557, "X Layer": 922.6706865045943, "X Layer-borrowed": 179.70915740269163, "borrowed": 321820138.3758784}, "tokensInUsd": [{"tokens": {"WBTC": 4899602.665874985, "rUSD": 31785.792469096406, "DOLO": 541034.6574442206, "sWBERA": 323332.7109547199, "OHM": 16561.721938950523, "NECT": 16976.109967227458, "pumpBTC.bera": 1232.7918840818518, "sUSDe": 48775.29230098021, "sUSDa": 2.5650367756000048, "WETH": 55209144.74901739, "rsETH": 364.90696173481547, "SolvBTC": 33022.30384197737, "srUSD": 779147.267098267, "USDC.e": 4308381.026524582, "diBGT": 203665.5798260288, "USDe": 30118.366591611102, "pol-rUSD": 434.93348250532284, "eBTC": 388.1829359711704, "BYUSD": 81325.57814103104, "WBERA": 1355209.8081010368, "oriBGT": 452792.7160239385, "beraETH": 249755.7314413657, "USD\u20ae0": 612189.6322272591, "weETH": 35930084.475449294, "rswETH": 12142.842474967667, "SBTC": 11.494433640022791, "iBERA": 13225.470983790525, "IR": 141.8529064488065, "savUSD": 4151313.6482202257, "ylstETH": 2.337739360987576, "HENLO": 55.400394587943005, "KDK": 2335.659809351997, "PT-iBGT-25DEC2025": 5.74123339162813, "uniBTC": 51461.02346446214, "SolvBTC.BBN": 114.81996974063138, "wgBERA": 1934.353536614149, "ylpumpBTC": 4.594793490004088, "ylBTCLST": 126.76393976105217, "STONE": 18216.173082853136, "LBTC": 31978.790503255594, "stBTC": 25741782.384404123, "HONEY": 582958.492585563, "USDa": 2885.450639121352, "dPT-GLP-26SEP2024": 15113.595364562727, "PENDLE": 502527.7574833845, "JONES": 43.50127527135749, "dGLV [WETH-USDC]": 433156.46272819606, "dPT-ezETH-27JUN2024": 256.8116004228542, "dGM": 8660736.510596013, "dPT-wstETH-27JUN2024": 589.4523376669475, "dARB": 7394.775160417344, "ezETH": 35473.3873504464, "dPT-weETH-26DEC2024": 153.0748721936179, "RDNT": 668.9898918038934, "dfsGLP": 7.900252655449166, "GRAIL": 17094.566614011826, "dPT-weETH-26SEP2024": 81.19852415077315, "XAI": 1320.706735459651, "PREMIA": 2754.8211465055615, "MAGIC": 3175.2921303533326, "wstETH": 11729922.624667266, "dplvGLP": 136.33500999652261, "USDS": 3702.1709710730343, "tBTC": 490.00116621064706, "dPT-weETH-27JUN2024": 665.2848517880947, "dGMX": 628328.0985666176, "dGLV [WBTC-USDC]": 496090.4077444907, "ARB": 233514.41555401703, "dPT-ezETH-26SEP2024": 3761.2320491259816, "dPT-weETH-25APR2024": 50.64822752788374, "USDC": 117400125.1993339, "AAVE": 11769.660564471396, "dPT-rETH-26JUN2025": 5.911822414352113, "dPT-rsETH-26SEP2024": 976.5518474376593, "WOETH": 24.97146628364447, "DAI": 33007.08020366344, "sUSDS": 20.16098736074597, "rETH": 40710.42676562059, "LINK": 674576.8975462107, "UNI": 1035097.6132357798, "GMX": 10942.108060359484, "USDT": 928020.2541940551, "MIM": 1406.648664351412, "dPT-wstETH-26JUN2025": 30.311548883641855, "stcUSD": 18503.458046033007, "USD1": 157529096.31301016, "cbBTC": 31628.631332094843, "cUSD": 25.178368731959797, "wsrUSD": 230.37266087996744, "CRV": 19968.520860997854, "mETH": 3508677.2898413124, "WLFI": 391847127.64690524, "dPT-mETH-26DEC2024": 309.52246629481795, "USDY": 411.85044455836885, "dWMNT": 2.2718200368860098, "WMNT": 9462.611507336384, "dPT-cmETH-13FEB2025": 306.3024933062199, "dPT-USDe-25JUL2024": 11.165079787422387, "FBTC": 1434.493367647839, "dPT-sMNT-3OCT2024": 19.684338619022856, "cmETH": 6743.503143625543, "dPT-USDe-26DEC2024": 61.900056475485584, "POL": 24.37370165258883, "USDC.E": 1341.9329187198425, "MATIC": 412.57096720216725, "WOKB": 369.75811608119017}}], "chainTokensInUsd": {"Berachain": {"WBTC": 960938.1734899264, "rUSD": 31780.67303728002, "DOLO": 429469.09467008204, "sWBERA": 323332.7109547199, "OHM": 16561.721938950523, "NECT": 16976.109967227458, "pumpBTC.bera": 1232.7918840818518, "sUSDe": 48208.05406754053, "sUSDa": 2.5650367756000048, "WETH": 798414.7091042734, "rsETH": 7.73323371733219, "SolvBTC": 33022.30384197737, "srUSD": 6038.924666328342, "USDC.e": 4189161.255529628, "diBGT": 203665.5798260288, "USDe": 28685.07244856968, "pol-rUSD": 434.93348250532284, "eBTC": 388.1829359711704, "BYUSD": 81325.57814103104, "WBERA": 1355209.8081010368, "oriBGT": 452792.7160239385, "beraETH": 249755.7314413657, "USD\u20ae0": 612189.6322272591, "weETH": 299837.4215136065, "rswETH": 12142.842474967667, "SBTC": 11.494433640022791, "iBERA": 13225.470983790525, "IR": 141.8529064488065, "savUSD": 4151313.6482202257, "ylstETH": 2.337739360987576, "HENLO": 55.400394587943005, "KDK": 2335.659809351997, "PT-iBGT-25DEC2025": 5.74123339162813, "uniBTC": 51307.98150350267, "SolvBTC.BBN": 114.81996974063138, "wgBERA": 1934.353536614149, "ylpumpBTC": 4.594793490004088, "ylBTCLST": 126.76393976105217, "STONE": 18216.173082853136, "LBTC": 31978.790503255594, "stBTC": 25741782.384404123, "HONEY": 582958.492585563, "USDa": 2885.450639121352}, "Arbitrum": {"dPT-GLP-26SEP2024": 15113.595364562727, "PENDLE": 502527.7574833845, "JONES": 43.50127527135749, "dGLV [WETH-USDC]": 433156.46272819606, "dPT-ezETH-27JUN2024": 256.8116004228542, "dGM": 8660736.510596013, "dPT-wstETH-27JUN2024": 589.4523376669475, "dARB": 7394.775160417344, "ezETH": 35473.3873504464, "dPT-weETH-26DEC2024": 153.0748721936179, "WBTC": 2698568.747330626, "RDNT": 668.9898918038934, "dfsGLP": 7.900252655449166, "weETH": 154006.99467470817, "GRAIL": 17094.566614011826, "rsETH": 357.17372801748326, "dPT-weETH-26SEP2024": 81.19852415077315, "XAI": 1320.706735459651, "PREMIA": 2754.8211465055615, "MAGIC": 3175.2921303533326, "wstETH": 209713.28642115887, "dplvGLP": 136.33500999652261, "USDe": 1265.922199092857, "USDS": 3702.1709710730343, "uniBTC": 153.04196095946716, "tBTC": 490.00116621064706, "dPT-weETH-27JUN2024": 665.2848517880947, "dGMX": 628328.0985666176, "dGLV [WBTC-USDC]": 496090.4077444907, "WETH": 3905344.157263594, "ARB": 233514.41555401703, "dPT-ezETH-26SEP2024": 3761.2320491259816, "dPT-weETH-25APR2024": 50.64822752788374, "USDC": 3700118.928236561, "AAVE": 11769.660564471396, "dPT-rETH-26JUN2025": 5.911822414352113, "dPT-rsETH-26SEP2024": 976.5518474376593, "WOETH": 24.97146628364447, "DAI": 32799.95111273697, "sUSDS": 20.16098736074597, "rETH": 40710.42676562059, "LINK": 674406.297916172, "UNI": 1035097.6132357798, "GMX": 10942.108060359484, "USDT": 225937.28654609542, "MIM": 1406.648664351412, "dPT-wstETH-26JUN2025": 30.311548883641855, "USDC.e": 119219.77099495361}, "Ethereum": {"rUSD": 5.119431816387696, "DOLO": 111565.56277413857, "WBTC": 1239255.0493166153, "LINK": 170.59963003866798, "srUSD": 773108.3424319386, "wstETH": 11520209.338246107, "stcUSD": 18503.458046033007, "USD1": 157529096.31301016, "sUSDe": 567.2382334396826, "USDC": 113699183.52058959, "WETH": 50496328.38339262, "cbBTC": 31628.631332094843, "cUSD": 25.178368731959797, "weETH": 35476240.05926098, "wsrUSD": 230.37266087996744, "CRV": 19968.520860997854, "mETH": 3464311.659917466, "WLFI": 391847127.64690524, "USDT": 687825.6876453857}, "Mantle": {"USDC": 768.2927708465653, "USDT": 13699.27342451684, "dPT-mETH-26DEC2024": 309.52246629481795, "USDY": 411.85044455836885, "USDe": 167.3719439485649, "dWMNT": 2.2718200368860098, "WMNT": 9462.611507336384, "dPT-cmETH-13FEB2025": 306.3024933062199, "dPT-USDe-25JUL2024": 11.165079787422387, "FBTC": 1434.493367647839, "WBTC": 838.9654608134188, "mETH": 44365.62992384654, "WETH": 3655.9753106723983, "dPT-sMNT-3OCT2024": 19.684338619022856, "cmETH": 6743.503143625543, "dPT-USDe-26DEC2024": 61.900056475485584}, "Polygon zkEVM": {"USDT": 396.5440259908066, "POL": 24.37370165258883, "USDC.E": 1341.9329187198425, "WETH": 4884.822507373056, "MATIC": 412.57096720216725, "DAI": 207.12909092647467, "WBTC": 1.7302770038885988}, "X Layer": {"USDT": 161.46255206648038, "WETH": 516.7014388535599, "USDC": 54.457736906055366,