{"currentChainTvls": {"Berachain": 36144326.0528356, "Berachain-borrowed": 4935273.322571952, "Ethereum": 524401655.1663876, "Ethereum-borrowed": 285555440.3599928, "Mantle": 82145.91807348421, "Mantle-borrowed": 13282.848172137492, "Polygon zkEVM": 7134.630963389269, "Polygon zkEVM-borrowed": 134.4725254795557, "X Layer": 922.6706865045943, "X Layer-borrowed": 179.70915740269163, "borrowed": 290504310.71241975}, "tokensInUsd": [{"tokens": {"WBTC": 3390284.371774108, "rUSD": 31959.243600278412, "DOLO": 540356.4177452802, "sWBERA": 329570.3527149117, "OHM": 96841.093535799, "NECT": 16983.920483876293, "pumpBTC.bera": 1937.1623030950357, "sUSDe": 49963.47424881496, "sUSDa": 2.5650367756000048, "WETH": 55472930.56342811, "rsETH": 7.73323371733219, "SolvBTC": 32500.371033796146, "srUSD": 832762.1026831494, "USDC.e": 4331295.5113803595, "diBGT": 189297.43475344335, "USDe": 30587.59067212533, "pol-rUSD": 434.93348250532284, "eBTC": 388.1829359711704, "BYUSD": 91634.0737624728, "WBERA": 1394662.1680801318, "oriBGT": 467570.93782314454, "beraETH": 233593.26007041166, "USD\u20ae0": 681562.1323276911, "weETH": 17432005.73372846, "rswETH": 12142.842474967667, "SBTC": 11.494433640022791, "iBERA": 13438.894605542006, "IR": 110.38219662671544, "savUSD": 4200017.654640707, "ylstETH": 2.337739360987576, "HENLO": 55.400394587943005, "KDK": 2335.659809351997, "PT-iBGT-25DEC2025": 5.74123339162813, "uniBTC": 47655.69206536822, "SolvBTC.BBN": 114.81996974063138, "wgBERA": 1934.353536614149, "ylpumpBTC": 4.594793490004088, "ylBTCLST": 126.76393976105217, "STONE": 17463.59335540562, "LBTC": 29858.90051945301, "stBTC": 25741782.384404123, "HONEY": 447786.0355234588, "USDa": 2885.4355649692857, "LINK": 9238.801194929114, "stcUSD": 19910.53279045335, "USD1": 190259886.09030408, "USDC": 122160701.88668248, "cbBTC": 30779.902573915944, "cUSD": 25.178368731959797, "wsrUSD": 230.37266087996744, "CRV": 19968.520860997854, "mETH": 3520952.019584926, "WLFI": 418668159.89054805, "USDT": 261906.01516908294, "dPT-mETH-26DEC2024": 309.52246629481795, "USDY": 411.85044455836885, "dWMNT": 2.2718200368860098, "WMNT": 10057.061289563617, "dPT-cmETH-13FEB2025": 306.3024933062199, "dPT-USDe-25JUL2024": 11.165079787422387, "FBTC": 1646.1963952750352, "dPT-sMNT-3OCT2024": 19.684338619022856, "cmETH": 6689.909410327725, "dPT-USDe-26DEC2024": 61.900056475485584, "POL": 24.37370165258883, "USDC.E": 1341.9329187198425, "MATIC": 412.57096720216725, "DAI": 207.12909092647467, "WOKB": 369.75811608119017}}], "chainTokensInUsd": {"Berachain": {"WBTC": 991702.6601078578, "rUSD": 31954.124168462025, "DOLO": 410488.47598199674, "sWBERA": 329570.3527149117, "OHM": 96841.093535799, "NECT": 16983.920483876293, "pumpBTC.bera": 1937.1623030950357, "sUSDe": 49395.8219885945, "sUSDa": 2.5650367756000048, "WETH": 867003.0389604176, "rsETH": 7.73323371733219, "SolvBTC": 32500.371033796146, "srUSD": 6032.680525010295, "USDC.e": 4331295.5113803595, "diBGT": 189297.43475344335, "USDe": 30420.354334045594, "pol-rUSD": 434.93348250532284, "eBTC": 388.1829359711704, "BYUSD": 91634.0737624728, "WBERA": 1394662.1680801318, "oriBGT": 467570.93782314454, "beraETH": 233593.26007041166, "USD\u20ae0": 681562.1323276911, "weETH": 306587.40518249676, "rswETH": 12142.842474967667, "SBTC": 11.494433640022791, "iBERA": 13438.894605542006, "IR": 110.38219662671544, "savUSD": 4200017.654640707, "ylstETH": 2.337739360987576, "HENLO": 55.400394587943005, "KDK": 2335.659809351997, "PT-iBGT-25DEC2025": 5.74123339162813, "uniBTC": 47655.69206536822, "SolvBTC.BBN": 114.81996974063138, "wgBERA": 1934.353536614149, "ylpumpBTC": 4.594793490004088, "ylBTCLST": 126.76393976105217, "STONE": 17463.59335540562, "LBTC": 29858.90051945301, "stBTC": 25741782.384404123, "HONEY": 447786.0355234588, "USDa": 2885.4355649692857}, "Ethereum": {"rUSD": 5.119431816387696, "DOLO": 129867.94176328341, "WBTC": 2397741.0159284333, "LINK": 9238.801194929114, "srUSD": 826729.4221581391, "stcUSD": 19910.53279045335, "USD1": 190259886.09030408, "sUSDe": 567.652260220454, "USDC": 122159879.64239329, "WETH": 54596708.7768068, "cbBTC": 30779.902573915944, "cUSD": 25.178368731959797, "weETH": 17125418.328545965, "wsrUSD": 230.37266087996744, "CRV": 19968.520860997854, "mETH": 3464311.659917466, "WLFI": 418668159.89054805, "USDT": 247666.67787294474}, "Mantle": {"USDC": 767.7865522778284, "USDT": 13681.330718080886, "dPT-mETH-26DEC2024": 309.52246629481795, "USDY": 411.85044455836885, "USDe": 167.23633807973755, "dWMNT": 2.2718200368860098, "WMNT": 10057.061289563617, "dPT-cmETH-13FEB2025": 306.3024933062199, "dPT-USDe-25JUL2024": 11.165079787422387, "FBTC": 1646.1963952750352, "WBTC": 838.9654608134188, "mETH": 56640.35966746004, "WETH": 3817.2237146652064, "dPT-sMNT-3OCT2024": 19.684338619022856, "cmETH": 6689.909410327725, "dPT-USDe-26DEC2024": 61.900056475485584}, "Polygon zkEVM": {"USDT": 396.5440259908066, "POL": 24.37370165258883, "USDC.E": 1341.9329187198425, "WETH": 4884.822507373056, "MATIC": 412.57096720216725, "DAI": 207.12909092647467, "WBTC": 1.7302770038885988}, "X Layer": {"USDT": 161.46255206648038, "WETH": 516.7014388535599, "USDC": 54.457736906055366, "WOKB": 369.75811608119017}}, "supplyLiquidity": 851140495.1513665, "totalTvl": 560636184.4389467, "totalBorrowed": 290504310.71241975, "last_updated": "2026-04-14T14:18:04Z"}