{"currentChainTvls": {"Berachain": 34711481.94547176, "Berachain-borrowed": 4145448.1552272765, "Arbitrum": 21949409.240740355, "Arbitrum-borrowed": 7963610.342555575, "Ethereum": 486192505.4147447, "Ethereum-borrowed": 279376086.29502624, "Botanix": 146257.68774907294, "Botanix-borrowed": 53618.347429935, "Mantle": 68452.90192629662, "Mantle-borrowed": 12546.473927723067, "Polygon zkEVM": 7134.630963389269, "Polygon zkEVM-borrowed": 134.4725254795557, "X Layer": 922.6706865045943, "X Layer-borrowed": 179.70915740269163, "borrowed": 291551623.7958496}, "tokensInUsd": [{"tokens": {"WBTC": 6814543.533138699, "rUSD": 29274.02142875772, "DOLO": 549816.8582424707, "sWBERA": 306899.31353076274, "OHM": 19967.826849216588, "NECT": 16979.559795409376, "pumpBTC.bera": 1232.7918840818518, "sUSDe": 97201.25424184123, "sUSDa": 2.5650367756000048, "WETH": 55940107.01300536, "rsETH": 374.1540195924623, "SolvBTC": 35450.01764525851, "srUSD": 748236.6386661088, "USDC.e": 3881662.772388633, "diBGT": 180926.39986172313, "USDe": 30079.379374989243, "pol-rUSD": 434.93348250532284, "eBTC": 388.1829359711704, "BYUSD": 83500.60451594036, "WBERA": 1240702.2322074305, "oriBGT": 468030.30263296777, "beraETH": 249520.06803233197, "USD\u20ae0": 645365.9129448135, "weETH": 26915175.39778947, "rswETH": 12142.842474967667, "SBTC": 11.494433640022791, "iBERA": 22610.4154583305, "IR": 107.21034758910943, "savUSD": 3282390.111558113, "ylstETH": 2.337739360987576, "HENLO": 55.400394587943005, "KDK": 2335.659809351997, "PT-iBGT-25DEC2025": 5.74123339162813, "uniBTC": 53618.693759745154, "SolvBTC.BBN": 114.81996974063138, "wgBERA": 1934.353536614149, "ylpumpBTC": 4.594793490004088, "ylBTCLST": 126.76393976105217, "STONE": 17894.804158573716, "LBTC": 32142.837287731254, "stBTC": 25866654.248690084, "HONEY": 308023.7855814707, "USDa": 2885.4823346095372, "dPT-GLP-26SEP2024": 15113.595364562727, "PENDLE": 693848.4645101306, "JONES": 44.00771258680652, "dGLV [WETH-USDC]": 435446.3995106013, "dPT-ezETH-27JUN2024": 256.8116004228542, "dGM": 8424085.767933259, "dPT-wstETH-27JUN2024": 589.4523376669475, "dARB": 6501.771211626431, "ezETH": 36855.20231557847, "dPT-weETH-26DEC2024": 153.0748721936179, "RDNT": 944.8775400128991, "dfsGLP": 7.900252655449166, "GRAIL": 18891.825189036008, "dPT-weETH-26SEP2024": 81.19852415077315, "XAI": 1445.9874244809214, "PREMIA": 2754.8211465055615, "MAGIC": 3060.2498405867527, "wstETH": 215023.9826709422, "dplvGLP": 136.33500999652261, "USDS": 3705.038528222248, "tBTC": 502.44306112350944, "dPT-weETH-27JUN2024": 665.2848517880947, "dGMX": 689219.1184371099, "dGLV [WBTC-USDC]": 607766.1217347527, "ARB": 227570.02122441516, "dPT-ezETH-26SEP2024": 3761.2320491259816, "dPT-weETH-25APR2024": 50.64822752788374, "USDC": 134405964.28581375, "AAVE": 11459.3739171051, "dPT-rETH-26JUN2025": 5.911822414352113, "dPT-rsETH-26SEP2024": 976.5518474376593, "WOETH": 24.97146628364447, "DAI": 32742.218063714387, "sUSDS": 30.437700610678704, "rETH": 41382.71560765881, "LINK": 665704.6088739134, "UNI": 1100548.94644389, "GMX": 161074.9790311121, "USDT": 375869.2180213857, "MIM": 1405.4914629087298, "dPT-wstETH-26JUN2025": 30.311548883641855, "stcUSD": 14492.925073452903, "USD1": 187264919.5191018, "cbBTC": 30587.68284261275, "cUSD": 25.178368731959797, "wsrUSD": 230.37266087996744, "CRV": 19968.520860997854, "mETH": 3607616.5589132733, "WLFI": 367613109.38414246, "pBTC": 12039.615499748495, "oUSDT": 17.15248969398468, "dPT-mETH-26DEC2024": 309.52246629481795, "USDY": 411.953455008837, "dWMNT": 2.2718200368860098, "WMNT": 10095.029331121994, "dPT-cmETH-13FEB2025": 306.3024933062199, "dPT-USDe-25JUL2024": 11.165079787422387, "FBTC": 1406.6279212633817, "dPT-sMNT-3OCT2024": 19.684338619022856, "cmETH": 5373.299658062176, "dPT-USDe-26DEC2024": 61.900056475485584, "POL": 24.37370165258883, "USDC.E": 1341.9329187198425, "MATIC": 412.57096720216725, "WOKB": 369.75811608119017}}], "chainTokensInUsd": {"Berachain": {"WBTC": 764049.8990275809, "rUSD": 29268.90199694133, "DOLO": 453068.8151296681, "sWBERA": 306899.31353076274, "OHM": 19967.826849216588, "NECT": 16979.559795409376, "pumpBTC.bera": 1232.7918840818518, "sUSDe": 48256.33007755159, "sUSDa": 2.5650367756000048, "WETH": 803692.7484976349, "rsETH": 8.10916864373367, "SolvBTC": 35450.01764525851, "srUSD": 6061.816418200125, "USDC.e": 3699056.4619218474, "diBGT": 180926.39986172313, "USDe": 28774.303107805168, "pol-rUSD": 434.93348250532284, "eBTC": 388.1829359711704, "BYUSD": 83500.60451594036, "WBERA": 1240702.2322074305, "oriBGT": 468030.30263296777, "beraETH": 249520.06803233197, "USD\u20ae0": 645365.9129448135, "weETH": 297265.64061601734, "rswETH": 12142.842474967667, "SBTC": 11.494433640022791, "iBERA": 22610.4154583305, "IR": 107.21034758910943, "savUSD": 3282390.111558113, "ylstETH": 2.337739360987576, "HENLO": 55.400394587943005, "KDK": 2335.659809351997, "PT-iBGT-25DEC2025": 5.74123339162813, "uniBTC": 53455.32392651944, "SolvBTC.BBN": 114.81996974063138, "wgBERA": 1934.353536614149, "ylpumpBTC": 4.594793490004088, "ylBTCLST": 126.76393976105217, "STONE": 17894.804158573716, "LBTC": 32142.837287731254, "stBTC": 25741782.384404123, "HONEY": 308023.7855814707, "USDa": 2885.4823346095372}, "Arbitrum": {"dPT-GLP-26SEP2024": 15113.595364562727, "PENDLE": 693848.4645101306, "JONES": 44.00771258680652, "dGLV [WETH-USDC]": 435446.3995106013, "dPT-ezETH-27JUN2024": 256.8116004228542, "dGM": 8424085.767933259, "dPT-wstETH-27JUN2024": 589.4523376669475, "dARB": 6501.771211626431, "ezETH": 36855.20231557847, "dPT-weETH-26DEC2024": 153.0748721936179, "WBTC": 5145914.6387975635, "RDNT": 944.8775400128991, "dfsGLP": 7.900252655449166, "weETH": 749929.0318253296, "GRAIL": 18891.825189036008, "rsETH": 366.04485094872865, "dPT-weETH-26SEP2024": 81.19852415077315, "XAI": 1445.9874244809214, "PREMIA": 2754.8211465055615, "MAGIC": 3060.2498405867527, "wstETH": 215023.9826709422, "dplvGLP": 136.33500999652261, "USDe": 1268.2953571522485, "USDS": 3705.038528222248, "uniBTC": 163.36983322571064, "tBTC": 502.44306112350944, "dPT-weETH-27JUN2024": 665.2848517880947, "dGMX": 689219.1184371099, "dGLV [WBTC-USDC]": 607766.1217347527, "WETH": 5827740.858885635, "ARB": 227570.02122441516, "dPT-ezETH-26SEP2024": 3761.2320491259816, "dPT-weETH-25APR2024": 50.64822752788374, "USDC": 4410591.785798672, "AAVE": 11459.3739171051, "dPT-rETH-26JUN2025": 5.911822414352113, "dPT-rsETH-26SEP2024": 976.5518474376593, "WOETH": 24.97146628364447, "DAI": 32535.08897278791, "sUSDS": 30.437700610678704, "rETH": 41382.71560765881, "LINK": 665630.4344540896, "UNI": 1100548.94644389, "GMX": 161074.9790311121, "USDT": 253793.70046647717, "MIM": 1405.4914629087298, "dPT-wstETH-26JUN2025": 30.311548883641855, "USDC.e": 119665.01012467516}, "Ethereum": {"rUSD": 5.119431816387696, "DOLO": 96748.04311280255, "WBTC": 903738.2995757363, "LINK": 74.17441982378249, "srUSD": 742174.8222479087, "stcUSD": 14492.925073452903, "USD1": 187264919.5191018, "sUSDe": 48944.924164289645, "USDC": 129994549.56204359, "WETH": 49299635.47639232, "cbBTC": 30587.68284261275, "cUSD": 25.178368731959797, "weETH": 25867980.725348122, "wsrUSD": 230.37266087996744, "CRV": 19968.520860997854, "mETH": 3563629.70548496, "WLFI": 367613109.38414246, "USDT": 107777.27449856326}, "Botanix": {"pBTC": 12039.615499748495, "oUSDT": 17.15248969398468, "USDC.e": 62941.300342110364, "WETH": 6.1025614950012566, "stBTC": 124871.8642859601}, "Mantle": {"USDC": 768.4802345522354, "USDT": 13740.236478287976, "dPT-mETH-26DEC2024": 309.52246629481795, "USDY": 411.953455008837, "USDe": 36.78091003182738, "dWMNT": 2.2718200368860098, "WMNT": 10095.029331121994, "dPT-cmETH-13FEB2025": 306.3024933062199, "dPT-USDe-25JUL2024": 11.165079787422387, "FBTC": 1406.6279212633817, "WBTC": 838.9654608134188, "mETH": 43986.85342831325, "WETH": 3630.3027220447484, "dPT-sMNT-3OCT2024": 19.684338619022856, "cmETH": 5373.299658062176, "dPT-USDe-26DEC2024": 61.900056475485584}, "Polygon zkEVM": {"USDT": 396.5440259908066, "POL": 24.37370165258883,