{"currentChainTvls": {"Berachain": 36036262.14811541, "Berachain-borrowed": 4899400.030537493, "Arbitrum": 19744362.08350203, "Arbitrum-borrowed": 8182705.024737019, "Ethereum": 526407635.4010607, "Ethereum-borrowed": 287472735.3110993, "Mantle": 83040.63832064779, "Mantle-borrowed": 13248.77552276368, "Polygon zkEVM": 7134.630963389269, "Polygon zkEVM-borrowed": 134.4725254795557, "X Layer": 922.6706865045943, "X Layer-borrowed": 179.70915740269163, "borrowed": 300568403.32357943}, "tokensInUsd": [{"tokens": {"WBTC": 7541781.034885664, "rUSD": 31961.521276193365, "DOLO": 540262.4756630338, "sWBERA": 316092.91138151457, "OHM": 96841.093535799, "NECT": 16984.134010066577, "pumpBTC.bera": 1937.1623030950357, "sUSDe": 49941.74619042051, "sUSDa": 2.5650367756000048, "WETH": 59952776.62519767, "rsETH": 368.03251829932293, "SolvBTC": 32230.690703634922, "srUSD": 831569.2441020309, "USDC.e": 4454376.451207459, "diBGT": 179439.49177795384, "USDe": 32741.715418111304, "pol-rUSD": 434.93348250532284, "eBTC": 388.1829359711704, "BYUSD": 89712.56134543501, "WBERA": 1336923.4035413847, "oriBGT": 462335.32950763265, "beraETH": 248519.31700694433, "USD\u20ae0": 661198.1530394824, "weETH": 19831225.625309043, "rswETH": 12142.842474967667, "SBTC": 11.494433640022791, "iBERA": 14356.111552037273, "IR": 122.99197775358441, "savUSD": 4200017.654640707, "ylstETH": 2.337739360987576, "HENLO": 55.400394587943005, "KDK": 2335.659809351997, "PT-iBGT-25DEC2025": 5.74123339162813, "uniBTC": 47804.9675562035, "SolvBTC.BBN": 114.81996974063138, "wgBERA": 1934.353536614149, "ylpumpBTC": 4.594793490004088, "ylBTCLST": 126.76393976105217, "STONE": 18655.815524274953, "LBTC": 31334.80529781731, "stBTC": 25741782.384404123, "HONEY": 447755.5422204289, "USDa": 2885.4385869267744, "dPT-GLP-26SEP2024": 15113.595364562727, "PENDLE": 407512.623387978, "JONES": 43.50127527135749, "dGLV [WETH-USDC]": 425707.5848692197, "dPT-ezETH-27JUN2024": 256.8116004228542, "dGM": 9426501.30648649, "dPT-wstETH-27JUN2024": 589.4523376669475, "dARB": 7394.775160417344, "ezETH": 35903.11054932595, "dPT-weETH-26DEC2024": 153.0748721936179, "RDNT": 710.6371105013369, "dfsGLP": 7.900252655449166, "GRAIL": 14683.092358681293, "dPT-weETH-26SEP2024": 81.19852415077315, "XAI": 1231.192709980077, "PREMIA": 2754.8211465055615, "MAGIC": 2813.0812240675627, "wstETH": 210823.12874214703, "dplvGLP": 136.33500999652261, "USDS": 3715.555637105127, "DPX": 7.337541804984554, "tBTC": 462.3187626348149, "dPT-weETH-27JUN2024": 665.2848517880947, "dGMX": 634844.9263816806, "dGLV [WBTC-USDC]": 474948.8966624525, "ARB": 215165.79824841296, "dPT-ezETH-26SEP2024": 3761.2320491259816, "dPT-weETH-25APR2024": 50.64822752788374, "USDC": 129844932.04808447, "AAVE": 12325.393256460482, "dPT-rETH-26JUN2025": 5.911822414352113, "dPT-rsETH-26SEP2024": 976.5518474376593, "WOETH": 24.97146628364447, "DAI": 33473.19120514679, "sUSDS": 20.16098736074597, "rETH": 40615.87463363264, "LINK": 701042.6096057893, "UNI": 1002516.1828587878, "GMX": 12013.620106951937, "USDT": 480933.42598997283, "MIM": 1406.0266995220213, "dPT-wstETH-26JUN2025": 30.311548883641855, "stcUSD": 19910.53279045335, "USD1": 192694274.22882652, "cbBTC": 30779.902573915944, "cUSD": 25.178368731959797, "wsrUSD": 230.37266087996744, "CRV": 19968.520860997854, "mETH": 3522199.27556871, "WLFI": 415291181.20667905, "dPT-mETH-26DEC2024": 309.52246629481795, "USDY": 411.85044455836885, "dWMNT": 2.2718200368860098, "WMNT": 9734.616771324067, "dPT-cmETH-13FEB2025": 306.3024933062199, "dPT-USDe-25JUL2024": 11.165079787422387, "FBTC": 1646.1963952750352, "dPT-sMNT-3OCT2024": 19.684338619022856, "cmETH": 6689.909410327725, "dPT-USDe-26DEC2024": 61.900056475485584, "POL": 24.37370165258883, "USDC.E": 1341.9329187198425, "MATIC": 412.57096720216725, "WOKB": 369.75811608119017}}], "chainTokensInUsd": {"Berachain": {"WBTC": 989032.0983675483, "rUSD": 31956.40184437698, "DOLO": 410394.5338997503, "sWBERA": 316092.91138151457, "OHM": 96841.093535799, "NECT": 16984.134010066577, "pumpBTC.bera": 1937.1623030950357, "sUSDe": 49374.093930200055, "sUSDa": 2.5650367756000048, "WETH": 821898.0643017705, "rsETH": 7.73323371733219, "SolvBTC": 32230.690703634922, "srUSD": 6032.680525010295, "USDC.e": 4332278.151528851, "diBGT": 179439.49177795384, "USDe": 30430.691268960836, "pol-rUSD": 434.93348250532284, "eBTC": 388.1829359711704, "BYUSD": 89712.56134543501, "WBERA": 1336923.4035413847, "oriBGT": 462335.32950763265, "beraETH": 248519.31700694433, "USD\u20ae0": 661198.1530394824, "weETH": 299917.3555501849, "rswETH": 12142.842474967667, "SBTC": 11.494433640022791, "iBERA": 14356.111552037273, "IR": 122.99197775358441, "savUSD": 4200017.654640707, "ylstETH": 2.337739360987576, "HENLO": 55.400394587943005, "KDK": 2335.659809351997, "PT-iBGT-25DEC2025": 5.74123339162813, "uniBTC": 47655.69206536822, "SolvBTC.BBN": 114.81996974063138, "wgBERA": 1934.353536614149, "ylpumpBTC": 4.594793490004088, "ylBTCLST": 126.76393976105217, "STONE": 18655.815524274953, "LBTC": 31334.80529781731, "stBTC": 25741782.384404123, "HONEY": 447755.5422204289, "USDa": 2885.4385869267744}, "Arbitrum": {"dPT-GLP-26SEP2024": 15113.595364562727, "PENDLE": 407512.623387978, "JONES": 43.50127527135749, "dGLV [WETH-USDC]": 425707.5848692197, "dPT-ezETH-27JUN2024": 256.8116004228542, "dGM": 9426501.30648649, "dPT-wstETH-27JUN2024": 589.4523376669475, "dARB": 7394.775160417344, "ezETH": 35903.11054932595, "dPT-weETH-26DEC2024": 153.0748721936179, "WBTC": 4142073.8722308157, "RDNT": 710.6371105013369, "dfsGLP": 7.900252655449166, "weETH": 30133.539338095496, "GRAIL": 14683.092358681293, "rsETH": 360.2992845819907, "dPT-weETH-26SEP2024": 81.19852415077315, "XAI": 1231.192709980077, "PREMIA": 2754.8211465055615, "MAGIC": 2813.0812240675627, "wstETH": 210823.12874214703, "dplvGLP": 136.33500999652261, "USDe": 2143.78781107073, "USDS": 3715.555637105127, "uniBTC": 149.27549083528163, "DPX": 7.337541804984554, "tBTC": 462.3187626348149, "dPT-weETH-27JUN2024": 665.2848517880947, "dGMX": 634844.9263816806, "dGLV [WBTC-USDC]": 474948.8966624525, "WETH": 5624064.021618563, "ARB": 215165.79824841296, "dPT-ezETH-26SEP2024": 3761.2320491259816, "dPT-weETH-25APR2024": 50.64822752788374, "USDC": 4086008.019933044, "AAVE": 12325.393256460482, "dPT-rETH-26JUN2025": 5.911822414352113, "dPT-rsETH-26SEP2024": 976.5518474376593, "WOETH": 24.97146628364447, "DAI": 33266.062114220316, "sUSDS": 20.16098736074597, "rETH": 40615.87463363264, "LINK": 691782.5500760949, "UNI": 1002516.1828587878, "GMX": 12013.620106951937, "USDT": 239013.15409061778, "MIM": 1406.0266995220213, "dPT-wstETH-26JUN2025": 30.311548883641855, "USDC.e": 122098.29967860831}, "Ethereum": {"rUSD": 5.119431816387696, "DOLO": 129867.94176328341, "WBTC": 2409834.368549482, "LINK": 9260.059529694352, "srUSD": 825536.5635770205, "stcUSD": 19910.53279045335, "USD1": 192694274.22882652, "sUSDe": 567.652260220454, "USDC": 125758101.49075688, "WETH": 53497667.06308469, "cbBTC": 30779.902573915944, "cUSD": 25.178368731959797, "weETH": 19501174.73042076, "wsrUSD": 230.37266087996744, "CRV": 19968.520860997854, "mETH": 3464311.659917466, "WLFI": 415291181.20667905, "USDT": 227674.12010808339}, "Mantle": {"USDC": 768.0796576362347, "USDT": 13688.145213214402, "dPT-mETH-26DEC2024": 309.52246629481795, "USDY": 411.85044455836885, "USDe": 167.23633807973755, "dWMNT": 2.2718200368860098, "WMNT": 9734.616771324067, "dPT-cmETH-13FEB2025": 306.3024933062199, "dPT-USDe-25JUL2024": 11.165079787422387, "FBTC": 1646.1963952750352, "WBTC": 838.9654608134188, "mETH": 57887.61565124418, "WETH": 3745.9522464184492, "dPT-sMNT-3OCT2024": 19.684338619022856, "cmETH": 6689.909410327725, "dPT-USDe-26DEC2024": 61.900056475485584}, "Polygon zkEVM": {"USDT": 396.5440259908066, "POL": 24.37370165258883, "USDC.E": 1341.9329187198425, "WETH": 4884.822507373056, "MATIC": 412.57096720216725, "DAI": 207.12909092647467, "WBTC": 1.7302770038885988}, "X Layer": {"USDT": 161.46255206648038, "WETH": 516.7014388535599,